2026-06-01 00:05:38 [HikariPool-1 housekeeper] WARN  com.zaxxer.hikari.pool.HikariPool - HikariPool-1 - Thread starvation or clock leap detected (housekeeper delta=30m24s197ms).
2026-06-01 00:24:05 [HikariPool-1 housekeeper] WARN  com.zaxxer.hikari.pool.HikariPool - HikariPool-1 - Thread starvation or clock leap detected (housekeeper delta=17m27s818ms).
2026-06-01 00:28:54 [HikariPool-1 housekeeper] WARN  com.zaxxer.hikari.pool.HikariPool - HikariPool-1 - Thread starvation or clock leap detected (housekeeper delta=3m48s690ms).
2026-06-01 00:34:09 [HikariPool-1 housekeeper] WARN  com.zaxxer.hikari.pool.HikariPool - HikariPool-1 - Thread starvation or clock leap detected (housekeeper delta=2m44s551ms).
2026-06-01 00:38:51 [HikariPool-1 housekeeper] WARN  com.zaxxer.hikari.pool.HikariPool - HikariPool-1 - Thread starvation or clock leap detected (housekeeper delta=1m12s218ms).
2026-06-01 00:56:01 [HikariPool-1 housekeeper] WARN  com.zaxxer.hikari.pool.HikariPool - HikariPool-1 - Thread starvation or clock leap detected (housekeeper delta=16m40s365ms).
2026-06-01 01:13:38 [HikariPool-1 housekeeper] WARN  com.zaxxer.hikari.pool.HikariPool - HikariPool-1 - Thread starvation or clock leap detected (housekeeper delta=17m6s951ms).
2026-06-01 01:31:26 [HikariPool-1 housekeeper] WARN  com.zaxxer.hikari.pool.HikariPool - HikariPool-1 - Thread starvation or clock leap detected (housekeeper delta=17m17s683ms).
2026-06-01 01:36:24 [HikariPool-1 housekeeper] WARN  com.zaxxer.hikari.pool.HikariPool - HikariPool-1 - Thread starvation or clock leap detected (housekeeper delta=4m58s333ms).
2026-06-01 03:46:21 [HikariPool-1 housekeeper] WARN  com.zaxxer.hikari.pool.HikariPool - HikariPool-1 - Thread starvation or clock leap detected (housekeeper delta=2h26s825ms).
2026-06-01 21:26:13 [restartedMain] INFO  com.ninimum.api.NinimumApplication - Starting NinimumApplication using Java 17.0.14 on Akmalui-MacBookPro.local with PID 3193 (/Users/akmalbukhariev/Projects/NinimumBackend/NinimumBackend/target/classes started by akmalbukhariev in /Users/akmalbukhariev/Projects/NinimumBackend/NinimumBackend)
2026-06-01 21:26:13 [restartedMain] INFO  com.ninimum.api.NinimumApplication - The following 1 profile is active: "default"
2026-06-01 21:26:14 [restartedMain] INFO  org.springframework.boot.devtools.env.DevToolsPropertyDefaultsPostProcessor - Devtools property defaults active! Set 'spring.devtools.add-properties' to 'false' to disable
2026-06-01 21:26:14 [restartedMain] INFO  org.springframework.boot.devtools.env.DevToolsPropertyDefaultsPostProcessor - For additional web related logging consider setting the 'logging.level.web' property to 'DEBUG'
2026-06-01 21:26:16 [restartedMain] INFO  org.springframework.data.repository.config.RepositoryConfigurationDelegate - Bootstrapping Spring Data JDBC repositories in DEFAULT mode.
2026-06-01 21:26:16 [restartedMain] INFO  org.springframework.data.repository.config.RepositoryConfigurationDelegate - Finished Spring Data repository scanning in 42 ms. Found 0 JDBC repository interfaces.
2026-06-01 21:26:16 [restartedMain] INFO  com.ulisesbocchio.jasyptspringboot.configuration.EnableEncryptablePropertiesBeanFactoryPostProcessor - Post-processing PropertySource instances
2026-06-01 21:26:16 [restartedMain] INFO  com.ulisesbocchio.jasyptspringboot.EncryptablePropertySourceConverter - Skipping PropertySource configurationProperties [class org.springframework.boot.context.properties.source.ConfigurationPropertySourcesPropertySource
2026-06-01 21:26:16 [restartedMain] INFO  com.ulisesbocchio.jasyptspringboot.EncryptablePropertySourceConverter - Skipping PropertySource servletConfigInitParams [class org.springframework.core.env.PropertySource$StubPropertySource
2026-06-01 21:26:16 [restartedMain] INFO  com.ulisesbocchio.jasyptspringboot.EncryptablePropertySourceConverter - Skipping PropertySource servletContextInitParams [class org.springframework.core.env.PropertySource$StubPropertySource
2026-06-01 21:26:16 [restartedMain] INFO  com.ulisesbocchio.jasyptspringboot.EncryptablePropertySourceConverter - Converting PropertySource systemProperties [org.springframework.core.env.PropertiesPropertySource] to EncryptableMapPropertySourceWrapper
2026-06-01 21:26:16 [restartedMain] INFO  com.ulisesbocchio.jasyptspringboot.EncryptablePropertySourceConverter - Converting PropertySource systemEnvironment [org.springframework.boot.env.SystemEnvironmentPropertySourceEnvironmentPostProcessor$OriginAwareSystemEnvironmentPropertySource] to EncryptableSystemEnvironmentPropertySourceWrapper
2026-06-01 21:26:16 [restartedMain] INFO  com.ulisesbocchio.jasyptspringboot.EncryptablePropertySourceConverter - Converting PropertySource random [org.springframework.boot.env.RandomValuePropertySource] to EncryptablePropertySourceWrapper
2026-06-01 21:26:16 [restartedMain] INFO  com.ulisesbocchio.jasyptspringboot.EncryptablePropertySourceConverter - Converting PropertySource Config resource 'class path resource [application.yaml]' via location 'optional:classpath:/' [org.springframework.boot.env.OriginTrackedMapPropertySource] to EncryptableMapPropertySourceWrapper
2026-06-01 21:26:16 [restartedMain] INFO  com.ulisesbocchio.jasyptspringboot.EncryptablePropertySourceConverter - Converting PropertySource devtools [org.springframework.core.env.MapPropertySource] to EncryptableMapPropertySourceWrapper
2026-06-01 21:26:17 [restartedMain] INFO  com.ulisesbocchio.jasyptspringboot.filter.DefaultLazyPropertyFilter - Property Filter custom Bean not found with name 'encryptablePropertyFilter'. Initializing Default Property Filter
2026-06-01 21:26:17 [restartedMain] INFO  com.ulisesbocchio.jasyptspringboot.resolver.DefaultLazyPropertyResolver - Property Resolver custom Bean not found with name 'encryptablePropertyResolver'. Initializing Default Property Resolver
2026-06-01 21:26:17 [restartedMain] INFO  com.ulisesbocchio.jasyptspringboot.detector.DefaultLazyPropertyDetector - Property Detector custom Bean not found with name 'encryptablePropertyDetector'. Initializing Default Property Detector
2026-06-01 21:26:17 [restartedMain] INFO  org.springframework.boot.web.embedded.tomcat.TomcatWebServer - Tomcat initialized with port(s): 8083 (http)
2026-06-01 21:26:17 [restartedMain] INFO  org.springframework.boot.web.servlet.context.ServletWebServerApplicationContext - Root WebApplicationContext: initialization completed in 3785 ms
2026-06-01 21:26:20 [restartedMain] INFO  org.springframework.boot.actuate.endpoint.web.EndpointLinksResolver - Exposing 2 endpoint(s) beneath base path '/actuator'
2026-06-01 21:26:20 [restartedMain] INFO  org.springframework.security.web.DefaultSecurityFilterChain - Will secure any request with [org.springframework.security.web.session.DisableEncodeUrlFilter@67b3be5c, org.springframework.security.web.context.request.async.WebAsyncManagerIntegrationFilter@1d442b96, org.springframework.security.web.context.SecurityContextPersistenceFilter@5bad4335, org.springframework.security.web.header.HeaderWriterFilter@3a378692, org.springframework.web.filter.CorsFilter@ccadbd7, org.springframework.security.web.authentication.logout.LogoutFilter@4061a092, com.ninimum.api.security.jwt.JwtAuthenticationFilter@5c493eab, com.ninimum.api.security.filter.UserAuthenticationFilter@26f22a20, com.ninimum.api.security.filter.AdminAuthenticationFilter@1a56bdf3, org.springframework.security.web.savedrequest.RequestCacheAwareFilter@5933e992, org.springframework.security.web.servletapi.SecurityContextHolderAwareRequestFilter@62cc1d46, org.springframework.security.web.authentication.AnonymousAuthenticationFilter@4018c90d, org.springframework.security.web.session.SessionManagementFilter@7d6b606b, org.springframework.security.web.access.ExceptionTranslationFilter@db51dc7, org.springframework.security.web.access.intercept.AuthorizationFilter@3ca8d4a8]
2026-06-01 21:26:20 [restartedMain] WARN  org.springframework.security.config.annotation.web.builders.WebSecurity - You are asking Spring Security to ignore Ant [pattern='/**/webjars/**']. This is not recommended -- please use permitAll via HttpSecurity#authorizeHttpRequests instead.
2026-06-01 21:26:20 [restartedMain] INFO  org.springframework.security.web.DefaultSecurityFilterChain - Will not secure Ant [pattern='/**/webjars/**']
2026-06-01 21:26:20 [restartedMain] WARN  org.springframework.security.config.annotation.web.builders.WebSecurity - You are asking Spring Security to ignore Ant [pattern='/uploads/**']. This is not recommended -- please use permitAll via HttpSecurity#authorizeHttpRequests instead.
2026-06-01 21:26:20 [restartedMain] INFO  org.springframework.security.web.DefaultSecurityFilterChain - Will not secure Ant [pattern='/uploads/**']
2026-06-01 21:26:20 [restartedMain] WARN  org.springframework.security.config.annotation.web.builders.WebSecurity - You are asking Spring Security to ignore Ant [pattern='/v2/api-docs']. This is not recommended -- please use permitAll via HttpSecurity#authorizeHttpRequests instead.
2026-06-01 21:26:20 [restartedMain] INFO  org.springframework.security.web.DefaultSecurityFilterChain - Will not secure Ant [pattern='/v2/api-docs']
2026-06-01 21:26:20 [restartedMain] WARN  org.springframework.security.config.annotation.web.builders.WebSecurity - You are asking Spring Security to ignore Ant [pattern='/swagger-resources']. This is not recommended -- please use permitAll via HttpSecurity#authorizeHttpRequests instead.
2026-06-01 21:26:20 [restartedMain] INFO  org.springframework.security.web.DefaultSecurityFilterChain - Will not secure Ant [pattern='/swagger-resources']
2026-06-01 21:26:20 [restartedMain] WARN  org.springframework.security.config.annotation.web.builders.WebSecurity - You are asking Spring Security to ignore Ant [pattern='/swagger-resources/**']. This is not recommended -- please use permitAll via HttpSecurity#authorizeHttpRequests instead.
2026-06-01 21:26:20 [restartedMain] INFO  org.springframework.security.web.DefaultSecurityFilterChain - Will not secure Ant [pattern='/swagger-resources/**']
2026-06-01 21:26:20 [restartedMain] WARN  org.springframework.security.config.annotation.web.builders.WebSecurity - You are asking Spring Security to ignore Ant [pattern='/configuration/ui']. This is not recommended -- please use permitAll via HttpSecurity#authorizeHttpRequests instead.
2026-06-01 21:26:20 [restartedMain] INFO  org.springframework.security.web.DefaultSecurityFilterChain - Will not secure Ant [pattern='/configuration/ui']
2026-06-01 21:26:20 [restartedMain] WARN  org.springframework.security.config.annotation.web.builders.WebSecurity - You are asking Spring Security to ignore Ant [pattern='/configuration/security']. This is not recommended -- please use permitAll via HttpSecurity#authorizeHttpRequests instead.
2026-06-01 21:26:20 [restartedMain] INFO  org.springframework.security.web.DefaultSecurityFilterChain - Will not secure Ant [pattern='/configuration/security']
2026-06-01 21:26:20 [restartedMain] WARN  org.springframework.security.config.annotation.web.builders.WebSecurity - You are asking Spring Security to ignore Ant [pattern='/swagger-ui/**']. This is not recommended -- please use permitAll via HttpSecurity#authorizeHttpRequests instead.
2026-06-01 21:26:20 [restartedMain] INFO  org.springframework.security.web.DefaultSecurityFilterChain - Will not secure Ant [pattern='/swagger-ui/**']
2026-06-01 21:26:20 [restartedMain] WARN  org.springframework.security.config.annotation.web.builders.WebSecurity - You are asking Spring Security to ignore Ant [pattern='/webjars/**']. This is not recommended -- please use permitAll via HttpSecurity#authorizeHttpRequests instead.
2026-06-01 21:26:20 [restartedMain] INFO  org.springframework.security.web.DefaultSecurityFilterChain - Will not secure Ant [pattern='/webjars/**']
2026-06-01 21:26:20 [restartedMain] WARN  org.springframework.security.config.annotation.web.builders.WebSecurity - You are asking Spring Security to ignore Ant [pattern='/v3/api-docs/**']. This is not recommended -- please use permitAll via HttpSecurity#authorizeHttpRequests instead.
2026-06-01 21:26:20 [restartedMain] INFO  org.springframework.security.web.DefaultSecurityFilterChain - Will not secure Ant [pattern='/v3/api-docs/**']
2026-06-01 21:26:20 [restartedMain] WARN  org.springframework.security.config.annotation.web.builders.WebSecurity - You are asking Spring Security to ignore Ant [pattern='/actuator/health/**']. This is not recommended -- please use permitAll via HttpSecurity#authorizeHttpRequests instead.
2026-06-01 21:26:20 [restartedMain] INFO  org.springframework.security.web.DefaultSecurityFilterChain - Will not secure Ant [pattern='/actuator/health/**']
2026-06-01 21:26:20 [restartedMain] WARN  org.springframework.security.config.annotation.web.builders.WebSecurity - You are asking Spring Security to ignore Ant [pattern='/actuator/info']. This is not recommended -- please use permitAll via HttpSecurity#authorizeHttpRequests instead.
2026-06-01 21:26:20 [restartedMain] INFO  org.springframework.security.web.DefaultSecurityFilterChain - Will not secure Ant [pattern='/actuator/info']
2026-06-01 21:26:20 [restartedMain] WARN  org.springframework.security.config.annotation.web.builders.WebSecurity - You are asking Spring Security to ignore Ant [pattern='/ninimum/actuator/**']. This is not recommended -- please use permitAll via HttpSecurity#authorizeHttpRequests instead.
2026-06-01 21:26:20 [restartedMain] INFO  org.springframework.security.web.DefaultSecurityFilterChain - Will not secure Ant [pattern='/ninimum/actuator/**']
2026-06-01 21:26:20 [restartedMain] WARN  org.springframework.security.config.annotation.web.builders.WebSecurity - You are asking Spring Security to ignore Ant [pattern='/api/v1/status']. This is not recommended -- please use permitAll via HttpSecurity#authorizeHttpRequests instead.
2026-06-01 21:26:20 [restartedMain] INFO  org.springframework.security.web.DefaultSecurityFilterChain - Will not secure Ant [pattern='/api/v1/status']
2026-06-01 21:26:20 [restartedMain] WARN  org.springframework.security.config.annotation.web.builders.WebSecurity - You are asking Spring Security to ignore Ant [pattern='/ninimum/api/v1/status']. This is not recommended -- please use permitAll via HttpSecurity#authorizeHttpRequests instead.
2026-06-01 21:26:20 [restartedMain] INFO  org.springframework.security.web.DefaultSecurityFilterChain - Will not secure Ant [pattern='/ninimum/api/v1/status']
2026-06-01 21:26:20 [restartedMain] WARN  org.springframework.security.config.annotation.web.builders.WebSecurity - You are asking Spring Security to ignore Ant [pattern='/ninimum/api/v1/user/checkPhoneNumber']. This is not recommended -- please use permitAll via HttpSecurity#authorizeHttpRequests instead.
2026-06-01 21:26:20 [restartedMain] INFO  org.springframework.security.web.DefaultSecurityFilterChain - Will not secure Ant [pattern='/ninimum/api/v1/user/checkPhoneNumber']
2026-06-01 21:26:20 [restartedMain] WARN  org.springframework.security.config.annotation.web.builders.WebSecurity - You are asking Spring Security to ignore Ant [pattern='/ninimum/api/v1/user/register']. This is not recommended -- please use permitAll via HttpSecurity#authorizeHttpRequests instead.
2026-06-01 21:26:20 [restartedMain] INFO  org.springframework.security.web.DefaultSecurityFilterChain - Will not secure Ant [pattern='/ninimum/api/v1/user/register']
2026-06-01 21:26:20 [restartedMain] WARN  org.springframework.security.config.annotation.web.builders.WebSecurity - You are asking Spring Security to ignore Ant [pattern='/ninimum/api/v1/message/verifyPhoneNumber']. This is not recommended -- please use permitAll via HttpSecurity#authorizeHttpRequests instead.
2026-06-01 21:26:20 [restartedMain] INFO  org.springframework.security.web.DefaultSecurityFilterChain - Will not secure Ant [pattern='/ninimum/api/v1/message/verifyPhoneNumber']
2026-06-01 21:26:20 [restartedMain] WARN  org.springframework.security.config.annotation.web.builders.WebSecurity - You are asking Spring Security to ignore Ant [pattern='/error']. This is not recommended -- please use permitAll via HttpSecurity#authorizeHttpRequests instead.
2026-06-01 21:26:20 [restartedMain] INFO  org.springframework.security.web.DefaultSecurityFilterChain - Will not secure Ant [pattern='/error']
2026-06-01 21:26:20 [restartedMain] INFO  com.zaxxer.hikari.HikariDataSource - HikariPool-1 - Starting...
2026-06-01 21:26:22 [restartedMain] INFO  com.zaxxer.hikari.HikariDataSource - HikariPool-1 - Start completed.
2026-06-01 21:26:22 [restartedMain] INFO  org.springframework.boot.devtools.autoconfigure.OptionalLiveReloadServer - LiveReload server is running on port 35729
2026-06-01 21:26:22 [restartedMain] INFO  org.springframework.boot.web.embedded.tomcat.TomcatWebServer - Tomcat started on port(s): 8083 (http) with context path ''
2026-06-01 21:26:22 [restartedMain] INFO  com.ulisesbocchio.jasyptspringboot.caching.RefreshScopeRefreshedEventListener - Refreshing cached encryptable property sources on ServletWebServerInitializedEvent
2026-06-01 21:26:22 [restartedMain] INFO  com.ulisesbocchio.jasyptspringboot.caching.CachingDelegateEncryptablePropertySource - Property Source systemProperties refreshed
2026-06-01 21:26:22 [restartedMain] INFO  com.ulisesbocchio.jasyptspringboot.caching.CachingDelegateEncryptablePropertySource - Property Source systemEnvironment refreshed
2026-06-01 21:26:22 [restartedMain] INFO  com.ulisesbocchio.jasyptspringboot.caching.CachingDelegateEncryptablePropertySource - Property Source random refreshed
2026-06-01 21:26:22 [restartedMain] INFO  com.ulisesbocchio.jasyptspringboot.caching.CachingDelegateEncryptablePropertySource - Property Source Config resource 'class path resource [application.yaml]' via location 'optional:classpath:/' refreshed
2026-06-01 21:26:22 [restartedMain] INFO  com.ulisesbocchio.jasyptspringboot.caching.CachingDelegateEncryptablePropertySource - Property Source devtools refreshed
2026-06-01 21:26:22 [restartedMain] INFO  com.ulisesbocchio.jasyptspringboot.EncryptablePropertySourceConverter - Converting PropertySource server.ports [org.springframework.core.env.MapPropertySource] to EncryptableMapPropertySourceWrapper
2026-06-01 21:26:22 [restartedMain] INFO  com.ulisesbocchio.jasyptspringboot.EncryptablePropertySourceConverter - Skipping PropertySource configurationProperties [class org.springframework.boot.context.properties.source.ConfigurationPropertySourcesPropertySource
2026-06-01 21:26:22 [restartedMain] INFO  com.ulisesbocchio.jasyptspringboot.EncryptablePropertySourceConverter - Skipping PropertySource servletConfigInitParams [class org.springframework.core.env.PropertySource$StubPropertySource
2026-06-01 21:26:22 [restartedMain] INFO  com.ulisesbocchio.jasyptspringboot.EncryptablePropertySourceConverter - Converting PropertySource servletContextInitParams [org.springframework.web.context.support.ServletContextPropertySource] to EncryptableEnumerablePropertySourceWrapper
2026-06-01 21:26:22 [restartedMain] INFO  com.ulisesbocchio.jasyptspringboot.EncryptablePropertySourceConverter - Converting PropertySource Management Server [org.springframework.boot.actuate.autoconfigure.web.server.ManagementContextAutoConfiguration$SameManagementContextConfiguration$1] to EncryptablePropertySourceWrapper
2026-06-01 21:26:22 [restartedMain] INFO  com.ninimum.api.NinimumApplication - Started NinimumApplication in 11.527 seconds (JVM running for 16.094)
2026-06-01 21:27:00 [http-nio-0.0.0.0-8083-exec-1] INFO  org.springframework.web.servlet.DispatcherServlet - Initializing Servlet 'dispatcherServlet'
2026-06-01 21:27:00 [http-nio-0.0.0.0-8083-exec-1] INFO  org.springframework.web.servlet.DispatcherServlet - Completed initialization in 3 ms
2026-06-01 21:27:01 [http-nio-0.0.0.0-8083-exec-6] INFO  org.springdoc.api.AbstractOpenApiResource - Init duration for springdoc-openapi is: 882 ms
2026-06-01 21:29:16 [SpringApplicationShutdownHook] INFO  com.zaxxer.hikari.HikariDataSource - HikariPool-1 - Shutdown initiated...
2026-06-01 21:29:16 [SpringApplicationShutdownHook] INFO  com.zaxxer.hikari.HikariDataSource - HikariPool-1 - Shutdown completed.
2026-06-01 21:30:41 [restartedMain] INFO  com.ninimum.api.NinimumApplication - Starting NinimumApplication using Java 17.0.14 on Akmalui-MacBookPro.local with PID 3571 (/Users/akmalbukhariev/Projects/NinimumBackend/NinimumBackend/target/classes started by akmalbukhariev in /Users/akmalbukhariev/Projects/NinimumBackend/NinimumBackend)
2026-06-01 21:30:41 [restartedMain] INFO  com.ninimum.api.NinimumApplication - The following 1 profile is active: "default"
2026-06-01 21:30:41 [restartedMain] INFO  org.springframework.boot.devtools.env.DevToolsPropertyDefaultsPostProcessor - Devtools property defaults active! Set 'spring.devtools.add-properties' to 'false' to disable
2026-06-01 21:30:41 [restartedMain] INFO  org.springframework.boot.devtools.env.DevToolsPropertyDefaultsPostProcessor - For additional web related logging consider setting the 'logging.level.web' property to 'DEBUG'
2026-06-01 21:30:42 [restartedMain] INFO  org.springframework.data.repository.config.RepositoryConfigurationDelegate - Bootstrapping Spring Data JDBC repositories in DEFAULT mode.
2026-06-01 21:30:42 [restartedMain] INFO  org.springframework.data.repository.config.RepositoryConfigurationDelegate - Finished Spring Data repository scanning in 36 ms. Found 0 JDBC repository interfaces.
2026-06-01 21:30:42 [restartedMain] INFO  com.ulisesbocchio.jasyptspringboot.configuration.EnableEncryptablePropertiesBeanFactoryPostProcessor - Post-processing PropertySource instances
2026-06-01 21:30:42 [restartedMain] INFO  com.ulisesbocchio.jasyptspringboot.EncryptablePropertySourceConverter - Skipping PropertySource configurationProperties [class org.springframework.boot.context.properties.source.ConfigurationPropertySourcesPropertySource
2026-06-01 21:30:42 [restartedMain] INFO  com.ulisesbocchio.jasyptspringboot.EncryptablePropertySourceConverter - Skipping PropertySource servletConfigInitParams [class org.springframework.core.env.PropertySource$StubPropertySource
2026-06-01 21:30:42 [restartedMain] INFO  com.ulisesbocchio.jasyptspringboot.EncryptablePropertySourceConverter - Skipping PropertySource servletContextInitParams [class org.springframework.core.env.PropertySource$StubPropertySource
2026-06-01 21:30:42 [restartedMain] INFO  com.ulisesbocchio.jasyptspringboot.EncryptablePropertySourceConverter - Converting PropertySource systemProperties [org.springframework.core.env.PropertiesPropertySource] to EncryptableMapPropertySourceWrapper
2026-06-01 21:30:42 [restartedMain] INFO  com.ulisesbocchio.jasyptspringboot.EncryptablePropertySourceConverter - Converting PropertySource systemEnvironment [org.springframework.boot.env.SystemEnvironmentPropertySourceEnvironmentPostProcessor$OriginAwareSystemEnvironmentPropertySource] to EncryptableSystemEnvironmentPropertySourceWrapper
2026-06-01 21:30:42 [restartedMain] INFO  com.ulisesbocchio.jasyptspringboot.EncryptablePropertySourceConverter - Converting PropertySource random [org.springframework.boot.env.RandomValuePropertySource] to EncryptablePropertySourceWrapper
2026-06-01 21:30:42 [restartedMain] INFO  com.ulisesbocchio.jasyptspringboot.EncryptablePropertySourceConverter - Converting PropertySource Config resource 'class path resource [application.yaml]' via location 'optional:classpath:/' [org.springframework.boot.env.OriginTrackedMapPropertySource] to EncryptableMapPropertySourceWrapper
2026-06-01 21:30:42 [restartedMain] INFO  com.ulisesbocchio.jasyptspringboot.EncryptablePropertySourceConverter - Converting PropertySource devtools [org.springframework.core.env.MapPropertySource] to EncryptableMapPropertySourceWrapper
2026-06-01 21:30:43 [restartedMain] INFO  com.ulisesbocchio.jasyptspringboot.filter.DefaultLazyPropertyFilter - Property Filter custom Bean not found with name 'encryptablePropertyFilter'. Initializing Default Property Filter
2026-06-01 21:30:43 [restartedMain] INFO  com.ulisesbocchio.jasyptspringboot.resolver.DefaultLazyPropertyResolver - Property Resolver custom Bean not found with name 'encryptablePropertyResolver'. Initializing Default Property Resolver
2026-06-01 21:30:43 [restartedMain] INFO  com.ulisesbocchio.jasyptspringboot.detector.DefaultLazyPropertyDetector - Property Detector custom Bean not found with name 'encryptablePropertyDetector'. Initializing Default Property Detector
2026-06-01 21:30:43 [restartedMain] INFO  org.springframework.boot.web.embedded.tomcat.TomcatWebServer - Tomcat initialized with port(s): 8083 (http)
2026-06-01 21:30:43 [restartedMain] INFO  org.springframework.boot.web.servlet.context.ServletWebServerApplicationContext - Root WebApplicationContext: initialization completed in 2243 ms
2026-06-01 21:30:45 [restartedMain] INFO  org.springframework.boot.actuate.endpoint.web.EndpointLinksResolver - Exposing 2 endpoint(s) beneath base path '/actuator'
2026-06-01 21:30:45 [restartedMain] INFO  org.springframework.security.web.DefaultSecurityFilterChain - Will secure any request with [org.springframework.security.web.session.DisableEncodeUrlFilter@635c023b, org.springframework.security.web.context.request.async.WebAsyncManagerIntegrationFilter@1e0fceb2, org.springframework.security.web.context.SecurityContextPersistenceFilter@5b9ea44f, org.springframework.security.web.header.HeaderWriterFilter@2bcc6300, org.springframework.web.filter.CorsFilter@36d3dc1e, org.springframework.security.web.authentication.logout.LogoutFilter@42c20c0c, com.ninimum.api.security.jwt.JwtAuthenticationFilter@d2220d1, com.ninimum.api.security.filter.UserAuthenticationFilter@e6cb694, com.ninimum.api.security.filter.AdminAuthenticationFilter@6ef693b5, org.springframework.security.web.savedrequest.RequestCacheAwareFilter@3c0b2193, org.springframework.security.web.servletapi.SecurityContextHolderAwareRequestFilter@25e2e6f, org.springframework.security.web.authentication.AnonymousAuthenticationFilter@46ed9159, org.springframework.security.web.session.SessionManagementFilter@1f88bf90, org.springframework.security.web.access.ExceptionTranslationFilter@84c35e0, org.springframework.security.web.access.intercept.AuthorizationFilter@dde1e1c]
2026-06-01 21:30:45 [restartedMain] WARN  org.springframework.security.config.annotation.web.builders.WebSecurity - You are asking Spring Security to ignore Ant [pattern='/**/webjars/**']. This is not recommended -- please use permitAll via HttpSecurity#authorizeHttpRequests instead.
2026-06-01 21:30:45 [restartedMain] INFO  org.springframework.security.web.DefaultSecurityFilterChain - Will not secure Ant [pattern='/**/webjars/**']
2026-06-01 21:30:45 [restartedMain] WARN  org.springframework.security.config.annotation.web.builders.WebSecurity - You are asking Spring Security to ignore Ant [pattern='/uploads/**']. This is not recommended -- please use permitAll via HttpSecurity#authorizeHttpRequests instead.
2026-06-01 21:30:45 [restartedMain] INFO  org.springframework.security.web.DefaultSecurityFilterChain - Will not secure Ant [pattern='/uploads/**']
2026-06-01 21:30:45 [restartedMain] WARN  org.springframework.security.config.annotation.web.builders.WebSecurity - You are asking Spring Security to ignore Ant [pattern='/v2/api-docs']. This is not recommended -- please use permitAll via HttpSecurity#authorizeHttpRequests instead.
2026-06-01 21:30:45 [restartedMain] INFO  org.springframework.security.web.DefaultSecurityFilterChain - Will not secure Ant [pattern='/v2/api-docs']
2026-06-01 21:30:45 [restartedMain] WARN  org.springframework.security.config.annotation.web.builders.WebSecurity - You are asking Spring Security to ignore Ant [pattern='/swagger-resources']. This is not recommended -- please use permitAll via HttpSecurity#authorizeHttpRequests instead.
2026-06-01 21:30:45 [restartedMain] INFO  org.springframework.security.web.DefaultSecurityFilterChain - Will not secure Ant [pattern='/swagger-resources']
2026-06-01 21:30:45 [restartedMain] WARN  org.springframework.security.config.annotation.web.builders.WebSecurity - You are asking Spring Security to ignore Ant [pattern='/swagger-resources/**']. This is not recommended -- please use permitAll via HttpSecurity#authorizeHttpRequests instead.
2026-06-01 21:30:45 [restartedMain] INFO  org.springframework.security.web.DefaultSecurityFilterChain - Will not secure Ant [pattern='/swagger-resources/**']
2026-06-01 21:30:45 [restartedMain] WARN  org.springframework.security.config.annotation.web.builders.WebSecurity - You are asking Spring Security to ignore Ant [pattern='/configuration/ui']. This is not recommended -- please use permitAll via HttpSecurity#authorizeHttpRequests instead.
2026-06-01 21:30:45 [restartedMain] INFO  org.springframework.security.web.DefaultSecurityFilterChain - Will not secure Ant [pattern='/configuration/ui']
2026-06-01 21:30:45 [restartedMain] WARN  org.springframework.security.config.annotation.web.builders.WebSecurity - You are asking Spring Security to ignore Ant [pattern='/configuration/security']. This is not recommended -- please use permitAll via HttpSecurity#authorizeHttpRequests instead.
2026-06-01 21:30:45 [restartedMain] INFO  org.springframework.security.web.DefaultSecurityFilterChain - Will not secure Ant [pattern='/configuration/security']
2026-06-01 21:30:45 [restartedMain] WARN  org.springframework.security.config.annotation.web.builders.WebSecurity - You are asking Spring Security to ignore Ant [pattern='/swagger-ui/**']. This is not recommended -- please use permitAll via HttpSecurity#authorizeHttpRequests instead.
2026-06-01 21:30:45 [restartedMain] INFO  org.springframework.security.web.DefaultSecurityFilterChain - Will not secure Ant [pattern='/swagger-ui/**']
2026-06-01 21:30:45 [restartedMain] WARN  org.springframework.security.config.annotation.web.builders.WebSecurity - You are asking Spring Security to ignore Ant [pattern='/webjars/**']. This is not recommended -- please use permitAll via HttpSecurity#authorizeHttpRequests instead.
2026-06-01 21:30:45 [restartedMain] INFO  org.springframework.security.web.DefaultSecurityFilterChain - Will not secure Ant [pattern='/webjars/**']
2026-06-01 21:30:45 [restartedMain] WARN  org.springframework.security.config.annotation.web.builders.WebSecurity - You are asking Spring Security to ignore Ant [pattern='/v3/api-docs/**']. This is not recommended -- please use permitAll via HttpSecurity#authorizeHttpRequests instead.
2026-06-01 21:30:45 [restartedMain] INFO  org.springframework.security.web.DefaultSecurityFilterChain - Will not secure Ant [pattern='/v3/api-docs/**']
2026-06-01 21:30:45 [restartedMain] WARN  org.springframework.security.config.annotation.web.builders.WebSecurity - You are asking Spring Security to ignore Ant [pattern='/actuator/health/**']. This is not recommended -- please use permitAll via HttpSecurity#authorizeHttpRequests instead.
2026-06-01 21:30:45 [restartedMain] INFO  org.springframework.security.web.DefaultSecurityFilterChain - Will not secure Ant [pattern='/actuator/health/**']
2026-06-01 21:30:45 [restartedMain] WARN  org.springframework.security.config.annotation.web.builders.WebSecurity - You are asking Spring Security to ignore Ant [pattern='/actuator/info']. This is not recommended -- please use permitAll via HttpSecurity#authorizeHttpRequests instead.
2026-06-01 21:30:45 [restartedMain] INFO  org.springframework.security.web.DefaultSecurityFilterChain - Will not secure Ant [pattern='/actuator/info']
2026-06-01 21:30:45 [restartedMain] WARN  org.springframework.security.config.annotation.web.builders.WebSecurity - You are asking Spring Security to ignore Ant [pattern='/ninimum/actuator/**']. This is not recommended -- please use permitAll via HttpSecurity#authorizeHttpRequests instead.
2026-06-01 21:30:45 [restartedMain] INFO  org.springframework.security.web.DefaultSecurityFilterChain - Will not secure Ant [pattern='/ninimum/actuator/**']
2026-06-01 21:30:45 [restartedMain] WARN  org.springframework.security.config.annotation.web.builders.WebSecurity - You are asking Spring Security to ignore Ant [pattern='/api/v1/status']. This is not recommended -- please use permitAll via HttpSecurity#authorizeHttpRequests instead.
2026-06-01 21:30:45 [restartedMain] INFO  org.springframework.security.web.DefaultSecurityFilterChain - Will not secure Ant [pattern='/api/v1/status']
2026-06-01 21:30:45 [restartedMain] WARN  org.springframework.security.config.annotation.web.builders.WebSecurity - You are asking Spring Security to ignore Ant [pattern='/ninimum/api/v1/status']. This is not recommended -- please use permitAll via HttpSecurity#authorizeHttpRequests instead.
2026-06-01 21:30:45 [restartedMain] INFO  org.springframework.security.web.DefaultSecurityFilterChain - Will not secure Ant [pattern='/ninimum/api/v1/status']
2026-06-01 21:30:45 [restartedMain] WARN  org.springframework.security.config.annotation.web.builders.WebSecurity - You are asking Spring Security to ignore Ant [pattern='/ninimum/api/v1/user/checkPhoneNumber']. This is not recommended -- please use permitAll via HttpSecurity#authorizeHttpRequests instead.
2026-06-01 21:30:45 [restartedMain] INFO  org.springframework.security.web.DefaultSecurityFilterChain - Will not secure Ant [pattern='/ninimum/api/v1/user/checkPhoneNumber']
2026-06-01 21:30:45 [restartedMain] WARN  org.springframework.security.config.annotation.web.builders.WebSecurity - You are asking Spring Security to ignore Ant [pattern='/ninimum/api/v1/user/register']. This is not recommended -- please use permitAll via HttpSecurity#authorizeHttpRequests instead.
2026-06-01 21:30:45 [restartedMain] INFO  org.springframework.security.web.DefaultSecurityFilterChain - Will not secure Ant [pattern='/ninimum/api/v1/user/register']
2026-06-01 21:30:45 [restartedMain] WARN  org.springframework.security.config.annotation.web.builders.WebSecurity - You are asking Spring Security to ignore Ant [pattern='/ninimum/api/v1/message/verifyPhoneNumber']. This is not recommended -- please use permitAll via HttpSecurity#authorizeHttpRequests instead.
2026-06-01 21:30:45 [restartedMain] INFO  org.springframework.security.web.DefaultSecurityFilterChain - Will not secure Ant [pattern='/ninimum/api/v1/message/verifyPhoneNumber']
2026-06-01 21:30:45 [restartedMain] WARN  org.springframework.security.config.annotation.web.builders.WebSecurity - You are asking Spring Security to ignore Ant [pattern='/error']. This is not recommended -- please use permitAll via HttpSecurity#authorizeHttpRequests instead.
2026-06-01 21:30:45 [restartedMain] INFO  org.springframework.security.web.DefaultSecurityFilterChain - Will not secure Ant [pattern='/error']
2026-06-01 21:30:46 [restartedMain] INFO  com.zaxxer.hikari.HikariDataSource - HikariPool-1 - Starting...
2026-06-01 21:30:47 [restartedMain] INFO  com.zaxxer.hikari.HikariDataSource - HikariPool-1 - Start completed.
2026-06-01 21:30:48 [restartedMain] INFO  org.springframework.boot.devtools.autoconfigure.OptionalLiveReloadServer - LiveReload server is running on port 35729
2026-06-01 21:30:48 [restartedMain] INFO  org.springframework.boot.web.embedded.tomcat.TomcatWebServer - Tomcat started on port(s): 8083 (http) with context path ''
2026-06-01 21:30:48 [restartedMain] INFO  com.ulisesbocchio.jasyptspringboot.caching.RefreshScopeRefreshedEventListener - Refreshing cached encryptable property sources on ServletWebServerInitializedEvent
2026-06-01 21:30:48 [restartedMain] INFO  com.ulisesbocchio.jasyptspringboot.caching.CachingDelegateEncryptablePropertySource - Property Source systemProperties refreshed
2026-06-01 21:30:48 [restartedMain] INFO  com.ulisesbocchio.jasyptspringboot.caching.CachingDelegateEncryptablePropertySource - Property Source systemEnvironment refreshed
2026-06-01 21:30:48 [restartedMain] INFO  com.ulisesbocchio.jasyptspringboot.caching.CachingDelegateEncryptablePropertySource - Property Source random refreshed
2026-06-01 21:30:48 [restartedMain] INFO  com.ulisesbocchio.jasyptspringboot.caching.CachingDelegateEncryptablePropertySource - Property Source Config resource 'class path resource [application.yaml]' via location 'optional:classpath:/' refreshed
2026-06-01 21:30:48 [restartedMain] INFO  com.ulisesbocchio.jasyptspringboot.caching.CachingDelegateEncryptablePropertySource - Property Source devtools refreshed
2026-06-01 21:30:48 [restartedMain] INFO  com.ulisesbocchio.jasyptspringboot.EncryptablePropertySourceConverter - Converting PropertySource server.ports [org.springframework.core.env.MapPropertySource] to EncryptableMapPropertySourceWrapper
2026-06-01 21:30:48 [restartedMain] INFO  com.ulisesbocchio.jasyptspringboot.EncryptablePropertySourceConverter - Skipping PropertySource configurationProperties [class org.springframework.boot.context.properties.source.ConfigurationPropertySourcesPropertySource
2026-06-01 21:30:48 [restartedMain] INFO  com.ulisesbocchio.jasyptspringboot.EncryptablePropertySourceConverter - Skipping PropertySource servletConfigInitParams [class org.springframework.core.env.PropertySource$StubPropertySource
2026-06-01 21:30:48 [restartedMain] INFO  com.ulisesbocchio.jasyptspringboot.EncryptablePropertySourceConverter - Converting PropertySource servletContextInitParams [org.springframework.web.context.support.ServletContextPropertySource] to EncryptableEnumerablePropertySourceWrapper
2026-06-01 21:30:48 [restartedMain] INFO  com.ulisesbocchio.jasyptspringboot.EncryptablePropertySourceConverter - Converting PropertySource Management Server [org.springframework.boot.actuate.autoconfigure.web.server.ManagementContextAutoConfiguration$SameManagementContextConfiguration$1] to EncryptablePropertySourceWrapper
2026-06-01 21:30:48 [restartedMain] INFO  com.ninimum.api.NinimumApplication - Started NinimumApplication in 7.258 seconds (JVM running for 8.524)
2026-06-01 21:31:02 [http-nio-0.0.0.0-8083-exec-1] INFO  org.springframework.web.servlet.DispatcherServlet - Initializing Servlet 'dispatcherServlet'
2026-06-01 21:31:02 [http-nio-0.0.0.0-8083-exec-1] INFO  org.springframework.web.servlet.DispatcherServlet - Completed initialization in 2 ms
2026-06-01 21:31:03 [http-nio-0.0.0.0-8083-exec-4] INFO  org.springdoc.api.AbstractOpenApiResource - Init duration for springdoc-openapi is: 644 ms
2026-06-01 21:32:57 [http-nio-0.0.0.0-8083-exec-7] INFO  com.ninimum.api.security.jwt.JwtAuthenticationFilter - bearerToken==> Bearer eyJhbGciOiJIUzI1NiJ9.eyJzdWIiOiJ0ZXN0IiwiYXV0aCI6IkFETUlOIiwiZXhwIjoxODExODUzMDg4fQ.yA9pWdvQAP0Z3QB3V96dLdCh9jziRxH6f9bwBnbc_U4
2026-06-01 21:34:53 [SpringApplicationShutdownHook] INFO  com.zaxxer.hikari.HikariDataSource - HikariPool-1 - Shutdown initiated...
2026-06-01 21:34:53 [SpringApplicationShutdownHook] INFO  com.zaxxer.hikari.HikariDataSource - HikariPool-1 - Shutdown completed.
2026-06-01 21:34:58 [restartedMain] INFO  com.ninimum.api.NinimumApplication - Starting NinimumApplication using Java 17.0.14 on Akmalui-MacBookPro.local with PID 3889 (/Users/akmalbukhariev/Projects/NinimumBackend/NinimumBackend/target/classes started by akmalbukhariev in /Users/akmalbukhariev/Projects/NinimumBackend/NinimumBackend)
2026-06-01 21:34:58 [restartedMain] INFO  com.ninimum.api.NinimumApplication - The following 1 profile is active: "default"
2026-06-01 21:34:58 [restartedMain] INFO  org.springframework.boot.devtools.env.DevToolsPropertyDefaultsPostProcessor - Devtools property defaults active! Set 'spring.devtools.add-properties' to 'false' to disable
2026-06-01 21:34:58 [restartedMain] INFO  org.springframework.boot.devtools.env.DevToolsPropertyDefaultsPostProcessor - For additional web related logging consider setting the 'logging.level.web' property to 'DEBUG'
2026-06-01 21:34:59 [restartedMain] INFO  org.springframework.data.repository.config.RepositoryConfigurationDelegate - Bootstrapping Spring Data JDBC repositories in DEFAULT mode.
2026-06-01 21:34:59 [restartedMain] INFO  org.springframework.data.repository.config.RepositoryConfigurationDelegate - Finished Spring Data repository scanning in 42 ms. Found 0 JDBC repository interfaces.
2026-06-01 21:35:00 [restartedMain] INFO  com.ulisesbocchio.jasyptspringboot.configuration.EnableEncryptablePropertiesBeanFactoryPostProcessor - Post-processing PropertySource instances
2026-06-01 21:35:00 [restartedMain] INFO  com.ulisesbocchio.jasyptspringboot.EncryptablePropertySourceConverter - Skipping PropertySource configurationProperties [class org.springframework.boot.context.properties.source.ConfigurationPropertySourcesPropertySource
2026-06-01 21:35:00 [restartedMain] INFO  com.ulisesbocchio.jasyptspringboot.EncryptablePropertySourceConverter - Skipping PropertySource servletConfigInitParams [class org.springframework.core.env.PropertySource$StubPropertySource
2026-06-01 21:35:00 [restartedMain] INFO  com.ulisesbocchio.jasyptspringboot.EncryptablePropertySourceConverter - Skipping PropertySource servletContextInitParams [class org.springframework.core.env.PropertySource$StubPropertySource
2026-06-01 21:35:00 [restartedMain] INFO  com.ulisesbocchio.jasyptspringboot.EncryptablePropertySourceConverter - Converting PropertySource systemProperties [org.springframework.core.env.PropertiesPropertySource] to EncryptableMapPropertySourceWrapper
2026-06-01 21:35:00 [restartedMain] INFO  com.ulisesbocchio.jasyptspringboot.EncryptablePropertySourceConverter - Converting PropertySource systemEnvironment [org.springframework.boot.env.SystemEnvironmentPropertySourceEnvironmentPostProcessor$OriginAwareSystemEnvironmentPropertySource] to EncryptableSystemEnvironmentPropertySourceWrapper
2026-06-01 21:35:00 [restartedMain] INFO  com.ulisesbocchio.jasyptspringboot.EncryptablePropertySourceConverter - Converting PropertySource random [org.springframework.boot.env.RandomValuePropertySource] to EncryptablePropertySourceWrapper
2026-06-01 21:35:00 [restartedMain] INFO  com.ulisesbocchio.jasyptspringboot.EncryptablePropertySourceConverter - Converting PropertySource Config resource 'class path resource [application.yaml]' via location 'optional:classpath:/' [org.springframework.boot.env.OriginTrackedMapPropertySource] to EncryptableMapPropertySourceWrapper
2026-06-01 21:35:00 [restartedMain] INFO  com.ulisesbocchio.jasyptspringboot.EncryptablePropertySourceConverter - Converting PropertySource devtools [org.springframework.core.env.MapPropertySource] to EncryptableMapPropertySourceWrapper
2026-06-01 21:35:00 [restartedMain] INFO  com.ulisesbocchio.jasyptspringboot.filter.DefaultLazyPropertyFilter - Property Filter custom Bean not found with name 'encryptablePropertyFilter'. Initializing Default Property Filter
2026-06-01 21:35:00 [restartedMain] INFO  com.ulisesbocchio.jasyptspringboot.resolver.DefaultLazyPropertyResolver - Property Resolver custom Bean not found with name 'encryptablePropertyResolver'. Initializing Default Property Resolver
2026-06-01 21:35:00 [restartedMain] INFO  com.ulisesbocchio.jasyptspringboot.detector.DefaultLazyPropertyDetector - Property Detector custom Bean not found with name 'encryptablePropertyDetector'. Initializing Default Property Detector
2026-06-01 21:35:00 [restartedMain] INFO  org.springframework.boot.web.embedded.tomcat.TomcatWebServer - Tomcat initialized with port(s): 8083 (http)
2026-06-01 21:35:00 [restartedMain] INFO  org.springframework.boot.web.servlet.context.ServletWebServerApplicationContext - Root WebApplicationContext: initialization completed in 2446 ms
2026-06-01 21:35:03 [restartedMain] INFO  org.springframework.boot.actuate.endpoint.web.EndpointLinksResolver - Exposing 2 endpoint(s) beneath base path '/actuator'
2026-06-01 21:35:03 [restartedMain] INFO  org.springframework.security.web.DefaultSecurityFilterChain - Will secure any request with [org.springframework.security.web.session.DisableEncodeUrlFilter@d583443, org.springframework.security.web.context.request.async.WebAsyncManagerIntegrationFilter@3c679d9c, org.springframework.security.web.context.SecurityContextPersistenceFilter@34a8aa6b, org.springframework.security.web.header.HeaderWriterFilter@4b0eede6, org.springframework.web.filter.CorsFilter@4f4b1ba1, org.springframework.security.web.authentication.logout.LogoutFilter@3c0b2193, com.ninimum.api.security.jwt.JwtAuthenticationFilter@51871062, com.ninimum.api.security.filter.UserAuthenticationFilter@1d31dc3d, com.ninimum.api.security.filter.AdminAuthenticationFilter@1dba397a, org.springframework.security.web.savedrequest.RequestCacheAwareFilter@165c5f18, org.springframework.security.web.servletapi.SecurityContextHolderAwareRequestFilter@66209c1b, org.springframework.security.web.authentication.AnonymousAuthenticationFilter@abbaf7f, org.springframework.security.web.session.SessionManagementFilter@16fc806d, org.springframework.security.web.access.ExceptionTranslationFilter@2e783324, org.springframework.security.web.access.intercept.AuthorizationFilter@50bc2642]
2026-06-01 21:35:03 [restartedMain] WARN  org.springframework.security.config.annotation.web.builders.WebSecurity - You are asking Spring Security to ignore Ant [pattern='/**/webjars/**']. This is not recommended -- please use permitAll via HttpSecurity#authorizeHttpRequests instead.
2026-06-01 21:35:03 [restartedMain] INFO  org.springframework.security.web.DefaultSecurityFilterChain - Will not secure Ant [pattern='/**/webjars/**']
2026-06-01 21:35:03 [restartedMain] WARN  org.springframework.security.config.annotation.web.builders.WebSecurity - You are asking Spring Security to ignore Ant [pattern='/uploads/**']. This is not recommended -- please use permitAll via HttpSecurity#authorizeHttpRequests instead.
2026-06-01 21:35:03 [restartedMain] INFO  org.springframework.security.web.DefaultSecurityFilterChain - Will not secure Ant [pattern='/uploads/**']
2026-06-01 21:35:03 [restartedMain] WARN  org.springframework.security.config.annotation.web.builders.WebSecurity - You are asking Spring Security to ignore Ant [pattern='/v2/api-docs']. This is not recommended -- please use permitAll via HttpSecurity#authorizeHttpRequests instead.
2026-06-01 21:35:03 [restartedMain] INFO  org.springframework.security.web.DefaultSecurityFilterChain - Will not secure Ant [pattern='/v2/api-docs']
2026-06-01 21:35:03 [restartedMain] WARN  org.springframework.security.config.annotation.web.builders.WebSecurity - You are asking Spring Security to ignore Ant [pattern='/swagger-resources']. This is not recommended -- please use permitAll via HttpSecurity#authorizeHttpRequests instead.
2026-06-01 21:35:03 [restartedMain] INFO  org.springframework.security.web.DefaultSecurityFilterChain - Will not secure Ant [pattern='/swagger-resources']
2026-06-01 21:35:03 [restartedMain] WARN  org.springframework.security.config.annotation.web.builders.WebSecurity - You are asking Spring Security to ignore Ant [pattern='/swagger-resources/**']. This is not recommended -- please use permitAll via HttpSecurity#authorizeHttpRequests instead.
2026-06-01 21:35:03 [restartedMain] INFO  org.springframework.security.web.DefaultSecurityFilterChain - Will not secure Ant [pattern='/swagger-resources/**']
2026-06-01 21:35:03 [restartedMain] WARN  org.springframework.security.config.annotation.web.builders.WebSecurity - You are asking Spring Security to ignore Ant [pattern='/configuration/ui']. This is not recommended -- please use permitAll via HttpSecurity#authorizeHttpRequests instead.
2026-06-01 21:35:03 [restartedMain] INFO  org.springframework.security.web.DefaultSecurityFilterChain - Will not secure Ant [pattern='/configuration/ui']
2026-06-01 21:35:03 [restartedMain] WARN  org.springframework.security.config.annotation.web.builders.WebSecurity - You are asking Spring Security to ignore Ant [pattern='/configuration/security']. This is not recommended -- please use permitAll via HttpSecurity#authorizeHttpRequests instead.
2026-06-01 21:35:03 [restartedMain] INFO  org.springframework.security.web.DefaultSecurityFilterChain - Will not secure Ant [pattern='/configuration/security']
2026-06-01 21:35:03 [restartedMain] WARN  org.springframework.security.config.annotation.web.builders.WebSecurity - You are asking Spring Security to ignore Ant [pattern='/swagger-ui/**']. This is not recommended -- please use permitAll via HttpSecurity#authorizeHttpRequests instead.
2026-06-01 21:35:03 [restartedMain] INFO  org.springframework.security.web.DefaultSecurityFilterChain - Will not secure Ant [pattern='/swagger-ui/**']
2026-06-01 21:35:03 [restartedMain] WARN  org.springframework.security.config.annotation.web.builders.WebSecurity - You are asking Spring Security to ignore Ant [pattern='/webjars/**']. This is not recommended -- please use permitAll via HttpSecurity#authorizeHttpRequests instead.
2026-06-01 21:35:03 [restartedMain] INFO  org.springframework.security.web.DefaultSecurityFilterChain - Will not secure Ant [pattern='/webjars/**']
2026-06-01 21:35:03 [restartedMain] WARN  org.springframework.security.config.annotation.web.builders.WebSecurity - You are asking Spring Security to ignore Ant [pattern='/v3/api-docs/**']. This is not recommended -- please use permitAll via HttpSecurity#authorizeHttpRequests instead.
2026-06-01 21:35:03 [restartedMain] INFO  org.springframework.security.web.DefaultSecurityFilterChain - Will not secure Ant [pattern='/v3/api-docs/**']
2026-06-01 21:35:03 [restartedMain] WARN  org.springframework.security.config.annotation.web.builders.WebSecurity - You are asking Spring Security to ignore Ant [pattern='/actuator/health/**']. This is not recommended -- please use permitAll via HttpSecurity#authorizeHttpRequests instead.
2026-06-01 21:35:03 [restartedMain] INFO  org.springframework.security.web.DefaultSecurityFilterChain - Will not secure Ant [pattern='/actuator/health/**']
2026-06-01 21:35:03 [restartedMain] WARN  org.springframework.security.config.annotation.web.builders.WebSecurity - You are asking Spring Security to ignore Ant [pattern='/actuator/info']. This is not recommended -- please use permitAll via HttpSecurity#authorizeHttpRequests instead.
2026-06-01 21:35:03 [restartedMain] INFO  org.springframework.security.web.DefaultSecurityFilterChain - Will not secure Ant [pattern='/actuator/info']
2026-06-01 21:35:03 [restartedMain] WARN  org.springframework.security.config.annotation.web.builders.WebSecurity - You are asking Spring Security to ignore Ant [pattern='/ninimum/actuator/**']. This is not recommended -- please use permitAll via HttpSecurity#authorizeHttpRequests instead.
2026-06-01 21:35:03 [restartedMain] INFO  org.springframework.security.web.DefaultSecurityFilterChain - Will not secure Ant [pattern='/ninimum/actuator/**']
2026-06-01 21:35:03 [restartedMain] WARN  org.springframework.security.config.annotation.web.builders.WebSecurity - You are asking Spring Security to ignore Ant [pattern='/api/v1/status']. This is not recommended -- please use permitAll via HttpSecurity#authorizeHttpRequests instead.
2026-06-01 21:35:03 [restartedMain] INFO  org.springframework.security.web.DefaultSecurityFilterChain - Will not secure Ant [pattern='/api/v1/status']
2026-06-01 21:35:03 [restartedMain] WARN  org.springframework.security.config.annotation.web.builders.WebSecurity - You are asking Spring Security to ignore Ant [pattern='/ninimum/api/v1/status']. This is not recommended -- please use permitAll via HttpSecurity#authorizeHttpRequests instead.
2026-06-01 21:35:03 [restartedMain] INFO  org.springframework.security.web.DefaultSecurityFilterChain - Will not secure Ant [pattern='/ninimum/api/v1/status']
2026-06-01 21:35:03 [restartedMain] WARN  org.springframework.security.config.annotation.web.builders.WebSecurity - You are asking Spring Security to ignore Ant [pattern='/ninimum/api/v1/user/checkPhoneNumber']. This is not recommended -- please use permitAll via HttpSecurity#authorizeHttpRequests instead.
2026-06-01 21:35:03 [restartedMain] INFO  org.springframework.security.web.DefaultSecurityFilterChain - Will not secure Ant [pattern='/ninimum/api/v1/user/checkPhoneNumber']
2026-06-01 21:35:03 [restartedMain] WARN  org.springframework.security.config.annotation.web.builders.WebSecurity - You are asking Spring Security to ignore Ant [pattern='/ninimum/api/v1/user/register']. This is not recommended -- please use permitAll via HttpSecurity#authorizeHttpRequests instead.
2026-06-01 21:35:03 [restartedMain] INFO  org.springframework.security.web.DefaultSecurityFilterChain - Will not secure Ant [pattern='/ninimum/api/v1/user/register']
2026-06-01 21:35:03 [restartedMain] WARN  org.springframework.security.config.annotation.web.builders.WebSecurity - You are asking Spring Security to ignore Ant [pattern='/ninimum/api/v1/message/verifyPhoneNumber']. This is not recommended -- please use permitAll via HttpSecurity#authorizeHttpRequests instead.
2026-06-01 21:35:03 [restartedMain] INFO  org.springframework.security.web.DefaultSecurityFilterChain - Will not secure Ant [pattern='/ninimum/api/v1/message/verifyPhoneNumber']
2026-06-01 21:35:03 [restartedMain] WARN  org.springframework.security.config.annotation.web.builders.WebSecurity - You are asking Spring Security to ignore Ant [pattern='/error']. This is not recommended -- please use permitAll via HttpSecurity#authorizeHttpRequests instead.
2026-06-01 21:35:03 [restartedMain] INFO  org.springframework.security.web.DefaultSecurityFilterChain - Will not secure Ant [pattern='/error']
2026-06-01 21:35:03 [restartedMain] INFO  com.zaxxer.hikari.HikariDataSource - HikariPool-1 - Starting...
2026-06-01 21:35:04 [restartedMain] INFO  com.zaxxer.hikari.HikariDataSource - HikariPool-1 - Start completed.
2026-06-01 21:35:05 [restartedMain] INFO  org.springframework.boot.devtools.autoconfigure.OptionalLiveReloadServer - LiveReload server is running on port 35729
2026-06-01 21:35:05 [restartedMain] INFO  org.springframework.boot.web.embedded.tomcat.TomcatWebServer - Tomcat started on port(s): 8083 (http) with context path ''
2026-06-01 21:35:05 [restartedMain] INFO  com.ulisesbocchio.jasyptspringboot.caching.RefreshScopeRefreshedEventListener - Refreshing cached encryptable property sources on ServletWebServerInitializedEvent
2026-06-01 21:35:05 [restartedMain] INFO  com.ulisesbocchio.jasyptspringboot.caching.CachingDelegateEncryptablePropertySource - Property Source systemProperties refreshed
2026-06-01 21:35:05 [restartedMain] INFO  com.ulisesbocchio.jasyptspringboot.caching.CachingDelegateEncryptablePropertySource - Property Source systemEnvironment refreshed
2026-06-01 21:35:05 [restartedMain] INFO  com.ulisesbocchio.jasyptspringboot.caching.CachingDelegateEncryptablePropertySource - Property Source random refreshed
2026-06-01 21:35:05 [restartedMain] INFO  com.ulisesbocchio.jasyptspringboot.caching.CachingDelegateEncryptablePropertySource - Property Source Config resource 'class path resource [application.yaml]' via location 'optional:classpath:/' refreshed
2026-06-01 21:35:05 [restartedMain] INFO  com.ulisesbocchio.jasyptspringboot.caching.CachingDelegateEncryptablePropertySource - Property Source devtools refreshed
2026-06-01 21:35:05 [restartedMain] INFO  com.ulisesbocchio.jasyptspringboot.EncryptablePropertySourceConverter - Converting PropertySource server.ports [org.springframework.core.env.MapPropertySource] to EncryptableMapPropertySourceWrapper
2026-06-01 21:35:05 [restartedMain] INFO  com.ulisesbocchio.jasyptspringboot.EncryptablePropertySourceConverter - Skipping PropertySource configurationProperties [class org.springframework.boot.context.properties.source.ConfigurationPropertySourcesPropertySource
2026-06-01 21:35:05 [restartedMain] INFO  com.ulisesbocchio.jasyptspringboot.EncryptablePropertySourceConverter - Skipping PropertySource servletConfigInitParams [class org.springframework.core.env.PropertySource$StubPropertySource
2026-06-01 21:35:05 [restartedMain] INFO  com.ulisesbocchio.jasyptspringboot.EncryptablePropertySourceConverter - Converting PropertySource servletContextInitParams [org.springframework.web.context.support.ServletContextPropertySource] to EncryptableEnumerablePropertySourceWrapper
2026-06-01 21:35:05 [restartedMain] INFO  com.ulisesbocchio.jasyptspringboot.EncryptablePropertySourceConverter - Converting PropertySource Management Server [org.springframework.boot.actuate.autoconfigure.web.server.ManagementContextAutoConfiguration$SameManagementContextConfiguration$1] to EncryptablePropertySourceWrapper
2026-06-01 21:35:05 [restartedMain] INFO  com.ninimum.api.NinimumApplication - Started NinimumApplication in 7.497 seconds (JVM running for 9.194)
2026-06-01 21:36:38 [http-nio-0.0.0.0-8083-exec-1] INFO  org.springframework.web.servlet.DispatcherServlet - Initializing Servlet 'dispatcherServlet'
2026-06-01 21:36:38 [http-nio-0.0.0.0-8083-exec-1] INFO  org.springframework.web.servlet.DispatcherServlet - Completed initialization in 2 ms
2026-06-01 21:36:38 [http-nio-0.0.0.0-8083-exec-1] INFO  com.ninimum.api.security.jwt.JwtAuthenticationFilter - bearerToken==> Bearer eyJhbGciOiJIUzI1NiJ9.eyJzdWIiOiJ0ZXN0IiwiYXV0aCI6IkFETUlOIiwiZXhwIjoxODExODUzMDg4fQ.yA9pWdvQAP0Z3QB3V96dLdCh9jziRxH6f9bwBnbc_U4
2026-06-01 21:36:46 [http-nio-0.0.0.0-8083-exec-1] INFO  com.ninimum.api.security.jwt.JwtAuthenticationFilter - JWT AUTHORITY => [ADMIN]
2026-06-01 21:36:50 [http-nio-0.0.0.0-8083-exec-1] INFO  com.ninimum.api.security.jwt.JwtAuthenticationFilter - REQUEST URI => /ninimum/api/v1/admin/product/createProduct
2026-06-01 21:37:07 [SpringApplicationShutdownHook] INFO  com.zaxxer.hikari.HikariDataSource - HikariPool-1 - Shutdown initiated...
2026-06-01 21:37:07 [SpringApplicationShutdownHook] INFO  com.zaxxer.hikari.HikariDataSource - HikariPool-1 - Shutdown completed.
2026-06-01 21:42:08 [restartedMain] INFO  com.ninimum.api.NinimumApplication - Starting NinimumApplication using Java 17.0.14 on Akmalui-MacBookPro.local with PID 4402 (/Users/akmalbukhariev/Projects/NinimumBackend/NinimumBackend/target/classes started by akmalbukhariev in /Users/akmalbukhariev/Projects/NinimumBackend/NinimumBackend)
2026-06-01 21:42:08 [restartedMain] INFO  com.ninimum.api.NinimumApplication - The following 1 profile is active: "default"
2026-06-01 21:42:09 [restartedMain] INFO  org.springframework.boot.devtools.env.DevToolsPropertyDefaultsPostProcessor - Devtools property defaults active! Set 'spring.devtools.add-properties' to 'false' to disable
2026-06-01 21:42:09 [restartedMain] INFO  org.springframework.boot.devtools.env.DevToolsPropertyDefaultsPostProcessor - For additional web related logging consider setting the 'logging.level.web' property to 'DEBUG'
2026-06-01 21:42:10 [restartedMain] INFO  org.springframework.data.repository.config.RepositoryConfigurationDelegate - Bootstrapping Spring Data JDBC repositories in DEFAULT mode.
2026-06-01 21:42:10 [restartedMain] INFO  org.springframework.data.repository.config.RepositoryConfigurationDelegate - Finished Spring Data repository scanning in 47 ms. Found 0 JDBC repository interfaces.
2026-06-01 21:42:10 [restartedMain] INFO  com.ulisesbocchio.jasyptspringboot.configuration.EnableEncryptablePropertiesBeanFactoryPostProcessor - Post-processing PropertySource instances
2026-06-01 21:42:10 [restartedMain] INFO  com.ulisesbocchio.jasyptspringboot.EncryptablePropertySourceConverter - Skipping PropertySource configurationProperties [class org.springframework.boot.context.properties.source.ConfigurationPropertySourcesPropertySource
2026-06-01 21:42:10 [restartedMain] INFO  com.ulisesbocchio.jasyptspringboot.EncryptablePropertySourceConverter - Skipping PropertySource servletConfigInitParams [class org.springframework.core.env.PropertySource$StubPropertySource
2026-06-01 21:42:10 [restartedMain] INFO  com.ulisesbocchio.jasyptspringboot.EncryptablePropertySourceConverter - Skipping PropertySource servletContextInitParams [class org.springframework.core.env.PropertySource$StubPropertySource
2026-06-01 21:42:10 [restartedMain] INFO  com.ulisesbocchio.jasyptspringboot.EncryptablePropertySourceConverter - Converting PropertySource systemProperties [org.springframework.core.env.PropertiesPropertySource] to EncryptableMapPropertySourceWrapper
2026-06-01 21:42:10 [restartedMain] INFO  com.ulisesbocchio.jasyptspringboot.EncryptablePropertySourceConverter - Converting PropertySource systemEnvironment [org.springframework.boot.env.SystemEnvironmentPropertySourceEnvironmentPostProcessor$OriginAwareSystemEnvironmentPropertySource] to EncryptableSystemEnvironmentPropertySourceWrapper
2026-06-01 21:42:10 [restartedMain] INFO  com.ulisesbocchio.jasyptspringboot.EncryptablePropertySourceConverter - Converting PropertySource random [org.springframework.boot.env.RandomValuePropertySource] to EncryptablePropertySourceWrapper
2026-06-01 21:42:10 [restartedMain] INFO  com.ulisesbocchio.jasyptspringboot.EncryptablePropertySourceConverter - Converting PropertySource Config resource 'class path resource [application.yaml]' via location 'optional:classpath:/' [org.springframework.boot.env.OriginTrackedMapPropertySource] to EncryptableMapPropertySourceWrapper
2026-06-01 21:42:10 [restartedMain] INFO  com.ulisesbocchio.jasyptspringboot.EncryptablePropertySourceConverter - Converting PropertySource devtools [org.springframework.core.env.MapPropertySource] to EncryptableMapPropertySourceWrapper
2026-06-01 21:42:11 [restartedMain] INFO  com.ulisesbocchio.jasyptspringboot.filter.DefaultLazyPropertyFilter - Property Filter custom Bean not found with name 'encryptablePropertyFilter'. Initializing Default Property Filter
2026-06-01 21:42:11 [restartedMain] INFO  com.ulisesbocchio.jasyptspringboot.resolver.DefaultLazyPropertyResolver - Property Resolver custom Bean not found with name 'encryptablePropertyResolver'. Initializing Default Property Resolver
2026-06-01 21:42:11 [restartedMain] INFO  com.ulisesbocchio.jasyptspringboot.detector.DefaultLazyPropertyDetector - Property Detector custom Bean not found with name 'encryptablePropertyDetector'. Initializing Default Property Detector
2026-06-01 21:42:11 [restartedMain] INFO  org.springframework.boot.web.embedded.tomcat.TomcatWebServer - Tomcat initialized with port(s): 8083 (http)
2026-06-01 21:42:11 [restartedMain] INFO  org.springframework.boot.web.servlet.context.ServletWebServerApplicationContext - Root WebApplicationContext: initialization completed in 2882 ms
2026-06-01 21:42:13 [restartedMain] INFO  org.springframework.boot.actuate.endpoint.web.EndpointLinksResolver - Exposing 2 endpoint(s) beneath base path '/actuator'
2026-06-01 21:42:13 [restartedMain] INFO  org.springframework.security.web.DefaultSecurityFilterChain - Will secure any request with [org.springframework.security.web.session.DisableEncodeUrlFilter@33f19863, org.springframework.security.web.context.request.async.WebAsyncManagerIntegrationFilter@50bc2642, org.springframework.security.web.context.SecurityContextPersistenceFilter@79f27d64, org.springframework.security.web.header.HeaderWriterFilter@56bba708, org.springframework.web.filter.CorsFilter@32e826ef, org.springframework.security.web.authentication.logout.LogoutFilter@76596bf5, com.ninimum.api.security.jwt.JwtAuthenticationFilter@325590ea, com.ninimum.api.security.filter.UserAuthenticationFilter@d583443, com.ninimum.api.security.filter.AdminAuthenticationFilter@3c679d9c, org.springframework.security.web.savedrequest.RequestCacheAwareFilter@620655e2, org.springframework.security.web.servletapi.SecurityContextHolderAwareRequestFilter@34a8aa6b, org.springframework.security.web.authentication.AnonymousAuthenticationFilter@4f4b1ba1, org.springframework.security.web.session.SessionManagementFilter@2e783324, org.springframework.security.web.access.ExceptionTranslationFilter@18836167, org.springframework.security.web.access.intercept.AuthorizationFilter@5dcce59]
2026-06-01 21:42:14 [restartedMain] WARN  org.springframework.security.config.annotation.web.builders.WebSecurity - You are asking Spring Security to ignore Ant [pattern='/**/webjars/**']. This is not recommended -- please use permitAll via HttpSecurity#authorizeHttpRequests instead.
2026-06-01 21:42:14 [restartedMain] INFO  org.springframework.security.web.DefaultSecurityFilterChain - Will not secure Ant [pattern='/**/webjars/**']
2026-06-01 21:42:14 [restartedMain] WARN  org.springframework.security.config.annotation.web.builders.WebSecurity - You are asking Spring Security to ignore Ant [pattern='/uploads/**']. This is not recommended -- please use permitAll via HttpSecurity#authorizeHttpRequests instead.
2026-06-01 21:42:14 [restartedMain] INFO  org.springframework.security.web.DefaultSecurityFilterChain - Will not secure Ant [pattern='/uploads/**']
2026-06-01 21:42:14 [restartedMain] WARN  org.springframework.security.config.annotation.web.builders.WebSecurity - You are asking Spring Security to ignore Ant [pattern='/v2/api-docs']. This is not recommended -- please use permitAll via HttpSecurity#authorizeHttpRequests instead.
2026-06-01 21:42:14 [restartedMain] INFO  org.springframework.security.web.DefaultSecurityFilterChain - Will not secure Ant [pattern='/v2/api-docs']
2026-06-01 21:42:14 [restartedMain] WARN  org.springframework.security.config.annotation.web.builders.WebSecurity - You are asking Spring Security to ignore Ant [pattern='/swagger-resources']. This is not recommended -- please use permitAll via HttpSecurity#authorizeHttpRequests instead.
2026-06-01 21:42:14 [restartedMain] INFO  org.springframework.security.web.DefaultSecurityFilterChain - Will not secure Ant [pattern='/swagger-resources']
2026-06-01 21:42:14 [restartedMain] WARN  org.springframework.security.config.annotation.web.builders.WebSecurity - You are asking Spring Security to ignore Ant [pattern='/swagger-resources/**']. This is not recommended -- please use permitAll via HttpSecurity#authorizeHttpRequests instead.
2026-06-01 21:42:14 [restartedMain] INFO  org.springframework.security.web.DefaultSecurityFilterChain - Will not secure Ant [pattern='/swagger-resources/**']
2026-06-01 21:42:14 [restartedMain] WARN  org.springframework.security.config.annotation.web.builders.WebSecurity - You are asking Spring Security to ignore Ant [pattern='/configuration/ui']. This is not recommended -- please use permitAll via HttpSecurity#authorizeHttpRequests instead.
2026-06-01 21:42:14 [restartedMain] INFO  org.springframework.security.web.DefaultSecurityFilterChain - Will not secure Ant [pattern='/configuration/ui']
2026-06-01 21:42:14 [restartedMain] WARN  org.springframework.security.config.annotation.web.builders.WebSecurity - You are asking Spring Security to ignore Ant [pattern='/configuration/security']. This is not recommended -- please use permitAll via HttpSecurity#authorizeHttpRequests instead.
2026-06-01 21:42:14 [restartedMain] INFO  org.springframework.security.web.DefaultSecurityFilterChain - Will not secure Ant [pattern='/configuration/security']
2026-06-01 21:42:14 [restartedMain] WARN  org.springframework.security.config.annotation.web.builders.WebSecurity - You are asking Spring Security to ignore Ant [pattern='/swagger-ui/**']. This is not recommended -- please use permitAll via HttpSecurity#authorizeHttpRequests instead.
2026-06-01 21:42:14 [restartedMain] INFO  org.springframework.security.web.DefaultSecurityFilterChain - Will not secure Ant [pattern='/swagger-ui/**']
2026-06-01 21:42:14 [restartedMain] WARN  org.springframework.security.config.annotation.web.builders.WebSecurity - You are asking Spring Security to ignore Ant [pattern='/webjars/**']. This is not recommended -- please use permitAll via HttpSecurity#authorizeHttpRequests instead.
2026-06-01 21:42:14 [restartedMain] INFO  org.springframework.security.web.DefaultSecurityFilterChain - Will not secure Ant [pattern='/webjars/**']
2026-06-01 21:42:14 [restartedMain] WARN  org.springframework.security.config.annotation.web.builders.WebSecurity - You are asking Spring Security to ignore Ant [pattern='/v3/api-docs/**']. This is not recommended -- please use permitAll via HttpSecurity#authorizeHttpRequests instead.
2026-06-01 21:42:14 [restartedMain] INFO  org.springframework.security.web.DefaultSecurityFilterChain - Will not secure Ant [pattern='/v3/api-docs/**']
2026-06-01 21:42:14 [restartedMain] WARN  org.springframework.security.config.annotation.web.builders.WebSecurity - You are asking Spring Security to ignore Ant [pattern='/actuator/health/**']. This is not recommended -- please use permitAll via HttpSecurity#authorizeHttpRequests instead.
2026-06-01 21:42:14 [restartedMain] INFO  org.springframework.security.web.DefaultSecurityFilterChain - Will not secure Ant [pattern='/actuator/health/**']
2026-06-01 21:42:14 [restartedMain] WARN  org.springframework.security.config.annotation.web.builders.WebSecurity - You are asking Spring Security to ignore Ant [pattern='/actuator/info']. This is not recommended -- please use permitAll via HttpSecurity#authorizeHttpRequests instead.
2026-06-01 21:42:14 [restartedMain] INFO  org.springframework.security.web.DefaultSecurityFilterChain - Will not secure Ant [pattern='/actuator/info']
2026-06-01 21:42:14 [restartedMain] WARN  org.springframework.security.config.annotation.web.builders.WebSecurity - You are asking Spring Security to ignore Ant [pattern='/ninimum/actuator/**']. This is not recommended -- please use permitAll via HttpSecurity#authorizeHttpRequests instead.
2026-06-01 21:42:14 [restartedMain] INFO  org.springframework.security.web.DefaultSecurityFilterChain - Will not secure Ant [pattern='/ninimum/actuator/**']
2026-06-01 21:42:14 [restartedMain] WARN  org.springframework.security.config.annotation.web.builders.WebSecurity - You are asking Spring Security to ignore Ant [pattern='/api/v1/status']. This is not recommended -- please use permitAll via HttpSecurity#authorizeHttpRequests instead.
2026-06-01 21:42:14 [restartedMain] INFO  org.springframework.security.web.DefaultSecurityFilterChain - Will not secure Ant [pattern='/api/v1/status']
2026-06-01 21:42:14 [restartedMain] WARN  org.springframework.security.config.annotation.web.builders.WebSecurity - You are asking Spring Security to ignore Ant [pattern='/ninimum/api/v1/status']. This is not recommended -- please use permitAll via HttpSecurity#authorizeHttpRequests instead.
2026-06-01 21:42:14 [restartedMain] INFO  org.springframework.security.web.DefaultSecurityFilterChain - Will not secure Ant [pattern='/ninimum/api/v1/status']
2026-06-01 21:42:14 [restartedMain] WARN  org.springframework.security.config.annotation.web.builders.WebSecurity - You are asking Spring Security to ignore Ant [pattern='/ninimum/api/v1/user/checkPhoneNumber']. This is not recommended -- please use permitAll via HttpSecurity#authorizeHttpRequests instead.
2026-06-01 21:42:14 [restartedMain] INFO  org.springframework.security.web.DefaultSecurityFilterChain - Will not secure Ant [pattern='/ninimum/api/v1/user/checkPhoneNumber']
2026-06-01 21:42:14 [restartedMain] WARN  org.springframework.security.config.annotation.web.builders.WebSecurity - You are asking Spring Security to ignore Ant [pattern='/ninimum/api/v1/user/register']. This is not recommended -- please use permitAll via HttpSecurity#authorizeHttpRequests instead.
2026-06-01 21:42:14 [restartedMain] INFO  org.springframework.security.web.DefaultSecurityFilterChain - Will not secure Ant [pattern='/ninimum/api/v1/user/register']
2026-06-01 21:42:14 [restartedMain] WARN  org.springframework.security.config.annotation.web.builders.WebSecurity - You are asking Spring Security to ignore Ant [pattern='/ninimum/api/v1/message/verifyPhoneNumber']. This is not recommended -- please use permitAll via HttpSecurity#authorizeHttpRequests instead.
2026-06-01 21:42:14 [restartedMain] INFO  org.springframework.security.web.DefaultSecurityFilterChain - Will not secure Ant [pattern='/ninimum/api/v1/message/verifyPhoneNumber']
2026-06-01 21:42:14 [restartedMain] WARN  org.springframework.security.config.annotation.web.builders.WebSecurity - You are asking Spring Security to ignore Ant [pattern='/error']. This is not recommended -- please use permitAll via HttpSecurity#authorizeHttpRequests instead.
2026-06-01 21:42:14 [restartedMain] INFO  org.springframework.security.web.DefaultSecurityFilterChain - Will not secure Ant [pattern='/error']
2026-06-01 21:42:14 [restartedMain] INFO  com.zaxxer.hikari.HikariDataSource - HikariPool-1 - Starting...
2026-06-01 21:42:15 [restartedMain] INFO  com.zaxxer.hikari.HikariDataSource - HikariPool-1 - Start completed.
2026-06-01 21:42:16 [restartedMain] INFO  org.springframework.boot.devtools.autoconfigure.OptionalLiveReloadServer - LiveReload server is running on port 35729
2026-06-01 21:42:16 [restartedMain] INFO  org.springframework.boot.web.embedded.tomcat.TomcatWebServer - Tomcat started on port(s): 8083 (http) with context path ''
2026-06-01 21:42:16 [restartedMain] INFO  com.ulisesbocchio.jasyptspringboot.caching.RefreshScopeRefreshedEventListener - Refreshing cached encryptable property sources on ServletWebServerInitializedEvent
2026-06-01 21:42:16 [restartedMain] INFO  com.ulisesbocchio.jasyptspringboot.caching.CachingDelegateEncryptablePropertySource - Property Source systemProperties refreshed
2026-06-01 21:42:16 [restartedMain] INFO  com.ulisesbocchio.jasyptspringboot.caching.CachingDelegateEncryptablePropertySource - Property Source systemEnvironment refreshed
2026-06-01 21:42:16 [restartedMain] INFO  com.ulisesbocchio.jasyptspringboot.caching.CachingDelegateEncryptablePropertySource - Property Source random refreshed
2026-06-01 21:42:16 [restartedMain] INFO  com.ulisesbocchio.jasyptspringboot.caching.CachingDelegateEncryptablePropertySource - Property Source Config resource 'class path resource [application.yaml]' via location 'optional:classpath:/' refreshed
2026-06-01 21:42:16 [restartedMain] INFO  com.ulisesbocchio.jasyptspringboot.caching.CachingDelegateEncryptablePropertySource - Property Source devtools refreshed
2026-06-01 21:42:16 [restartedMain] INFO  com.ulisesbocchio.jasyptspringboot.EncryptablePropertySourceConverter - Converting PropertySource server.ports [org.springframework.core.env.MapPropertySource] to EncryptableMapPropertySourceWrapper
2026-06-01 21:42:16 [restartedMain] INFO  com.ulisesbocchio.jasyptspringboot.EncryptablePropertySourceConverter - Skipping PropertySource configurationProperties [class org.springframework.boot.context.properties.source.ConfigurationPropertySourcesPropertySource
2026-06-01 21:42:16 [restartedMain] INFO  com.ulisesbocchio.jasyptspringboot.EncryptablePropertySourceConverter - Skipping PropertySource servletConfigInitParams [class org.springframework.core.env.PropertySource$StubPropertySource
2026-06-01 21:42:16 [restartedMain] INFO  com.ulisesbocchio.jasyptspringboot.EncryptablePropertySourceConverter - Converting PropertySource servletContextInitParams [org.springframework.web.context.support.ServletContextPropertySource] to EncryptableEnumerablePropertySourceWrapper
2026-06-01 21:42:16 [restartedMain] INFO  com.ulisesbocchio.jasyptspringboot.EncryptablePropertySourceConverter - Converting PropertySource Management Server [org.springframework.boot.actuate.autoconfigure.web.server.ManagementContextAutoConfiguration$SameManagementContextConfiguration$1] to EncryptablePropertySourceWrapper
2026-06-01 21:42:16 [restartedMain] INFO  com.ninimum.api.NinimumApplication - Started NinimumApplication in 7.625 seconds (JVM running for 8.867)
2026-06-01 21:42:37 [http-nio-0.0.0.0-8083-exec-1] INFO  org.springframework.web.servlet.DispatcherServlet - Initializing Servlet 'dispatcherServlet'
2026-06-01 21:42:37 [http-nio-0.0.0.0-8083-exec-1] INFO  org.springframework.web.servlet.DispatcherServlet - Completed initialization in 6 ms
2026-06-01 21:42:37 [http-nio-0.0.0.0-8083-exec-1] INFO  com.ninimum.api.security.jwt.JwtAuthenticationFilter - bearerToken==> Bearer eyJhbGciOiJIUzI1NiJ9.eyJzdWIiOiJ0ZXN0IiwiYXV0aCI6IkFETUlOIiwiZXhwIjoxODExODUzMDg4fQ.yA9pWdvQAP0Z3QB3V96dLdCh9jziRxH6f9bwBnbc_U4
2026-06-01 21:42:43 [http-nio-0.0.0.0-8083-exec-1] INFO  com.ninimum.api.security.jwt.JwtAuthenticationFilter - JWT AUTHORITY => [ADMIN]
2026-06-01 21:42:43 [http-nio-0.0.0.0-8083-exec-1] INFO  com.ninimum.api.security.jwt.JwtAuthenticationFilter - REQUEST URI => /ninimum/api/v1/admin/product/createProduct
2026-06-01 21:43:09 [http-nio-0.0.0.0-8083-exec-2] INFO  com.ninimum.api.security.jwt.JwtAuthenticationFilter - bearerToken==> Bearer eyJhbGciOiJIUzI1NiJ9.eyJzdWIiOiJ0ZXN0IiwiYXV0aCI6IkFETUlOIiwiZXhwIjoxODExODUzMDg4fQ.yA9pWdvQAP0Z3QB3V96dLdCh9jziRxH6f9bwBnbc_U4
2026-06-01 21:43:09 [http-nio-0.0.0.0-8083-exec-2] INFO  com.ninimum.api.security.jwt.JwtAuthenticationFilter - JWT AUTHORITY => [ADMIN]
2026-06-01 21:43:09 [http-nio-0.0.0.0-8083-exec-2] INFO  com.ninimum.api.security.jwt.JwtAuthenticationFilter - REQUEST URI => /ninimum/api/v1/admin/product/createProduct
2026-06-01 21:47:46 [SpringApplicationShutdownHook] INFO  com.zaxxer.hikari.HikariDataSource - HikariPool-1 - Shutdown initiated...
2026-06-01 21:47:46 [SpringApplicationShutdownHook] INFO  com.zaxxer.hikari.HikariDataSource - HikariPool-1 - Shutdown completed.
2026-06-01 21:47:50 [restartedMain] INFO  com.ninimum.api.NinimumApplication - Starting NinimumApplication using Java 17.0.14 on Akmalui-MacBookPro.local with PID 4791 (/Users/akmalbukhariev/Projects/NinimumBackend/NinimumBackend/target/classes started by akmalbukhariev in /Users/akmalbukhariev/Projects/NinimumBackend/NinimumBackend)
2026-06-01 21:47:50 [restartedMain] INFO  com.ninimum.api.NinimumApplication - The following 1 profile is active: "default"
2026-06-01 21:47:50 [restartedMain] INFO  org.springframework.boot.devtools.env.DevToolsPropertyDefaultsPostProcessor - Devtools property defaults active! Set 'spring.devtools.add-properties' to 'false' to disable
2026-06-01 21:47:50 [restartedMain] INFO  org.springframework.boot.devtools.env.DevToolsPropertyDefaultsPostProcessor - For additional web related logging consider setting the 'logging.level.web' property to 'DEBUG'
2026-06-01 21:47:51 [restartedMain] INFO  org.springframework.data.repository.config.RepositoryConfigurationDelegate - Bootstrapping Spring Data JDBC repositories in DEFAULT mode.
2026-06-01 21:47:51 [restartedMain] INFO  org.springframework.data.repository.config.RepositoryConfigurationDelegate - Finished Spring Data repository scanning in 36 ms. Found 0 JDBC repository interfaces.
2026-06-01 21:47:51 [restartedMain] INFO  com.ulisesbocchio.jasyptspringboot.configuration.EnableEncryptablePropertiesBeanFactoryPostProcessor - Post-processing PropertySource instances
2026-06-01 21:47:51 [restartedMain] INFO  com.ulisesbocchio.jasyptspringboot.EncryptablePropertySourceConverter - Skipping PropertySource configurationProperties [class org.springframework.boot.context.properties.source.ConfigurationPropertySourcesPropertySource
2026-06-01 21:47:51 [restartedMain] INFO  com.ulisesbocchio.jasyptspringboot.EncryptablePropertySourceConverter - Skipping PropertySource servletConfigInitParams [class org.springframework.core.env.PropertySource$StubPropertySource
2026-06-01 21:47:51 [restartedMain] INFO  com.ulisesbocchio.jasyptspringboot.EncryptablePropertySourceConverter - Skipping PropertySource servletContextInitParams [class org.springframework.core.env.PropertySource$StubPropertySource
2026-06-01 21:47:51 [restartedMain] INFO  com.ulisesbocchio.jasyptspringboot.EncryptablePropertySourceConverter - Converting PropertySource systemProperties [org.springframework.core.env.PropertiesPropertySource] to EncryptableMapPropertySourceWrapper
2026-06-01 21:47:51 [restartedMain] INFO  com.ulisesbocchio.jasyptspringboot.EncryptablePropertySourceConverter - Converting PropertySource systemEnvironment [org.springframework.boot.env.SystemEnvironmentPropertySourceEnvironmentPostProcessor$OriginAwareSystemEnvironmentPropertySource] to EncryptableSystemEnvironmentPropertySourceWrapper
2026-06-01 21:47:51 [restartedMain] INFO  com.ulisesbocchio.jasyptspringboot.EncryptablePropertySourceConverter - Converting PropertySource random [org.springframework.boot.env.RandomValuePropertySource] to EncryptablePropertySourceWrapper
2026-06-01 21:47:51 [restartedMain] INFO  com.ulisesbocchio.jasyptspringboot.EncryptablePropertySourceConverter - Converting PropertySource Config resource 'class path resource [application.yaml]' via location 'optional:classpath:/' [org.springframework.boot.env.OriginTrackedMapPropertySource] to EncryptableMapPropertySourceWrapper
2026-06-01 21:47:51 [restartedMain] INFO  com.ulisesbocchio.jasyptspringboot.EncryptablePropertySourceConverter - Converting PropertySource devtools [org.springframework.core.env.MapPropertySource] to EncryptableMapPropertySourceWrapper
2026-06-01 21:47:52 [restartedMain] INFO  com.ulisesbocchio.jasyptspringboot.filter.DefaultLazyPropertyFilter - Property Filter custom Bean not found with name 'encryptablePropertyFilter'. Initializing Default Property Filter
2026-06-01 21:47:52 [restartedMain] INFO  com.ulisesbocchio.jasyptspringboot.resolver.DefaultLazyPropertyResolver - Property Resolver custom Bean not found with name 'encryptablePropertyResolver'. Initializing Default Property Resolver
2026-06-01 21:47:52 [restartedMain] INFO  com.ulisesbocchio.jasyptspringboot.detector.DefaultLazyPropertyDetector - Property Detector custom Bean not found with name 'encryptablePropertyDetector'. Initializing Default Property Detector
2026-06-01 21:47:52 [restartedMain] INFO  org.springframework.boot.web.embedded.tomcat.TomcatWebServer - Tomcat initialized with port(s): 8083 (http)
2026-06-01 21:47:52 [restartedMain] INFO  org.springframework.boot.web.servlet.context.ServletWebServerApplicationContext - Root WebApplicationContext: initialization completed in 2250 ms
2026-06-01 21:47:54 [restartedMain] INFO  org.springframework.boot.actuate.endpoint.web.EndpointLinksResolver - Exposing 2 endpoint(s) beneath base path '/actuator'
2026-06-01 21:47:54 [restartedMain] INFO  org.springframework.security.web.DefaultSecurityFilterChain - Will secure any request with [org.springframework.security.web.session.DisableEncodeUrlFilter@5ff04550, org.springframework.security.web.context.request.async.WebAsyncManagerIntegrationFilter@70f57c67, org.springframework.security.web.context.SecurityContextPersistenceFilter@2bac0a20, org.springframework.security.web.header.HeaderWriterFilter@22b0d2f2, org.springframework.web.filter.CorsFilter@699b150b, org.springframework.security.web.authentication.logout.LogoutFilter@65ea103e, com.ninimum.api.security.jwt.JwtAuthenticationFilter@6fadcb89, com.ninimum.api.security.filter.UserAuthenticationFilter@322ac9e9, com.ninimum.api.security.filter.AdminAuthenticationFilter@69678d8f, org.springframework.security.web.savedrequest.RequestCacheAwareFilter@127b350b, org.springframework.security.web.servletapi.SecurityContextHolderAwareRequestFilter@5a23409d, org.springframework.security.web.authentication.AnonymousAuthenticationFilter@5865eee5, org.springframework.security.web.session.SessionManagementFilter@1ab3f727, org.springframework.security.web.access.ExceptionTranslationFilter@c2c2524, org.springframework.security.web.access.intercept.AuthorizationFilter@4f2c00c1]
2026-06-01 21:47:54 [restartedMain] WARN  org.springframework.security.config.annotation.web.builders.WebSecurity - You are asking Spring Security to ignore Ant [pattern='/**/webjars/**']. This is not recommended -- please use permitAll via HttpSecurity#authorizeHttpRequests instead.
2026-06-01 21:47:54 [restartedMain] INFO  org.springframework.security.web.DefaultSecurityFilterChain - Will not secure Ant [pattern='/**/webjars/**']
2026-06-01 21:47:54 [restartedMain] WARN  org.springframework.security.config.annotation.web.builders.WebSecurity - You are asking Spring Security to ignore Ant [pattern='/uploads/**']. This is not recommended -- please use permitAll via HttpSecurity#authorizeHttpRequests instead.
2026-06-01 21:47:54 [restartedMain] INFO  org.springframework.security.web.DefaultSecurityFilterChain - Will not secure Ant [pattern='/uploads/**']
2026-06-01 21:47:54 [restartedMain] WARN  org.springframework.security.config.annotation.web.builders.WebSecurity - You are asking Spring Security to ignore Ant [pattern='/v2/api-docs']. This is not recommended -- please use permitAll via HttpSecurity#authorizeHttpRequests instead.
2026-06-01 21:47:54 [restartedMain] INFO  org.springframework.security.web.DefaultSecurityFilterChain - Will not secure Ant [pattern='/v2/api-docs']
2026-06-01 21:47:54 [restartedMain] WARN  org.springframework.security.config.annotation.web.builders.WebSecurity - You are asking Spring Security to ignore Ant [pattern='/swagger-resources']. This is not recommended -- please use permitAll via HttpSecurity#authorizeHttpRequests instead.
2026-06-01 21:47:54 [restartedMain] INFO  org.springframework.security.web.DefaultSecurityFilterChain - Will not secure Ant [pattern='/swagger-resources']
2026-06-01 21:47:54 [restartedMain] WARN  org.springframework.security.config.annotation.web.builders.WebSecurity - You are asking Spring Security to ignore Ant [pattern='/swagger-resources/**']. This is not recommended -- please use permitAll via HttpSecurity#authorizeHttpRequests instead.
2026-06-01 21:47:54 [restartedMain] INFO  org.springframework.security.web.DefaultSecurityFilterChain - Will not secure Ant [pattern='/swagger-resources/**']
2026-06-01 21:47:54 [restartedMain] WARN  org.springframework.security.config.annotation.web.builders.WebSecurity - You are asking Spring Security to ignore Ant [pattern='/configuration/ui']. This is not recommended -- please use permitAll via HttpSecurity#authorizeHttpRequests instead.
2026-06-01 21:47:54 [restartedMain] INFO  org.springframework.security.web.DefaultSecurityFilterChain - Will not secure Ant [pattern='/configuration/ui']
2026-06-01 21:47:54 [restartedMain] WARN  org.springframework.security.config.annotation.web.builders.WebSecurity - You are asking Spring Security to ignore Ant [pattern='/configuration/security']. This is not recommended -- please use permitAll via HttpSecurity#authorizeHttpRequests instead.
2026-06-01 21:47:54 [restartedMain] INFO  org.springframework.security.web.DefaultSecurityFilterChain - Will not secure Ant [pattern='/configuration/security']
2026-06-01 21:47:54 [restartedMain] WARN  org.springframework.security.config.annotation.web.builders.WebSecurity - You are asking Spring Security to ignore Ant [pattern='/swagger-ui/**']. This is not recommended -- please use permitAll via HttpSecurity#authorizeHttpRequests instead.
2026-06-01 21:47:54 [restartedMain] INFO  org.springframework.security.web.DefaultSecurityFilterChain - Will not secure Ant [pattern='/swagger-ui/**']
2026-06-01 21:47:54 [restartedMain] WARN  org.springframework.security.config.annotation.web.builders.WebSecurity - You are asking Spring Security to ignore Ant [pattern='/webjars/**']. This is not recommended -- please use permitAll via HttpSecurity#authorizeHttpRequests instead.
2026-06-01 21:47:54 [restartedMain] INFO  org.springframework.security.web.DefaultSecurityFilterChain - Will not secure Ant [pattern='/webjars/**']
2026-06-01 21:47:54 [restartedMain] WARN  org.springframework.security.config.annotation.web.builders.WebSecurity - You are asking Spring Security to ignore Ant [pattern='/v3/api-docs/**']. This is not recommended -- please use permitAll via HttpSecurity#authorizeHttpRequests instead.
2026-06-01 21:47:54 [restartedMain] INFO  org.springframework.security.web.DefaultSecurityFilterChain - Will not secure Ant [pattern='/v3/api-docs/**']
2026-06-01 21:47:54 [restartedMain] WARN  org.springframework.security.config.annotation.web.builders.WebSecurity - You are asking Spring Security to ignore Ant [pattern='/actuator/health/**']. This is not recommended -- please use permitAll via HttpSecurity#authorizeHttpRequests instead.
2026-06-01 21:47:54 [restartedMain] INFO  org.springframework.security.web.DefaultSecurityFilterChain - Will not secure Ant [pattern='/actuator/health/**']
2026-06-01 21:47:54 [restartedMain] WARN  org.springframework.security.config.annotation.web.builders.WebSecurity - You are asking Spring Security to ignore Ant [pattern='/actuator/info']. This is not recommended -- please use permitAll via HttpSecurity#authorizeHttpRequests instead.
2026-06-01 21:47:54 [restartedMain] INFO  org.springframework.security.web.DefaultSecurityFilterChain - Will not secure Ant [pattern='/actuator/info']
2026-06-01 21:47:54 [restartedMain] WARN  org.springframework.security.config.annotation.web.builders.WebSecurity - You are asking Spring Security to ignore Ant [pattern='/ninimum/actuator/**']. This is not recommended -- please use permitAll via HttpSecurity#authorizeHttpRequests instead.
2026-06-01 21:47:54 [restartedMain] INFO  org.springframework.security.web.DefaultSecurityFilterChain - Will not secure Ant [pattern='/ninimum/actuator/**']
2026-06-01 21:47:54 [restartedMain] WARN  org.springframework.security.config.annotation.web.builders.WebSecurity - You are asking Spring Security to ignore Ant [pattern='/api/v1/status']. This is not recommended -- please use permitAll via HttpSecurity#authorizeHttpRequests instead.
2026-06-01 21:47:54 [restartedMain] INFO  org.springframework.security.web.DefaultSecurityFilterChain - Will not secure Ant [pattern='/api/v1/status']
2026-06-01 21:47:54 [restartedMain] WARN  org.springframework.security.config.annotation.web.builders.WebSecurity - You are asking Spring Security to ignore Ant [pattern='/ninimum/api/v1/status']. This is not recommended -- please use permitAll via HttpSecurity#authorizeHttpRequests instead.
2026-06-01 21:47:54 [restartedMain] INFO  org.springframework.security.web.DefaultSecurityFilterChain - Will not secure Ant [pattern='/ninimum/api/v1/status']
2026-06-01 21:47:54 [restartedMain] WARN  org.springframework.security.config.annotation.web.builders.WebSecurity - You are asking Spring Security to ignore Ant [pattern='/ninimum/api/v1/user/checkPhoneNumber']. This is not recommended -- please use permitAll via HttpSecurity#authorizeHttpRequests instead.
2026-06-01 21:47:54 [restartedMain] INFO  org.springframework.security.web.DefaultSecurityFilterChain - Will not secure Ant [pattern='/ninimum/api/v1/user/checkPhoneNumber']
2026-06-01 21:47:54 [restartedMain] WARN  org.springframework.security.config.annotation.web.builders.WebSecurity - You are asking Spring Security to ignore Ant [pattern='/ninimum/api/v1/user/register']. This is not recommended -- please use permitAll via HttpSecurity#authorizeHttpRequests instead.
2026-06-01 21:47:54 [restartedMain] INFO  org.springframework.security.web.DefaultSecurityFilterChain - Will not secure Ant [pattern='/ninimum/api/v1/user/register']
2026-06-01 21:47:54 [restartedMain] WARN  org.springframework.security.config.annotation.web.builders.WebSecurity - You are asking Spring Security to ignore Ant [pattern='/ninimum/api/v1/message/verifyPhoneNumber']. This is not recommended -- please use permitAll via HttpSecurity#authorizeHttpRequests instead.
2026-06-01 21:47:54 [restartedMain] INFO  org.springframework.security.web.DefaultSecurityFilterChain - Will not secure Ant [pattern='/ninimum/api/v1/message/verifyPhoneNumber']
2026-06-01 21:47:54 [restartedMain] WARN  org.springframework.security.config.annotation.web.builders.WebSecurity - You are asking Spring Security to ignore Ant [pattern='/error']. This is not recommended -- please use permitAll via HttpSecurity#authorizeHttpRequests instead.
2026-06-01 21:47:54 [restartedMain] INFO  org.springframework.security.web.DefaultSecurityFilterChain - Will not secure Ant [pattern='/error']
2026-06-01 21:47:54 [restartedMain] INFO  com.zaxxer.hikari.HikariDataSource - HikariPool-1 - Starting...
2026-06-01 21:47:55 [restartedMain] INFO  com.zaxxer.hikari.HikariDataSource - HikariPool-1 - Start completed.
2026-06-01 21:47:56 [restartedMain] INFO  org.springframework.boot.devtools.autoconfigure.OptionalLiveReloadServer - LiveReload server is running on port 35729
2026-06-01 21:47:56 [restartedMain] INFO  org.springframework.boot.web.embedded.tomcat.TomcatWebServer - Tomcat started on port(s): 8083 (http) with context path ''
2026-06-01 21:47:56 [restartedMain] INFO  com.ulisesbocchio.jasyptspringboot.caching.RefreshScopeRefreshedEventListener - Refreshing cached encryptable property sources on ServletWebServerInitializedEvent
2026-06-01 21:47:56 [restartedMain] INFO  com.ulisesbocchio.jasyptspringboot.caching.CachingDelegateEncryptablePropertySource - Property Source systemProperties refreshed
2026-06-01 21:47:56 [restartedMain] INFO  com.ulisesbocchio.jasyptspringboot.caching.CachingDelegateEncryptablePropertySource - Property Source systemEnvironment refreshed
2026-06-01 21:47:56 [restartedMain] INFO  com.ulisesbocchio.jasyptspringboot.caching.CachingDelegateEncryptablePropertySource - Property Source random refreshed
2026-06-01 21:47:56 [restartedMain] INFO  com.ulisesbocchio.jasyptspringboot.caching.CachingDelegateEncryptablePropertySource - Property Source Config resource 'class path resource [application.yaml]' via location 'optional:classpath:/' refreshed
2026-06-01 21:47:56 [restartedMain] INFO  com.ulisesbocchio.jasyptspringboot.caching.CachingDelegateEncryptablePropertySource - Property Source devtools refreshed
2026-06-01 21:47:56 [restartedMain] INFO  com.ulisesbocchio.jasyptspringboot.EncryptablePropertySourceConverter - Converting PropertySource server.ports [org.springframework.core.env.MapPropertySource] to EncryptableMapPropertySourceWrapper
2026-06-01 21:47:56 [restartedMain] INFO  com.ulisesbocchio.jasyptspringboot.EncryptablePropertySourceConverter - Skipping PropertySource configurationProperties [class org.springframework.boot.context.properties.source.ConfigurationPropertySourcesPropertySource
2026-06-01 21:47:56 [restartedMain] INFO  com.ulisesbocchio.jasyptspringboot.EncryptablePropertySourceConverter - Skipping PropertySource servletConfigInitParams [class org.springframework.core.env.PropertySource$StubPropertySource
2026-06-01 21:47:56 [restartedMain] INFO  com.ulisesbocchio.jasyptspringboot.EncryptablePropertySourceConverter - Converting PropertySource servletContextInitParams [org.springframework.web.context.support.ServletContextPropertySource] to EncryptableEnumerablePropertySourceWrapper
2026-06-01 21:47:56 [restartedMain] INFO  com.ulisesbocchio.jasyptspringboot.EncryptablePropertySourceConverter - Converting PropertySource Management Server [org.springframework.boot.actuate.autoconfigure.web.server.ManagementContextAutoConfiguration$SameManagementContextConfiguration$1] to EncryptablePropertySourceWrapper
2026-06-01 21:47:56 [restartedMain] INFO  com.ninimum.api.NinimumApplication - Started NinimumApplication in 6.414 seconds (JVM running for 7.545)
2026-06-01 21:48:36 [http-nio-0.0.0.0-8083-exec-1] INFO  org.springframework.web.servlet.DispatcherServlet - Initializing Servlet 'dispatcherServlet'
2026-06-01 21:48:37 [http-nio-0.0.0.0-8083-exec-1] INFO  org.springframework.web.servlet.DispatcherServlet - Completed initialization in 2 ms
2026-06-01 21:48:37 [http-nio-0.0.0.0-8083-exec-1] INFO  com.ninimum.api.security.jwt.JwtAuthenticationFilter - bearerToken==> Bearer eyJhbGciOiJIUzI1NiJ9.eyJzdWIiOiJ0ZXN0IiwiYXV0aCI6IkFETUlOIiwiZXhwIjoxODExODUzMDg4fQ.yA9pWdvQAP0Z3QB3V96dLdCh9jziRxH6f9bwBnbc_U4
2026-06-01 21:48:37 [http-nio-0.0.0.0-8083-exec-1] INFO  com.ninimum.api.security.jwt.JwtAuthenticationFilter - JWT AUTHORITY => [ADMIN]
2026-06-01 21:48:37 [http-nio-0.0.0.0-8083-exec-1] INFO  com.ninimum.api.security.jwt.JwtAuthenticationFilter - REQUEST URI => /ninimum/api/v1/admin/product/createProduct
2026-06-01 21:48:49 [http-nio-0.0.0.0-8083-exec-1] ERROR com.ninimum.api.product.controller.AdminProductController - AdminProductController => createProduct: 
com.fasterxml.jackson.databind.exc.UnrecognizedPropertyException: Unrecognized field "is_active" (class com.ninimum.api.param.AddProductParam), not marked as ignorable (14 known properties: "barcode", "is_featured", "brand", "price", "name", "stock_quantity", "images", "short_description", "id", "category_id", "sku", "weight_gram", "subscription_price", "description"])
 at [Source: (String)"{   "category_id": 1,   "name": "Beech-Nut Organics Pear, Banana & Kiwi",   "short_description": "Organik mevali pyure",   "description": "Beech-Nut Organics Pear, Banana & Kiwi - organik nok, banan va kivi pyuresi. 6+ oylik bolalar uchun mos.",   "sku": "BN-ORG-PBK-99",   "barcode": "052200998877",   "brand": "Beech-Nut",   "price": 32000,   "subscription_price": 29000,   "stock_quantity": 200,   "weight_gram": 99,   "is_active": true,   "is_featured": false }"; line: 1, column: 440] (through reference chain: com.ninimum.api.param.AddProductParam["is_active"])
	at com.fasterxml.jackson.databind.exc.UnrecognizedPropertyException.from(UnrecognizedPropertyException.java:61) ~[jackson-databind-2.15.2.jar:2.15.2]
	at com.fasterxml.jackson.databind.DeserializationContext.handleUnknownProperty(DeserializationContext.java:1138) ~[jackson-databind-2.15.2.jar:2.15.2]
	at com.fasterxml.jackson.databind.deser.std.StdDeserializer.handleUnknownProperty(StdDeserializer.java:2224) ~[jackson-databind-2.15.2.jar:2.15.2]
	at com.fasterxml.jackson.databind.deser.BeanDeserializerBase.handleUnknownProperty(BeanDeserializerBase.java:1709) ~[jackson-databind-2.15.2.jar:2.15.2]
	at com.fasterxml.jackson.databind.deser.BeanDeserializerBase.handleUnknownVanilla(BeanDeserializerBase.java:1687) ~[jackson-databind-2.15.2.jar:2.15.2]
	at com.fasterxml.jackson.databind.deser.BeanDeserializer.vanillaDeserialize(BeanDeserializer.java:320) ~[jackson-databind-2.15.2.jar:2.15.2]
	at com.fasterxml.jackson.databind.deser.BeanDeserializer.deserialize(BeanDeserializer.java:177) ~[jackson-databind-2.15.2.jar:2.15.2]
	at com.fasterxml.jackson.databind.deser.DefaultDeserializationContext.readRootValue(DefaultDeserializationContext.java:323) ~[jackson-databind-2.15.2.jar:2.15.2]
	at com.fasterxml.jackson.databind.ObjectMapper._readMapAndClose(ObjectMapper.java:4825) ~[jackson-databind-2.15.2.jar:2.15.2]
	at com.fasterxml.jackson.databind.ObjectMapper.readValue(ObjectMapper.java:3772) ~[jackson-databind-2.15.2.jar:2.15.2]
	at com.fasterxml.jackson.databind.ObjectMapper.readValue(ObjectMapper.java:3740) ~[jackson-databind-2.15.2.jar:2.15.2]
	at com.ninimum.api.product.controller.AdminProductController.createProduct(AdminProductController.java:56) ~[classes/:?]
	at jdk.internal.reflect.NativeMethodAccessorImpl.invoke0(Native Method) ~[?:?]
	at jdk.internal.reflect.NativeMethodAccessorImpl.invoke(NativeMethodAccessorImpl.java:77) ~[?:?]
	at jdk.internal.reflect.DelegatingMethodAccessorImpl.invoke(DelegatingMethodAccessorImpl.java:43) ~[?:?]
	at java.lang.reflect.Method.invoke(Method.java:569) ~[?:?]
	at org.springframework.web.method.support.InvocableHandlerMethod.doInvoke(InvocableHandlerMethod.java:205) ~[spring-web-5.3.21.jar:5.3.21]
	at org.springframework.web.method.support.InvocableHandlerMethod.invokeForRequest(InvocableHandlerMethod.java:150) ~[spring-web-5.3.21.jar:5.3.21]
	at org.springframework.web.servlet.mvc.method.annotation.ServletInvocableHandlerMethod.invokeAndHandle(ServletInvocableHandlerMethod.java:117) ~[spring-webmvc-5.3.21.jar:5.3.21]
	at org.springframework.web.servlet.mvc.method.annotation.RequestMappingHandlerAdapter.invokeHandlerMethod(RequestMappingHandlerAdapter.java:895) ~[spring-webmvc-5.3.21.jar:5.3.21]
	at org.springframework.web.servlet.mvc.method.annotation.RequestMappingHandlerAdapter.handleInternal(RequestMappingHandlerAdapter.java:808) ~[spring-webmvc-5.3.21.jar:5.3.21]
	at org.springframework.web.servlet.mvc.method.AbstractHandlerMethodAdapter.handle(AbstractHandlerMethodAdapter.java:87) ~[spring-webmvc-5.3.21.jar:5.3.21]
	at org.springframework.web.servlet.DispatcherServlet.doDispatch(DispatcherServlet.java:1067) ~[spring-webmvc-5.3.21.jar:5.3.21]
	at org.springframework.web.servlet.DispatcherServlet.doService(DispatcherServlet.java:963) ~[spring-webmvc-5.3.21.jar:5.3.21]
	at org.springframework.web.servlet.FrameworkServlet.processRequest(FrameworkServlet.java:1006) ~[spring-webmvc-5.3.21.jar:5.3.21]
	at org.springframework.web.servlet.FrameworkServlet.doPost(FrameworkServlet.java:909) ~[spring-webmvc-5.3.21.jar:5.3.21]
	at javax.servlet.http.HttpServlet.service(HttpServlet.java:681) ~[tomcat-embed-core-9.0.64.jar:4.0.FR]
	at org.springframework.web.servlet.FrameworkServlet.service(FrameworkServlet.java:883) ~[spring-webmvc-5.3.21.jar:5.3.21]
	at javax.servlet.http.HttpServlet.service(HttpServlet.java:764) ~[tomcat-embed-core-9.0.64.jar:4.0.FR]
	at org.apache.catalina.core.ApplicationFilterChain.internalDoFilter(ApplicationFilterChain.java:227) ~[tomcat-embed-core-9.0.64.jar:9.0.64]
	at org.apache.catalina.core.ApplicationFilterChain.doFilter(ApplicationFilterChain.java:162) ~[tomcat-embed-core-9.0.64.jar:9.0.64]
	at org.apache.tomcat.websocket.server.WsFilter.doFilter(WsFilter.java:53) ~[tomcat-embed-websocket-9.0.64.jar:9.0.64]
	at org.apache.catalina.core.ApplicationFilterChain.internalDoFilter(ApplicationFilterChain.java:189) ~[tomcat-embed-core-9.0.64.jar:9.0.64]
	at org.apache.catalina.core.ApplicationFilterChain.doFilter(ApplicationFilterChain.java:162) ~[tomcat-embed-core-9.0.64.jar:9.0.64]
	at org.springframework.security.web.FilterChainProxy$VirtualFilterChain.doFilter(FilterChainProxy.java:327) ~[spring-security-web-5.7.2.jar:5.7.2]
	at org.springframework.security.web.access.intercept.AuthorizationFilter.doFilterInternal(AuthorizationFilter.java:73) ~[spring-security-web-5.7.2.jar:5.7.2]
	at org.springframework.web.filter.OncePerRequestFilter.doFilter(OncePerRequestFilter.java:117) ~[spring-web-5.3.21.jar:5.3.21]
	at org.springframework.security.web.FilterChainProxy$VirtualFilterChain.doFilter(FilterChainProxy.java:336) ~[spring-security-web-5.7.2.jar:5.7.2]
	at org.springframework.security.web.access.ExceptionTranslationFilter.doFilter(ExceptionTranslationFilter.java:122) ~[spring-security-web-5.7.2.jar:5.7.2]
	at org.springframework.security.web.access.ExceptionTranslationFilter.doFilter(ExceptionTranslationFilter.java:116) ~[spring-security-web-5.7.2.jar:5.7.2]
	at org.springframework.security.web.FilterChainProxy$VirtualFilterChain.doFilter(FilterChainProxy.java:336) ~[spring-security-web-5.7.2.jar:5.7.2]
	at org.springframework.security.web.session.SessionManagementFilter.doFilter(SessionManagementFilter.java:126) ~[spring-security-web-5.7.2.jar:5.7.2]
	at org.springframework.security.web.session.SessionManagementFilter.doFilter(SessionManagementFilter.java:81) ~[spring-security-web-5.7.2.jar:5.7.2]
	at org.springframework.security.web.FilterChainProxy$VirtualFilterChain.doFilter(FilterChainProxy.java:336) ~[spring-security-web-5.7.2.jar:5.7.2]
	at org.springframework.security.web.authentication.AnonymousAuthenticationFilter.doFilter(AnonymousAuthenticationFilter.java:109) ~[spring-security-web-5.7.2.jar:5.7.2]
	at org.springframework.security.web.FilterChainProxy$VirtualFilterChain.doFilter(FilterChainProxy.java:336) ~[spring-security-web-5.7.2.jar:5.7.2]
	at org.springframework.security.web.servletapi.SecurityContextHolderAwareRequestFilter.doFilter(SecurityContextHolderAwareRequestFilter.java:149) ~[spring-security-web-5.7.2.jar:5.7.2]
	at org.springframework.security.web.FilterChainProxy$VirtualFilterChain.doFilter(FilterChainProxy.java:336) ~[spring-security-web-5.7.2.jar:5.7.2]
	at org.springframework.security.web.savedrequest.RequestCacheAwareFilter.doFilter(RequestCacheAwareFilter.java:63) ~[spring-security-web-5.7.2.jar:5.7.2]
	at org.springframework.security.web.FilterChainProxy$VirtualFilterChain.doFilter(FilterChainProxy.java:336) ~[spring-security-web-5.7.2.jar:5.7.2]
	at org.springframework.security.web.authentication.AbstractAuthenticationProcessingFilter.doFilter(AbstractAuthenticationProcessingFilter.java:223) ~[spring-security-web-5.7.2.jar:5.7.2]
	at org.springframework.security.web.authentication.AbstractAuthenticationProcessingFilter.doFilter(AbstractAuthenticationProcessingFilter.java:217) ~[spring-security-web-5.7.2.jar:5.7.2]
	at org.springframework.security.web.FilterChainProxy$VirtualFilterChain.doFilter(FilterChainProxy.java:336) ~[spring-security-web-5.7.2.jar:5.7.2]
	at org.springframework.security.web.authentication.AbstractAuthenticationProcessingFilter.doFilter(AbstractAuthenticationProcessingFilter.java:223) ~[spring-security-web-5.7.2.jar:5.7.2]
	at org.springframework.security.web.authentication.AbstractAuthenticationProcessingFilter.doFilter(AbstractAuthenticationProcessingFilter.java:217) ~[spring-security-web-5.7.2.jar:5.7.2]
	at org.springframework.security.web.FilterChainProxy$VirtualFilterChain.doFilter(FilterChainProxy.java:336) ~[spring-security-web-5.7.2.jar:5.7.2]
	at com.ninimum.api.security.jwt.JwtAuthenticationFilter.doFilterInternal(JwtAuthenticationFilter.java:79) ~[classes/:?]
	at org.springframework.web.filter.OncePerRequestFilter.doFilter(OncePerRequestFilter.java:117) ~[spring-web-5.3.21.jar:5.3.21]
	at org.springframework.security.web.FilterChainProxy$VirtualFilterChain.doFilter(FilterChainProxy.java:336) ~[spring-security-web-5.7.2.jar:5.7.2]
	at org.springframework.security.web.authentication.logout.LogoutFilter.doFilter(LogoutFilter.java:103) ~[spring-security-web-5.7.2.jar:5.7.2]
	at org.springframework.security.web.authentication.logout.LogoutFilter.doFilter(LogoutFilter.java:89) ~[spring-security-web-5.7.2.jar:5.7.2]
	at org.springframework.security.web.FilterChainProxy$VirtualFilterChain.doFilter(FilterChainProxy.java:336) ~[spring-security-web-5.7.2.jar:5.7.2]
	at org.springframework.web.filter.CorsFilter.doFilterInternal(CorsFilter.java:91) ~[spring-web-5.3.21.jar:5.3.21]
	at org.springframework.web.filter.OncePerRequestFilter.doFilter(OncePerRequestFilter.java:117) ~[spring-web-5.3.21.jar:5.3.21]
	at org.springframework.security.web.FilterChainProxy$VirtualFilterChain.doFilter(FilterChainProxy.java:336) ~[spring-security-web-5.7.2.jar:5.7.2]
	at org.springframework.security.web.header.HeaderWriterFilter.doHeadersAfter(HeaderWriterFilter.java:90) ~[spring-security-web-5.7.2.jar:5.7.2]
	at org.springframework.security.web.header.HeaderWriterFilter.doFilterInternal(HeaderWriterFilter.java:75) ~[spring-security-web-5.7.2.jar:5.7.2]
	at org.springframework.web.filter.OncePerRequestFilter.doFilter(OncePerRequestFilter.java:117) ~[spring-web-5.3.21.jar:5.3.21]
	at org.springframework.security.web.FilterChainProxy$VirtualFilterChain.doFilter(FilterChainProxy.java:336) ~[spring-security-web-5.7.2.jar:5.7.2]
	at org.springframework.security.web.context.SecurityContextPersistenceFilter.doFilter(SecurityContextPersistenceFilter.java:112) ~[spring-security-web-5.7.2.jar:5.7.2]
	at org.springframework.security.web.context.SecurityContextPersistenceFilter.doFilter(SecurityContextPersistenceFilter.java:82) ~[spring-security-web-5.7.2.jar:5.7.2]
	at org.springframework.security.web.FilterChainProxy$VirtualFilterChain.doFilter(FilterChainProxy.java:336) ~[spring-security-web-5.7.2.jar:5.7.2]
	at org.springframework.security.web.context.request.async.WebAsyncManagerIntegrationFilter.doFilterInternal(WebAsyncManagerIntegrationFilter.java:55) ~[spring-security-web-5.7.2.jar:5.7.2]
	at org.springframework.web.filter.OncePerRequestFilter.doFilter(OncePerRequestFilter.java:117) ~[spring-web-5.3.21.jar:5.3.21]
	at org.springframework.security.web.FilterChainProxy$VirtualFilterChain.doFilter(FilterChainProxy.java:336) ~[spring-security-web-5.7.2.jar:5.7.2]
	at org.springframework.security.web.session.DisableEncodeUrlFilter.doFilterInternal(DisableEncodeUrlFilter.java:42) ~[spring-security-web-5.7.2.jar:5.7.2]
	at org.springframework.web.filter.OncePerRequestFilter.doFilter(OncePerRequestFilter.java:117) ~[spring-web-5.3.21.jar:5.3.21]
	at org.springframework.security.web.FilterChainProxy$VirtualFilterChain.doFilter(FilterChainProxy.java:336) ~[spring-security-web-5.7.2.jar:5.7.2]
	at org.springframework.security.web.FilterChainProxy.doFilterInternal(FilterChainProxy.java:211) ~[spring-security-web-5.7.2.jar:5.7.2]
	at org.springframework.security.web.FilterChainProxy.doFilter(FilterChainProxy.java:183) ~[spring-security-web-5.7.2.jar:5.7.2]
	at org.springframework.web.filter.DelegatingFilterProxy.invokeDelegate(DelegatingFilterProxy.java:354) ~[spring-web-5.3.21.jar:5.3.21]
	at org.springframework.web.filter.DelegatingFilterProxy.doFilter(DelegatingFilterProxy.java:267) ~[spring-web-5.3.21.jar:5.3.21]
	at org.apache.catalina.core.ApplicationFilterChain.internalDoFilter(ApplicationFilterChain.java:189) ~[tomcat-embed-core-9.0.64.jar:9.0.64]
	at org.apache.catalina.core.ApplicationFilterChain.doFilter(ApplicationFilterChain.java:162) ~[tomcat-embed-core-9.0.64.jar:9.0.64]
	at org.springframework.web.filter.RequestContextFilter.doFilterInternal(RequestContextFilter.java:100) ~[spring-web-5.3.21.jar:5.3.21]
	at org.springframework.web.filter.OncePerRequestFilter.doFilter(OncePerRequestFilter.java:117) ~[spring-web-5.3.21.jar:5.3.21]
	at org.apache.catalina.core.ApplicationFilterChain.internalDoFilter(ApplicationFilterChain.java:189) ~[tomcat-embed-core-9.0.64.jar:9.0.64]
	at org.apache.catalina.core.ApplicationFilterChain.doFilter(ApplicationFilterChain.java:162) ~[tomcat-embed-core-9.0.64.jar:9.0.64]
	at org.springframework.web.filter.FormContentFilter.doFilterInternal(FormContentFilter.java:93) ~[spring-web-5.3.21.jar:5.3.21]
	at org.springframework.web.filter.OncePerRequestFilter.doFilter(OncePerRequestFilter.java:117) ~[spring-web-5.3.21.jar:5.3.21]
	at org.apache.catalina.core.ApplicationFilterChain.internalDoFilter(ApplicationFilterChain.java:189) ~[tomcat-embed-core-9.0.64.jar:9.0.64]
	at org.apache.catalina.core.ApplicationFilterChain.doFilter(ApplicationFilterChain.java:162) ~[tomcat-embed-core-9.0.64.jar:9.0.64]
	at org.springframework.boot.actuate.metrics.web.servlet.WebMvcMetricsFilter.doFilterInternal(WebMvcMetricsFilter.java:96) ~[spring-boot-actuator-2.7.1.jar:2.7.1]
	at org.springframework.web.filter.OncePerRequestFilter.doFilter(OncePerRequestFilter.java:117) ~[spring-web-5.3.21.jar:5.3.21]
	at org.apache.catalina.core.ApplicationFilterChain.internalDoFilter(ApplicationFilterChain.java:189) ~[tomcat-embed-core-9.0.64.jar:9.0.64]
	at org.apache.catalina.core.ApplicationFilterChain.doFilter(ApplicationFilterChain.java:162) ~[tomcat-embed-core-9.0.64.jar:9.0.64]
	at org.springframework.web.filter.CharacterEncodingFilter.doFilterInternal(CharacterEncodingFilter.java:201) ~[spring-web-5.3.21.jar:5.3.21]
	at org.springframework.web.filter.OncePerRequestFilter.doFilter(OncePerRequestFilter.java:117) ~[spring-web-5.3.21.jar:5.3.21]
	at org.apache.catalina.core.ApplicationFilterChain.internalDoFilter(ApplicationFilterChain.java:189) ~[tomcat-embed-core-9.0.64.jar:9.0.64]
	at org.apache.catalina.core.ApplicationFilterChain.doFilter(ApplicationFilterChain.java:162) ~[tomcat-embed-core-9.0.64.jar:9.0.64]
	at org.apache.catalina.core.StandardWrapperValve.invoke(StandardWrapperValve.java:197) ~[tomcat-embed-core-9.0.64.jar:9.0.64]
	at org.apache.catalina.core.StandardContextValve.invoke(StandardContextValve.java:97) ~[tomcat-embed-core-9.0.64.jar:9.0.64]
	at org.apache.catalina.authenticator.AuthenticatorBase.invoke(AuthenticatorBase.java:541) ~[tomcat-embed-core-9.0.64.jar:9.0.64]
	at org.apache.catalina.core.StandardHostValve.invoke(StandardHostValve.java:135) ~[tomcat-embed-core-9.0.64.jar:9.0.64]
	at org.apache.catalina.valves.ErrorReportValve.invoke(ErrorReportValve.java:92) ~[tomcat-embed-core-9.0.64.jar:9.0.64]
	at org.apache.catalina.core.StandardEngineValve.invoke(StandardEngineValve.java:78) ~[tomcat-embed-core-9.0.64.jar:9.0.64]
	at org.apache.catalina.connector.CoyoteAdapter.service(CoyoteAdapter.java:360) ~[tomcat-embed-core-9.0.64.jar:9.0.64]
	at org.apache.coyote.http11.Http11Processor.service(Http11Processor.java:399) ~[tomcat-embed-core-9.0.64.jar:9.0.64]
	at org.apache.coyote.AbstractProcessorLight.process(AbstractProcessorLight.java:65) ~[tomcat-embed-core-9.0.64.jar:9.0.64]
	at org.apache.coyote.AbstractProtocol$ConnectionHandler.process(AbstractProtocol.java:890) ~[tomcat-embed-core-9.0.64.jar:9.0.64]
	at org.apache.tomcat.util.net.NioEndpoint$SocketProcessor.doRun(NioEndpoint.java:1787) ~[tomcat-embed-core-9.0.64.jar:9.0.64]
	at org.apache.tomcat.util.net.SocketProcessorBase.run(SocketProcessorBase.java:49) ~[tomcat-embed-core-9.0.64.jar:9.0.64]
	at org.apache.tomcat.util.threads.ThreadPoolExecutor.runWorker(ThreadPoolExecutor.java:1191) ~[tomcat-embed-core-9.0.64.jar:9.0.64]
	at org.apache.tomcat.util.threads.ThreadPoolExecutor$Worker.run(ThreadPoolExecutor.java:659) ~[tomcat-embed-core-9.0.64.jar:9.0.64]
	at org.apache.tomcat.util.threads.TaskThread$WrappingRunnable.run(TaskThread.java:61) ~[tomcat-embed-core-9.0.64.jar:9.0.64]
	at java.lang.Thread.run(Thread.java:840) ~[?:?]
2026-06-01 21:48:49 [SpringApplicationShutdownHook] INFO  com.zaxxer.hikari.HikariDataSource - HikariPool-1 - Shutdown initiated...
2026-06-01 21:48:49 [SpringApplicationShutdownHook] INFO  com.zaxxer.hikari.HikariDataSource - HikariPool-1 - Shutdown completed.
2026-06-01 21:49:07 [restartedMain] INFO  com.ninimum.api.NinimumApplication - Starting NinimumApplication using Java 17.0.14 on Akmalui-MacBookPro.local with PID 4898 (/Users/akmalbukhariev/Projects/NinimumBackend/NinimumBackend/target/classes started by akmalbukhariev in /Users/akmalbukhariev/Projects/NinimumBackend/NinimumBackend)
2026-06-01 21:49:07 [restartedMain] INFO  com.ninimum.api.NinimumApplication - The following 1 profile is active: "default"
2026-06-01 21:49:07 [restartedMain] INFO  org.springframework.boot.devtools.env.DevToolsPropertyDefaultsPostProcessor - Devtools property defaults active! Set 'spring.devtools.add-properties' to 'false' to disable
2026-06-01 21:49:07 [restartedMain] INFO  org.springframework.boot.devtools.env.DevToolsPropertyDefaultsPostProcessor - For additional web related logging consider setting the 'logging.level.web' property to 'DEBUG'
2026-06-01 21:49:08 [restartedMain] INFO  org.springframework.data.repository.config.RepositoryConfigurationDelegate - Bootstrapping Spring Data JDBC repositories in DEFAULT mode.
2026-06-01 21:49:08 [restartedMain] INFO  org.springframework.data.repository.config.RepositoryConfigurationDelegate - Finished Spring Data repository scanning in 29 ms. Found 0 JDBC repository interfaces.
2026-06-01 21:49:08 [restartedMain] INFO  com.ulisesbocchio.jasyptspringboot.configuration.EnableEncryptablePropertiesBeanFactoryPostProcessor - Post-processing PropertySource instances
2026-06-01 21:49:08 [restartedMain] INFO  com.ulisesbocchio.jasyptspringboot.EncryptablePropertySourceConverter - Skipping PropertySource configurationProperties [class org.springframework.boot.context.properties.source.ConfigurationPropertySourcesPropertySource
2026-06-01 21:49:08 [restartedMain] INFO  com.ulisesbocchio.jasyptspringboot.EncryptablePropertySourceConverter - Skipping PropertySource servletConfigInitParams [class org.springframework.core.env.PropertySource$StubPropertySource
2026-06-01 21:49:08 [restartedMain] INFO  com.ulisesbocchio.jasyptspringboot.EncryptablePropertySourceConverter - Skipping PropertySource servletContextInitParams [class org.springframework.core.env.PropertySource$StubPropertySource
2026-06-01 21:49:08 [restartedMain] INFO  com.ulisesbocchio.jasyptspringboot.EncryptablePropertySourceConverter - Converting PropertySource systemProperties [org.springframework.core.env.PropertiesPropertySource] to EncryptableMapPropertySourceWrapper
2026-06-01 21:49:08 [restartedMain] INFO  com.ulisesbocchio.jasyptspringboot.EncryptablePropertySourceConverter - Converting PropertySource systemEnvironment [org.springframework.boot.env.SystemEnvironmentPropertySourceEnvironmentPostProcessor$OriginAwareSystemEnvironmentPropertySource] to EncryptableSystemEnvironmentPropertySourceWrapper
2026-06-01 21:49:08 [restartedMain] INFO  com.ulisesbocchio.jasyptspringboot.EncryptablePropertySourceConverter - Converting PropertySource random [org.springframework.boot.env.RandomValuePropertySource] to EncryptablePropertySourceWrapper
2026-06-01 21:49:08 [restartedMain] INFO  com.ulisesbocchio.jasyptspringboot.EncryptablePropertySourceConverter - Converting PropertySource Config resource 'class path resource [application.yaml]' via location 'optional:classpath:/' [org.springframework.boot.env.OriginTrackedMapPropertySource] to EncryptableMapPropertySourceWrapper
2026-06-01 21:49:08 [restartedMain] INFO  com.ulisesbocchio.jasyptspringboot.EncryptablePropertySourceConverter - Converting PropertySource devtools [org.springframework.core.env.MapPropertySource] to EncryptableMapPropertySourceWrapper
2026-06-01 21:49:08 [restartedMain] INFO  com.ulisesbocchio.jasyptspringboot.filter.DefaultLazyPropertyFilter - Property Filter custom Bean not found with name 'encryptablePropertyFilter'. Initializing Default Property Filter
2026-06-01 21:49:08 [restartedMain] INFO  com.ulisesbocchio.jasyptspringboot.resolver.DefaultLazyPropertyResolver - Property Resolver custom Bean not found with name 'encryptablePropertyResolver'. Initializing Default Property Resolver
2026-06-01 21:49:08 [restartedMain] INFO  com.ulisesbocchio.jasyptspringboot.detector.DefaultLazyPropertyDetector - Property Detector custom Bean not found with name 'encryptablePropertyDetector'. Initializing Default Property Detector
2026-06-01 21:49:09 [restartedMain] INFO  org.springframework.boot.web.embedded.tomcat.TomcatWebServer - Tomcat initialized with port(s): 8083 (http)
2026-06-01 21:49:09 [restartedMain] INFO  org.springframework.boot.web.servlet.context.ServletWebServerApplicationContext - Root WebApplicationContext: initialization completed in 2247 ms
2026-06-01 21:49:11 [restartedMain] INFO  org.springframework.boot.actuate.endpoint.web.EndpointLinksResolver - Exposing 2 endpoint(s) beneath base path '/actuator'
2026-06-01 21:49:11 [restartedMain] INFO  org.springframework.security.web.DefaultSecurityFilterChain - Will secure any request with [org.springframework.security.web.session.DisableEncodeUrlFilter@430f08b5, org.springframework.security.web.context.request.async.WebAsyncManagerIntegrationFilter@635c023b, org.springframework.security.web.context.SecurityContextPersistenceFilter@3ec5d25d, org.springframework.security.web.header.HeaderWriterFilter@5407b7fb, org.springframework.web.filter.CorsFilter@1e0fceb2, org.springframework.security.web.authentication.logout.LogoutFilter@563ece6, com.ninimum.api.security.jwt.JwtAuthenticationFilter@36d3dc1e, com.ninimum.api.security.filter.UserAuthenticationFilter@d2220d1, com.ninimum.api.security.filter.AdminAuthenticationFilter@e6cb694, org.springframework.security.web.savedrequest.RequestCacheAwareFilter@1b0e493, org.springframework.security.web.servletapi.SecurityContextHolderAwareRequestFilter@2c4c5b75, org.springframework.security.web.authentication.AnonymousAuthenticationFilter@6ef693b5, org.springframework.security.web.session.SessionManagementFilter@76026785, org.springframework.security.web.access.ExceptionTranslationFilter@5a80e26e, org.springframework.security.web.access.intercept.AuthorizationFilter@58ff118e]
2026-06-01 21:49:11 [restartedMain] WARN  org.springframework.security.config.annotation.web.builders.WebSecurity - You are asking Spring Security to ignore Ant [pattern='/**/webjars/**']. This is not recommended -- please use permitAll via HttpSecurity#authorizeHttpRequests instead.
2026-06-01 21:49:11 [restartedMain] INFO  org.springframework.security.web.DefaultSecurityFilterChain - Will not secure Ant [pattern='/**/webjars/**']
2026-06-01 21:49:11 [restartedMain] WARN  org.springframework.security.config.annotation.web.builders.WebSecurity - You are asking Spring Security to ignore Ant [pattern='/uploads/**']. This is not recommended -- please use permitAll via HttpSecurity#authorizeHttpRequests instead.
2026-06-01 21:49:11 [restartedMain] INFO  org.springframework.security.web.DefaultSecurityFilterChain - Will not secure Ant [pattern='/uploads/**']
2026-06-01 21:49:11 [restartedMain] WARN  org.springframework.security.config.annotation.web.builders.WebSecurity - You are asking Spring Security to ignore Ant [pattern='/v2/api-docs']. This is not recommended -- please use permitAll via HttpSecurity#authorizeHttpRequests instead.
2026-06-01 21:49:11 [restartedMain] INFO  org.springframework.security.web.DefaultSecurityFilterChain - Will not secure Ant [pattern='/v2/api-docs']
2026-06-01 21:49:11 [restartedMain] WARN  org.springframework.security.config.annotation.web.builders.WebSecurity - You are asking Spring Security to ignore Ant [pattern='/swagger-resources']. This is not recommended -- please use permitAll via HttpSecurity#authorizeHttpRequests instead.
2026-06-01 21:49:11 [restartedMain] INFO  org.springframework.security.web.DefaultSecurityFilterChain - Will not secure Ant [pattern='/swagger-resources']
2026-06-01 21:49:11 [restartedMain] WARN  org.springframework.security.config.annotation.web.builders.WebSecurity - You are asking Spring Security to ignore Ant [pattern='/swagger-resources/**']. This is not recommended -- please use permitAll via HttpSecurity#authorizeHttpRequests instead.
2026-06-01 21:49:11 [restartedMain] INFO  org.springframework.security.web.DefaultSecurityFilterChain - Will not secure Ant [pattern='/swagger-resources/**']
2026-06-01 21:49:11 [restartedMain] WARN  org.springframework.security.config.annotation.web.builders.WebSecurity - You are asking Spring Security to ignore Ant [pattern='/configuration/ui']. This is not recommended -- please use permitAll via HttpSecurity#authorizeHttpRequests instead.
2026-06-01 21:49:11 [restartedMain] INFO  org.springframework.security.web.DefaultSecurityFilterChain - Will not secure Ant [pattern='/configuration/ui']
2026-06-01 21:49:11 [restartedMain] WARN  org.springframework.security.config.annotation.web.builders.WebSecurity - You are asking Spring Security to ignore Ant [pattern='/configuration/security']. This is not recommended -- please use permitAll via HttpSecurity#authorizeHttpRequests instead.
2026-06-01 21:49:11 [restartedMain] INFO  org.springframework.security.web.DefaultSecurityFilterChain - Will not secure Ant [pattern='/configuration/security']
2026-06-01 21:49:11 [restartedMain] WARN  org.springframework.security.config.annotation.web.builders.WebSecurity - You are asking Spring Security to ignore Ant [pattern='/swagger-ui/**']. This is not recommended -- please use permitAll via HttpSecurity#authorizeHttpRequests instead.
2026-06-01 21:49:11 [restartedMain] INFO  org.springframework.security.web.DefaultSecurityFilterChain - Will not secure Ant [pattern='/swagger-ui/**']
2026-06-01 21:49:11 [restartedMain] WARN  org.springframework.security.config.annotation.web.builders.WebSecurity - You are asking Spring Security to ignore Ant [pattern='/webjars/**']. This is not recommended -- please use permitAll via HttpSecurity#authorizeHttpRequests instead.
2026-06-01 21:49:11 [restartedMain] INFO  org.springframework.security.web.DefaultSecurityFilterChain - Will not secure Ant [pattern='/webjars/**']
2026-06-01 21:49:11 [restartedMain] WARN  org.springframework.security.config.annotation.web.builders.WebSecurity - You are asking Spring Security to ignore Ant [pattern='/v3/api-docs/**']. This is not recommended -- please use permitAll via HttpSecurity#authorizeHttpRequests instead.
2026-06-01 21:49:11 [restartedMain] INFO  org.springframework.security.web.DefaultSecurityFilterChain - Will not secure Ant [pattern='/v3/api-docs/**']
2026-06-01 21:49:11 [restartedMain] WARN  org.springframework.security.config.annotation.web.builders.WebSecurity - You are asking Spring Security to ignore Ant [pattern='/actuator/health/**']. This is not recommended -- please use permitAll via HttpSecurity#authorizeHttpRequests instead.
2026-06-01 21:49:11 [restartedMain] INFO  org.springframework.security.web.DefaultSecurityFilterChain - Will not secure Ant [pattern='/actuator/health/**']
2026-06-01 21:49:11 [restartedMain] WARN  org.springframework.security.config.annotation.web.builders.WebSecurity - You are asking Spring Security to ignore Ant [pattern='/actuator/info']. This is not recommended -- please use permitAll via HttpSecurity#authorizeHttpRequests instead.
2026-06-01 21:49:11 [restartedMain] INFO  org.springframework.security.web.DefaultSecurityFilterChain - Will not secure Ant [pattern='/actuator/info']
2026-06-01 21:49:11 [restartedMain] WARN  org.springframework.security.config.annotation.web.builders.WebSecurity - You are asking Spring Security to ignore Ant [pattern='/ninimum/actuator/**']. This is not recommended -- please use permitAll via HttpSecurity#authorizeHttpRequests instead.
2026-06-01 21:49:11 [restartedMain] INFO  org.springframework.security.web.DefaultSecurityFilterChain - Will not secure Ant [pattern='/ninimum/actuator/**']
2026-06-01 21:49:11 [restartedMain] WARN  org.springframework.security.config.annotation.web.builders.WebSecurity - You are asking Spring Security to ignore Ant [pattern='/api/v1/status']. This is not recommended -- please use permitAll via HttpSecurity#authorizeHttpRequests instead.
2026-06-01 21:49:11 [restartedMain] INFO  org.springframework.security.web.DefaultSecurityFilterChain - Will not secure Ant [pattern='/api/v1/status']
2026-06-01 21:49:11 [restartedMain] WARN  org.springframework.security.config.annotation.web.builders.WebSecurity - You are asking Spring Security to ignore Ant [pattern='/ninimum/api/v1/status']. This is not recommended -- please use permitAll via HttpSecurity#authorizeHttpRequests instead.
2026-06-01 21:49:11 [restartedMain] INFO  org.springframework.security.web.DefaultSecurityFilterChain - Will not secure Ant [pattern='/ninimum/api/v1/status']
2026-06-01 21:49:11 [restartedMain] WARN  org.springframework.security.config.annotation.web.builders.WebSecurity - You are asking Spring Security to ignore Ant [pattern='/ninimum/api/v1/user/checkPhoneNumber']. This is not recommended -- please use permitAll via HttpSecurity#authorizeHttpRequests instead.
2026-06-01 21:49:11 [restartedMain] INFO  org.springframework.security.web.DefaultSecurityFilterChain - Will not secure Ant [pattern='/ninimum/api/v1/user/checkPhoneNumber']
2026-06-01 21:49:11 [restartedMain] WARN  org.springframework.security.config.annotation.web.builders.WebSecurity - You are asking Spring Security to ignore Ant [pattern='/ninimum/api/v1/user/register']. This is not recommended -- please use permitAll via HttpSecurity#authorizeHttpRequests instead.
2026-06-01 21:49:11 [restartedMain] INFO  org.springframework.security.web.DefaultSecurityFilterChain - Will not secure Ant [pattern='/ninimum/api/v1/user/register']
2026-06-01 21:49:11 [restartedMain] WARN  org.springframework.security.config.annotation.web.builders.WebSecurity - You are asking Spring Security to ignore Ant [pattern='/ninimum/api/v1/message/verifyPhoneNumber']. This is not recommended -- please use permitAll via HttpSecurity#authorizeHttpRequests instead.
2026-06-01 21:49:11 [restartedMain] INFO  org.springframework.security.web.DefaultSecurityFilterChain - Will not secure Ant [pattern='/ninimum/api/v1/message/verifyPhoneNumber']
2026-06-01 21:49:11 [restartedMain] WARN  org.springframework.security.config.annotation.web.builders.WebSecurity - You are asking Spring Security to ignore Ant [pattern='/error']. This is not recommended -- please use permitAll via HttpSecurity#authorizeHttpRequests instead.
2026-06-01 21:49:11 [restartedMain] INFO  org.springframework.security.web.DefaultSecurityFilterChain - Will not secure Ant [pattern='/error']
2026-06-01 21:49:11 [restartedMain] INFO  com.zaxxer.hikari.HikariDataSource - HikariPool-1 - Starting...
2026-06-01 21:49:12 [restartedMain] INFO  com.zaxxer.hikari.HikariDataSource - HikariPool-1 - Start completed.
2026-06-01 21:49:12 [restartedMain] INFO  org.springframework.boot.devtools.autoconfigure.OptionalLiveReloadServer - LiveReload server is running on port 35729
2026-06-01 21:49:12 [restartedMain] INFO  org.springframework.boot.web.embedded.tomcat.TomcatWebServer - Tomcat started on port(s): 8083 (http) with context path ''
2026-06-01 21:49:12 [restartedMain] INFO  com.ulisesbocchio.jasyptspringboot.caching.RefreshScopeRefreshedEventListener - Refreshing cached encryptable property sources on ServletWebServerInitializedEvent
2026-06-01 21:49:12 [restartedMain] INFO  com.ulisesbocchio.jasyptspringboot.caching.CachingDelegateEncryptablePropertySource - Property Source systemProperties refreshed
2026-06-01 21:49:12 [restartedMain] INFO  com.ulisesbocchio.jasyptspringboot.caching.CachingDelegateEncryptablePropertySource - Property Source systemEnvironment refreshed
2026-06-01 21:49:12 [restartedMain] INFO  com.ulisesbocchio.jasyptspringboot.caching.CachingDelegateEncryptablePropertySource - Property Source random refreshed
2026-06-01 21:49:12 [restartedMain] INFO  com.ulisesbocchio.jasyptspringboot.caching.CachingDelegateEncryptablePropertySource - Property Source Config resource 'class path resource [application.yaml]' via location 'optional:classpath:/' refreshed
2026-06-01 21:49:12 [restartedMain] INFO  com.ulisesbocchio.jasyptspringboot.caching.CachingDelegateEncryptablePropertySource - Property Source devtools refreshed
2026-06-01 21:49:12 [restartedMain] INFO  com.ulisesbocchio.jasyptspringboot.EncryptablePropertySourceConverter - Converting PropertySource server.ports [org.springframework.core.env.MapPropertySource] to EncryptableMapPropertySourceWrapper
2026-06-01 21:49:12 [restartedMain] INFO  com.ulisesbocchio.jasyptspringboot.EncryptablePropertySourceConverter - Skipping PropertySource configurationProperties [class org.springframework.boot.context.properties.source.ConfigurationPropertySourcesPropertySource
2026-06-01 21:49:12 [restartedMain] INFO  com.ulisesbocchio.jasyptspringboot.EncryptablePropertySourceConverter - Skipping PropertySource servletConfigInitParams [class org.springframework.core.env.PropertySource$StubPropertySource
2026-06-01 21:49:12 [restartedMain] INFO  com.ulisesbocchio.jasyptspringboot.EncryptablePropertySourceConverter - Converting PropertySource servletContextInitParams [org.springframework.web.context.support.ServletContextPropertySource] to EncryptableEnumerablePropertySourceWrapper
2026-06-01 21:49:12 [restartedMain] INFO  com.ulisesbocchio.jasyptspringboot.EncryptablePropertySourceConverter - Converting PropertySource Management Server [org.springframework.boot.actuate.autoconfigure.web.server.ManagementContextAutoConfiguration$SameManagementContextConfiguration$1] to EncryptablePropertySourceWrapper
2026-06-01 21:49:12 [restartedMain] INFO  com.ninimum.api.NinimumApplication - Started NinimumApplication in 6.365 seconds (JVM running for 7.45)
2026-06-01 21:49:24 [http-nio-0.0.0.0-8083-exec-1] INFO  org.springframework.web.servlet.DispatcherServlet - Initializing Servlet 'dispatcherServlet'
2026-06-01 21:49:24 [http-nio-0.0.0.0-8083-exec-1] INFO  org.springframework.web.servlet.DispatcherServlet - Completed initialization in 2 ms
2026-06-01 21:49:24 [http-nio-0.0.0.0-8083-exec-1] INFO  com.ninimum.api.security.jwt.JwtAuthenticationFilter - bearerToken==> Bearer eyJhbGciOiJIUzI1NiJ9.eyJzdWIiOiJ0ZXN0IiwiYXV0aCI6IkFETUlOIiwiZXhwIjoxODExODUzMDg4fQ.yA9pWdvQAP0Z3QB3V96dLdCh9jziRxH6f9bwBnbc_U4
2026-06-01 21:49:24 [http-nio-0.0.0.0-8083-exec-1] INFO  com.ninimum.api.security.jwt.JwtAuthenticationFilter - JWT AUTHORITY => [ADMIN]
2026-06-01 21:49:24 [http-nio-0.0.0.0-8083-exec-1] INFO  com.ninimum.api.security.jwt.JwtAuthenticationFilter - REQUEST URI => /ninimum/api/v1/admin/product/createProduct
2026-06-01 21:49:49 [SpringApplicationShutdownHook] INFO  com.zaxxer.hikari.HikariDataSource - HikariPool-1 - Shutdown initiated...
2026-06-01 21:49:49 [SpringApplicationShutdownHook] INFO  com.zaxxer.hikari.HikariDataSource - HikariPool-1 - Shutdown completed.
2026-06-01 21:50:35 [restartedMain] INFO  com.ninimum.api.NinimumApplication - Starting NinimumApplication using Java 17.0.14 on Akmalui-MacBookPro.local with PID 4997 (/Users/akmalbukhariev/Projects/NinimumBackend/NinimumBackend/target/classes started by akmalbukhariev in /Users/akmalbukhariev/Projects/NinimumBackend/NinimumBackend)
2026-06-01 21:50:35 [restartedMain] INFO  com.ninimum.api.NinimumApplication - The following 1 profile is active: "default"
2026-06-01 21:50:35 [restartedMain] INFO  org.springframework.boot.devtools.env.DevToolsPropertyDefaultsPostProcessor - Devtools property defaults active! Set 'spring.devtools.add-properties' to 'false' to disable
2026-06-01 21:50:35 [restartedMain] INFO  org.springframework.boot.devtools.env.DevToolsPropertyDefaultsPostProcessor - For additional web related logging consider setting the 'logging.level.web' property to 'DEBUG'
2026-06-01 21:50:37 [restartedMain] INFO  org.springframework.data.repository.config.RepositoryConfigurationDelegate - Bootstrapping Spring Data JDBC repositories in DEFAULT mode.
2026-06-01 21:50:37 [restartedMain] INFO  org.springframework.data.repository.config.RepositoryConfigurationDelegate - Finished Spring Data repository scanning in 30 ms. Found 0 JDBC repository interfaces.
2026-06-01 21:50:37 [restartedMain] INFO  com.ulisesbocchio.jasyptspringboot.configuration.EnableEncryptablePropertiesBeanFactoryPostProcessor - Post-processing PropertySource instances
2026-06-01 21:50:37 [restartedMain] INFO  com.ulisesbocchio.jasyptspringboot.EncryptablePropertySourceConverter - Skipping PropertySource configurationProperties [class org.springframework.boot.context.properties.source.ConfigurationPropertySourcesPropertySource
2026-06-01 21:50:37 [restartedMain] INFO  com.ulisesbocchio.jasyptspringboot.EncryptablePropertySourceConverter - Skipping PropertySource servletConfigInitParams [class org.springframework.core.env.PropertySource$StubPropertySource
2026-06-01 21:50:37 [restartedMain] INFO  com.ulisesbocchio.jasyptspringboot.EncryptablePropertySourceConverter - Skipping PropertySource servletContextInitParams [class org.springframework.core.env.PropertySource$StubPropertySource
2026-06-01 21:50:37 [restartedMain] INFO  com.ulisesbocchio.jasyptspringboot.EncryptablePropertySourceConverter - Converting PropertySource systemProperties [org.springframework.core.env.PropertiesPropertySource] to EncryptableMapPropertySourceWrapper
2026-06-01 21:50:37 [restartedMain] INFO  com.ulisesbocchio.jasyptspringboot.EncryptablePropertySourceConverter - Converting PropertySource systemEnvironment [org.springframework.boot.env.SystemEnvironmentPropertySourceEnvironmentPostProcessor$OriginAwareSystemEnvironmentPropertySource] to EncryptableSystemEnvironmentPropertySourceWrapper
2026-06-01 21:50:37 [restartedMain] INFO  com.ulisesbocchio.jasyptspringboot.EncryptablePropertySourceConverter - Converting PropertySource random [org.springframework.boot.env.RandomValuePropertySource] to EncryptablePropertySourceWrapper
2026-06-01 21:50:37 [restartedMain] INFO  com.ulisesbocchio.jasyptspringboot.EncryptablePropertySourceConverter - Converting PropertySource Config resource 'class path resource [application.yaml]' via location 'optional:classpath:/' [org.springframework.boot.env.OriginTrackedMapPropertySource] to EncryptableMapPropertySourceWrapper
2026-06-01 21:50:37 [restartedMain] INFO  com.ulisesbocchio.jasyptspringboot.EncryptablePropertySourceConverter - Converting PropertySource devtools [org.springframework.core.env.MapPropertySource] to EncryptableMapPropertySourceWrapper
2026-06-01 21:50:37 [restartedMain] INFO  com.ulisesbocchio.jasyptspringboot.filter.DefaultLazyPropertyFilter - Property Filter custom Bean not found with name 'encryptablePropertyFilter'. Initializing Default Property Filter
2026-06-01 21:50:37 [restartedMain] INFO  com.ulisesbocchio.jasyptspringboot.resolver.DefaultLazyPropertyResolver - Property Resolver custom Bean not found with name 'encryptablePropertyResolver'. Initializing Default Property Resolver
2026-06-01 21:50:37 [restartedMain] INFO  com.ulisesbocchio.jasyptspringboot.detector.DefaultLazyPropertyDetector - Property Detector custom Bean not found with name 'encryptablePropertyDetector'. Initializing Default Property Detector
2026-06-01 21:50:38 [restartedMain] INFO  org.springframework.boot.web.embedded.tomcat.TomcatWebServer - Tomcat initialized with port(s): 8083 (http)
2026-06-01 21:50:38 [restartedMain] INFO  org.springframework.boot.web.servlet.context.ServletWebServerApplicationContext - Root WebApplicationContext: initialization completed in 2173 ms
2026-06-01 21:50:39 [restartedMain] INFO  org.springframework.boot.actuate.endpoint.web.EndpointLinksResolver - Exposing 2 endpoint(s) beneath base path '/actuator'
2026-06-01 21:50:39 [restartedMain] INFO  org.springframework.security.web.DefaultSecurityFilterChain - Will secure any request with [org.springframework.security.web.session.DisableEncodeUrlFilter@39ba89c5, org.springframework.security.web.context.request.async.WebAsyncManagerIntegrationFilter@696ff102, org.springframework.security.web.context.SecurityContextPersistenceFilter@7bbc954e, org.springframework.security.web.header.HeaderWriterFilter@509cd44b, org.springframework.web.filter.CorsFilter@315c6b0c, org.springframework.security.web.authentication.logout.LogoutFilter@659e90d8, com.ninimum.api.security.jwt.JwtAuthenticationFilter@336cc8ec, com.ninimum.api.security.filter.UserAuthenticationFilter@5ef59be5, com.ninimum.api.security.filter.AdminAuthenticationFilter@488496d8, org.springframework.security.web.savedrequest.RequestCacheAwareFilter@57b041d8, org.springframework.security.web.servletapi.SecurityContextHolderAwareRequestFilter@13a5d70a, org.springframework.security.web.authentication.AnonymousAuthenticationFilter@1a5280cf, org.springframework.security.web.session.SessionManagementFilter@2945a096, org.springframework.security.web.access.ExceptionTranslationFilter@7a736c0e, org.springframework.security.web.access.intercept.AuthorizationFilter@79553a1a]
2026-06-01 21:50:39 [restartedMain] WARN  org.springframework.security.config.annotation.web.builders.WebSecurity - You are asking Spring Security to ignore Ant [pattern='/**/webjars/**']. This is not recommended -- please use permitAll via HttpSecurity#authorizeHttpRequests instead.
2026-06-01 21:50:39 [restartedMain] INFO  org.springframework.security.web.DefaultSecurityFilterChain - Will not secure Ant [pattern='/**/webjars/**']
2026-06-01 21:50:39 [restartedMain] WARN  org.springframework.security.config.annotation.web.builders.WebSecurity - You are asking Spring Security to ignore Ant [pattern='/uploads/**']. This is not recommended -- please use permitAll via HttpSecurity#authorizeHttpRequests instead.
2026-06-01 21:50:39 [restartedMain] INFO  org.springframework.security.web.DefaultSecurityFilterChain - Will not secure Ant [pattern='/uploads/**']
2026-06-01 21:50:39 [restartedMain] WARN  org.springframework.security.config.annotation.web.builders.WebSecurity - You are asking Spring Security to ignore Ant [pattern='/v2/api-docs']. This is not recommended -- please use permitAll via HttpSecurity#authorizeHttpRequests instead.
2026-06-01 21:50:39 [restartedMain] INFO  org.springframework.security.web.DefaultSecurityFilterChain - Will not secure Ant [pattern='/v2/api-docs']
2026-06-01 21:50:39 [restartedMain] WARN  org.springframework.security.config.annotation.web.builders.WebSecurity - You are asking Spring Security to ignore Ant [pattern='/swagger-resources']. This is not recommended -- please use permitAll via HttpSecurity#authorizeHttpRequests instead.
2026-06-01 21:50:39 [restartedMain] INFO  org.springframework.security.web.DefaultSecurityFilterChain - Will not secure Ant [pattern='/swagger-resources']
2026-06-01 21:50:39 [restartedMain] WARN  org.springframework.security.config.annotation.web.builders.WebSecurity - You are asking Spring Security to ignore Ant [pattern='/swagger-resources/**']. This is not recommended -- please use permitAll via HttpSecurity#authorizeHttpRequests instead.
2026-06-01 21:50:39 [restartedMain] INFO  org.springframework.security.web.DefaultSecurityFilterChain - Will not secure Ant [pattern='/swagger-resources/**']
2026-06-01 21:50:39 [restartedMain] WARN  org.springframework.security.config.annotation.web.builders.WebSecurity - You are asking Spring Security to ignore Ant [pattern='/configuration/ui']. This is not recommended -- please use permitAll via HttpSecurity#authorizeHttpRequests instead.
2026-06-01 21:50:39 [restartedMain] INFO  org.springframework.security.web.DefaultSecurityFilterChain - Will not secure Ant [pattern='/configuration/ui']
2026-06-01 21:50:39 [restartedMain] WARN  org.springframework.security.config.annotation.web.builders.WebSecurity - You are asking Spring Security to ignore Ant [pattern='/configuration/security']. This is not recommended -- please use permitAll via HttpSecurity#authorizeHttpRequests instead.
2026-06-01 21:50:39 [restartedMain] INFO  org.springframework.security.web.DefaultSecurityFilterChain - Will not secure Ant [pattern='/configuration/security']
2026-06-01 21:50:39 [restartedMain] WARN  org.springframework.security.config.annotation.web.builders.WebSecurity - You are asking Spring Security to ignore Ant [pattern='/swagger-ui/**']. This is not recommended -- please use permitAll via HttpSecurity#authorizeHttpRequests instead.
2026-06-01 21:50:39 [restartedMain] INFO  org.springframework.security.web.DefaultSecurityFilterChain - Will not secure Ant [pattern='/swagger-ui/**']
2026-06-01 21:50:39 [restartedMain] WARN  org.springframework.security.config.annotation.web.builders.WebSecurity - You are asking Spring Security to ignore Ant [pattern='/webjars/**']. This is not recommended -- please use permitAll via HttpSecurity#authorizeHttpRequests instead.
2026-06-01 21:50:39 [restartedMain] INFO  org.springframework.security.web.DefaultSecurityFilterChain - Will not secure Ant [pattern='/webjars/**']
2026-06-01 21:50:39 [restartedMain] WARN  org.springframework.security.config.annotation.web.builders.WebSecurity - You are asking Spring Security to ignore Ant [pattern='/v3/api-docs/**']. This is not recommended -- please use permitAll via HttpSecurity#authorizeHttpRequests instead.
2026-06-01 21:50:39 [restartedMain] INFO  org.springframework.security.web.DefaultSecurityFilterChain - Will not secure Ant [pattern='/v3/api-docs/**']
2026-06-01 21:50:39 [restartedMain] WARN  org.springframework.security.config.annotation.web.builders.WebSecurity - You are asking Spring Security to ignore Ant [pattern='/actuator/health/**']. This is not recommended -- please use permitAll via HttpSecurity#authorizeHttpRequests instead.
2026-06-01 21:50:39 [restartedMain] INFO  org.springframework.security.web.DefaultSecurityFilterChain - Will not secure Ant [pattern='/actuator/health/**']
2026-06-01 21:50:39 [restartedMain] WARN  org.springframework.security.config.annotation.web.builders.WebSecurity - You are asking Spring Security to ignore Ant [pattern='/actuator/info']. This is not recommended -- please use permitAll via HttpSecurity#authorizeHttpRequests instead.
2026-06-01 21:50:39 [restartedMain] INFO  org.springframework.security.web.DefaultSecurityFilterChain - Will not secure Ant [pattern='/actuator/info']
2026-06-01 21:50:39 [restartedMain] WARN  org.springframework.security.config.annotation.web.builders.WebSecurity - You are asking Spring Security to ignore Ant [pattern='/ninimum/actuator/**']. This is not recommended -- please use permitAll via HttpSecurity#authorizeHttpRequests instead.
2026-06-01 21:50:39 [restartedMain] INFO  org.springframework.security.web.DefaultSecurityFilterChain - Will not secure Ant [pattern='/ninimum/actuator/**']
2026-06-01 21:50:39 [restartedMain] WARN  org.springframework.security.config.annotation.web.builders.WebSecurity - You are asking Spring Security to ignore Ant [pattern='/api/v1/status']. This is not recommended -- please use permitAll via HttpSecurity#authorizeHttpRequests instead.
2026-06-01 21:50:39 [restartedMain] INFO  org.springframework.security.web.DefaultSecurityFilterChain - Will not secure Ant [pattern='/api/v1/status']
2026-06-01 21:50:39 [restartedMain] WARN  org.springframework.security.config.annotation.web.builders.WebSecurity - You are asking Spring Security to ignore Ant [pattern='/ninimum/api/v1/status']. This is not recommended -- please use permitAll via HttpSecurity#authorizeHttpRequests instead.
2026-06-01 21:50:39 [restartedMain] INFO  org.springframework.security.web.DefaultSecurityFilterChain - Will not secure Ant [pattern='/ninimum/api/v1/status']
2026-06-01 21:50:39 [restartedMain] WARN  org.springframework.security.config.annotation.web.builders.WebSecurity - You are asking Spring Security to ignore Ant [pattern='/ninimum/api/v1/user/checkPhoneNumber']. This is not recommended -- please use permitAll via HttpSecurity#authorizeHttpRequests instead.
2026-06-01 21:50:39 [restartedMain] INFO  org.springframework.security.web.DefaultSecurityFilterChain - Will not secure Ant [pattern='/ninimum/api/v1/user/checkPhoneNumber']
2026-06-01 21:50:39 [restartedMain] WARN  org.springframework.security.config.annotation.web.builders.WebSecurity - You are asking Spring Security to ignore Ant [pattern='/ninimum/api/v1/user/register']. This is not recommended -- please use permitAll via HttpSecurity#authorizeHttpRequests instead.
2026-06-01 21:50:39 [restartedMain] INFO  org.springframework.security.web.DefaultSecurityFilterChain - Will not secure Ant [pattern='/ninimum/api/v1/user/register']
2026-06-01 21:50:39 [restartedMain] WARN  org.springframework.security.config.annotation.web.builders.WebSecurity - You are asking Spring Security to ignore Ant [pattern='/ninimum/api/v1/message/verifyPhoneNumber']. This is not recommended -- please use permitAll via HttpSecurity#authorizeHttpRequests instead.
2026-06-01 21:50:39 [restartedMain] INFO  org.springframework.security.web.DefaultSecurityFilterChain - Will not secure Ant [pattern='/ninimum/api/v1/message/verifyPhoneNumber']
2026-06-01 21:50:39 [restartedMain] WARN  org.springframework.security.config.annotation.web.builders.WebSecurity - You are asking Spring Security to ignore Ant [pattern='/error']. This is not recommended -- please use permitAll via HttpSecurity#authorizeHttpRequests instead.
2026-06-01 21:50:39 [restartedMain] INFO  org.springframework.security.web.DefaultSecurityFilterChain - Will not secure Ant [pattern='/error']
2026-06-01 21:50:40 [restartedMain] INFO  com.zaxxer.hikari.HikariDataSource - HikariPool-1 - Starting...
2026-06-01 21:50:41 [restartedMain] INFO  com.zaxxer.hikari.HikariDataSource - HikariPool-1 - Start completed.
2026-06-01 21:50:41 [restartedMain] INFO  org.springframework.boot.devtools.autoconfigure.OptionalLiveReloadServer - LiveReload server is running on port 35729
2026-06-01 21:50:41 [restartedMain] INFO  org.springframework.boot.web.embedded.tomcat.TomcatWebServer - Tomcat started on port(s): 8083 (http) with context path ''
2026-06-01 21:50:41 [restartedMain] INFO  com.ulisesbocchio.jasyptspringboot.caching.RefreshScopeRefreshedEventListener - Refreshing cached encryptable property sources on ServletWebServerInitializedEvent
2026-06-01 21:50:41 [restartedMain] INFO  com.ulisesbocchio.jasyptspringboot.caching.CachingDelegateEncryptablePropertySource - Property Source systemProperties refreshed
2026-06-01 21:50:41 [restartedMain] INFO  com.ulisesbocchio.jasyptspringboot.caching.CachingDelegateEncryptablePropertySource - Property Source systemEnvironment refreshed
2026-06-01 21:50:41 [restartedMain] INFO  com.ulisesbocchio.jasyptspringboot.caching.CachingDelegateEncryptablePropertySource - Property Source random refreshed
2026-06-01 21:50:41 [restartedMain] INFO  com.ulisesbocchio.jasyptspringboot.caching.CachingDelegateEncryptablePropertySource - Property Source Config resource 'class path resource [application.yaml]' via location 'optional:classpath:/' refreshed
2026-06-01 21:50:41 [restartedMain] INFO  com.ulisesbocchio.jasyptspringboot.caching.CachingDelegateEncryptablePropertySource - Property Source devtools refreshed
2026-06-01 21:50:41 [restartedMain] INFO  com.ulisesbocchio.jasyptspringboot.EncryptablePropertySourceConverter - Converting PropertySource server.ports [org.springframework.core.env.MapPropertySource] to EncryptableMapPropertySourceWrapper
2026-06-01 21:50:41 [restartedMain] INFO  com.ulisesbocchio.jasyptspringboot.EncryptablePropertySourceConverter - Skipping PropertySource configurationProperties [class org.springframework.boot.context.properties.source.ConfigurationPropertySourcesPropertySource
2026-06-01 21:50:41 [restartedMain] INFO  com.ulisesbocchio.jasyptspringboot.EncryptablePropertySourceConverter - Skipping PropertySource servletConfigInitParams [class org.springframework.core.env.PropertySource$StubPropertySource
2026-06-01 21:50:41 [restartedMain] INFO  com.ulisesbocchio.jasyptspringboot.EncryptablePropertySourceConverter - Converting PropertySource servletContextInitParams [org.springframework.web.context.support.ServletContextPropertySource] to EncryptableEnumerablePropertySourceWrapper
2026-06-01 21:50:41 [restartedMain] INFO  com.ulisesbocchio.jasyptspringboot.EncryptablePropertySourceConverter - Converting PropertySource Management Server [org.springframework.boot.actuate.autoconfigure.web.server.ManagementContextAutoConfiguration$SameManagementContextConfiguration$1] to EncryptablePropertySourceWrapper
2026-06-01 21:50:41 [restartedMain] INFO  com.ninimum.api.NinimumApplication - Started NinimumApplication in 6.183 seconds (JVM running for 7.289)
2026-06-01 21:51:00 [http-nio-0.0.0.0-8083-exec-1] INFO  org.springframework.web.servlet.DispatcherServlet - Initializing Servlet 'dispatcherServlet'
2026-06-01 21:51:00 [http-nio-0.0.0.0-8083-exec-1] INFO  org.springframework.web.servlet.DispatcherServlet - Completed initialization in 1 ms
2026-06-01 21:51:00 [http-nio-0.0.0.0-8083-exec-1] INFO  com.ninimum.api.security.jwt.JwtAuthenticationFilter - bearerToken==> Bearer eyJhbGciOiJIUzI1NiJ9.eyJzdWIiOiJ0ZXN0IiwiYXV0aCI6IkFETUlOIiwiZXhwIjoxODExODUzMDg4fQ.yA9pWdvQAP0Z3QB3V96dLdCh9jziRxH6f9bwBnbc_U4
2026-06-01 21:51:00 [http-nio-0.0.0.0-8083-exec-1] INFO  com.ninimum.api.security.jwt.JwtAuthenticationFilter - JWT AUTHORITY => [ADMIN]
2026-06-01 21:51:00 [http-nio-0.0.0.0-8083-exec-1] INFO  com.ninimum.api.security.jwt.JwtAuthenticationFilter - REQUEST URI => /ninimum/api/v1/admin/product/createProduct
2026-06-01 21:51:32 [SpringApplicationShutdownHook] INFO  com.zaxxer.hikari.HikariDataSource - HikariPool-1 - Shutdown initiated...
2026-06-01 21:51:32 [SpringApplicationShutdownHook] INFO  com.zaxxer.hikari.HikariDataSource - HikariPool-1 - Shutdown completed.
2026-06-01 21:51:45 [restartedMain] INFO  com.ninimum.api.NinimumApplication - Starting NinimumApplication using Java 17.0.14 on Akmalui-MacBookPro.local with PID 5081 (/Users/akmalbukhariev/Projects/NinimumBackend/NinimumBackend/target/classes started by akmalbukhariev in /Users/akmalbukhariev/Projects/NinimumBackend/NinimumBackend)
2026-06-01 21:51:45 [restartedMain] INFO  com.ninimum.api.NinimumApplication - The following 1 profile is active: "default"
2026-06-01 21:51:45 [restartedMain] INFO  org.springframework.boot.devtools.env.DevToolsPropertyDefaultsPostProcessor - Devtools property defaults active! Set 'spring.devtools.add-properties' to 'false' to disable
2026-06-01 21:51:45 [restartedMain] INFO  org.springframework.boot.devtools.env.DevToolsPropertyDefaultsPostProcessor - For additional web related logging consider setting the 'logging.level.web' property to 'DEBUG'
2026-06-01 21:51:46 [restartedMain] INFO  org.springframework.data.repository.config.RepositoryConfigurationDelegate - Bootstrapping Spring Data JDBC repositories in DEFAULT mode.
2026-06-01 21:51:46 [restartedMain] INFO  org.springframework.data.repository.config.RepositoryConfigurationDelegate - Finished Spring Data repository scanning in 31 ms. Found 0 JDBC repository interfaces.
2026-06-01 21:51:47 [restartedMain] INFO  com.ulisesbocchio.jasyptspringboot.configuration.EnableEncryptablePropertiesBeanFactoryPostProcessor - Post-processing PropertySource instances
2026-06-01 21:51:47 [restartedMain] INFO  com.ulisesbocchio.jasyptspringboot.EncryptablePropertySourceConverter - Skipping PropertySource configurationProperties [class org.springframework.boot.context.properties.source.ConfigurationPropertySourcesPropertySource
2026-06-01 21:51:47 [restartedMain] INFO  com.ulisesbocchio.jasyptspringboot.EncryptablePropertySourceConverter - Skipping PropertySource servletConfigInitParams [class org.springframework.core.env.PropertySource$StubPropertySource
2026-06-01 21:51:47 [restartedMain] INFO  com.ulisesbocchio.jasyptspringboot.EncryptablePropertySourceConverter - Skipping PropertySource servletContextInitParams [class org.springframework.core.env.PropertySource$StubPropertySource
2026-06-01 21:51:47 [restartedMain] INFO  com.ulisesbocchio.jasyptspringboot.EncryptablePropertySourceConverter - Converting PropertySource systemProperties [org.springframework.core.env.PropertiesPropertySource] to EncryptableMapPropertySourceWrapper
2026-06-01 21:51:47 [restartedMain] INFO  com.ulisesbocchio.jasyptspringboot.EncryptablePropertySourceConverter - Converting PropertySource systemEnvironment [org.springframework.boot.env.SystemEnvironmentPropertySourceEnvironmentPostProcessor$OriginAwareSystemEnvironmentPropertySource] to EncryptableSystemEnvironmentPropertySourceWrapper
2026-06-01 21:51:47 [restartedMain] INFO  com.ulisesbocchio.jasyptspringboot.EncryptablePropertySourceConverter - Converting PropertySource random [org.springframework.boot.env.RandomValuePropertySource] to EncryptablePropertySourceWrapper
2026-06-01 21:51:47 [restartedMain] INFO  com.ulisesbocchio.jasyptspringboot.EncryptablePropertySourceConverter - Converting PropertySource Config resource 'class path resource [application.yaml]' via location 'optional:classpath:/' [org.springframework.boot.env.OriginTrackedMapPropertySource] to EncryptableMapPropertySourceWrapper
2026-06-01 21:51:47 [restartedMain] INFO  com.ulisesbocchio.jasyptspringboot.EncryptablePropertySourceConverter - Converting PropertySource devtools [org.springframework.core.env.MapPropertySource] to EncryptableMapPropertySourceWrapper
2026-06-01 21:51:47 [restartedMain] INFO  com.ulisesbocchio.jasyptspringboot.filter.DefaultLazyPropertyFilter - Property Filter custom Bean not found with name 'encryptablePropertyFilter'. Initializing Default Property Filter
2026-06-01 21:51:47 [restartedMain] INFO  com.ulisesbocchio.jasyptspringboot.resolver.DefaultLazyPropertyResolver - Property Resolver custom Bean not found with name 'encryptablePropertyResolver'. Initializing Default Property Resolver
2026-06-01 21:51:47 [restartedMain] INFO  com.ulisesbocchio.jasyptspringboot.detector.DefaultLazyPropertyDetector - Property Detector custom Bean not found with name 'encryptablePropertyDetector'. Initializing Default Property Detector
2026-06-01 21:51:47 [restartedMain] INFO  org.springframework.boot.web.embedded.tomcat.TomcatWebServer - Tomcat initialized with port(s): 8083 (http)
2026-06-01 21:51:47 [restartedMain] INFO  org.springframework.boot.web.servlet.context.ServletWebServerApplicationContext - Root WebApplicationContext: initialization completed in 2166 ms
2026-06-01 21:51:49 [restartedMain] INFO  org.springframework.boot.actuate.endpoint.web.EndpointLinksResolver - Exposing 2 endpoint(s) beneath base path '/actuator'
2026-06-01 21:51:49 [restartedMain] INFO  org.springframework.security.web.DefaultSecurityFilterChain - Will secure any request with [org.springframework.security.web.session.DisableEncodeUrlFilter@7cdec652, org.springframework.security.web.context.request.async.WebAsyncManagerIntegrationFilter@5dcce59, org.springframework.security.web.context.SecurityContextPersistenceFilter@2d73f7b4, org.springframework.security.web.header.HeaderWriterFilter@d882232, org.springframework.web.filter.CorsFilter@56d68c06, org.springframework.security.web.authentication.logout.LogoutFilter@5407b7fb, com.ninimum.api.security.jwt.JwtAuthenticationFilter@39173545, com.ninimum.api.security.filter.UserAuthenticationFilter@33f19863, com.ninimum.api.security.filter.AdminAuthenticationFilter@50bc2642, org.springframework.security.web.savedrequest.RequestCacheAwareFilter@40868119, org.springframework.security.web.servletapi.SecurityContextHolderAwareRequestFilter@79f27d64, org.springframework.security.web.authentication.AnonymousAuthenticationFilter@32e826ef, org.springframework.security.web.session.SessionManagementFilter@18836167, org.springframework.security.web.access.ExceptionTranslationFilter@1e00cc96, org.springframework.security.web.access.intercept.AuthorizationFilter@39980c7c]
2026-06-01 21:51:49 [restartedMain] WARN  org.springframework.security.config.annotation.web.builders.WebSecurity - You are asking Spring Security to ignore Ant [pattern='/**/webjars/**']. This is not recommended -- please use permitAll via HttpSecurity#authorizeHttpRequests instead.
2026-06-01 21:51:49 [restartedMain] INFO  org.springframework.security.web.DefaultSecurityFilterChain - Will not secure Ant [pattern='/**/webjars/**']
2026-06-01 21:51:49 [restartedMain] WARN  org.springframework.security.config.annotation.web.builders.WebSecurity - You are asking Spring Security to ignore Ant [pattern='/uploads/**']. This is not recommended -- please use permitAll via HttpSecurity#authorizeHttpRequests instead.
2026-06-01 21:51:49 [restartedMain] INFO  org.springframework.security.web.DefaultSecurityFilterChain - Will not secure Ant [pattern='/uploads/**']
2026-06-01 21:51:49 [restartedMain] WARN  org.springframework.security.config.annotation.web.builders.WebSecurity - You are asking Spring Security to ignore Ant [pattern='/v2/api-docs']. This is not recommended -- please use permitAll via HttpSecurity#authorizeHttpRequests instead.
2026-06-01 21:51:49 [restartedMain] INFO  org.springframework.security.web.DefaultSecurityFilterChain - Will not secure Ant [pattern='/v2/api-docs']
2026-06-01 21:51:49 [restartedMain] WARN  org.springframework.security.config.annotation.web.builders.WebSecurity - You are asking Spring Security to ignore Ant [pattern='/swagger-resources']. This is not recommended -- please use permitAll via HttpSecurity#authorizeHttpRequests instead.
2026-06-01 21:51:49 [restartedMain] INFO  org.springframework.security.web.DefaultSecurityFilterChain - Will not secure Ant [pattern='/swagger-resources']
2026-06-01 21:51:49 [restartedMain] WARN  org.springframework.security.config.annotation.web.builders.WebSecurity - You are asking Spring Security to ignore Ant [pattern='/swagger-resources/**']. This is not recommended -- please use permitAll via HttpSecurity#authorizeHttpRequests instead.
2026-06-01 21:51:49 [restartedMain] INFO  org.springframework.security.web.DefaultSecurityFilterChain - Will not secure Ant [pattern='/swagger-resources/**']
2026-06-01 21:51:49 [restartedMain] WARN  org.springframework.security.config.annotation.web.builders.WebSecurity - You are asking Spring Security to ignore Ant [pattern='/configuration/ui']. This is not recommended -- please use permitAll via HttpSecurity#authorizeHttpRequests instead.
2026-06-01 21:51:49 [restartedMain] INFO  org.springframework.security.web.DefaultSecurityFilterChain - Will not secure Ant [pattern='/configuration/ui']
2026-06-01 21:51:49 [restartedMain] WARN  org.springframework.security.config.annotation.web.builders.WebSecurity - You are asking Spring Security to ignore Ant [pattern='/configuration/security']. This is not recommended -- please use permitAll via HttpSecurity#authorizeHttpRequests instead.
2026-06-01 21:51:49 [restartedMain] INFO  org.springframework.security.web.DefaultSecurityFilterChain - Will not secure Ant [pattern='/configuration/security']
2026-06-01 21:51:49 [restartedMain] WARN  org.springframework.security.config.annotation.web.builders.WebSecurity - You are asking Spring Security to ignore Ant [pattern='/swagger-ui/**']. This is not recommended -- please use permitAll via HttpSecurity#authorizeHttpRequests instead.
2026-06-01 21:51:49 [restartedMain] INFO  org.springframework.security.web.DefaultSecurityFilterChain - Will not secure Ant [pattern='/swagger-ui/**']
2026-06-01 21:51:49 [restartedMain] WARN  org.springframework.security.config.annotation.web.builders.WebSecurity - You are asking Spring Security to ignore Ant [pattern='/webjars/**']. This is not recommended -- please use permitAll via HttpSecurity#authorizeHttpRequests instead.
2026-06-01 21:51:49 [restartedMain] INFO  org.springframework.security.web.DefaultSecurityFilterChain - Will not secure Ant [pattern='/webjars/**']
2026-06-01 21:51:49 [restartedMain] WARN  org.springframework.security.config.annotation.web.builders.WebSecurity - You are asking Spring Security to ignore Ant [pattern='/v3/api-docs/**']. This is not recommended -- please use permitAll via HttpSecurity#authorizeHttpRequests instead.
2026-06-01 21:51:49 [restartedMain] INFO  org.springframework.security.web.DefaultSecurityFilterChain - Will not secure Ant [pattern='/v3/api-docs/**']
2026-06-01 21:51:49 [restartedMain] WARN  org.springframework.security.config.annotation.web.builders.WebSecurity - You are asking Spring Security to ignore Ant [pattern='/actuator/health/**']. This is not recommended -- please use permitAll via HttpSecurity#authorizeHttpRequests instead.
2026-06-01 21:51:49 [restartedMain] INFO  org.springframework.security.web.DefaultSecurityFilterChain - Will not secure Ant [pattern='/actuator/health/**']
2026-06-01 21:51:49 [restartedMain] WARN  org.springframework.security.config.annotation.web.builders.WebSecurity - You are asking Spring Security to ignore Ant [pattern='/actuator/info']. This is not recommended -- please use permitAll via HttpSecurity#authorizeHttpRequests instead.
2026-06-01 21:51:49 [restartedMain] INFO  org.springframework.security.web.DefaultSecurityFilterChain - Will not secure Ant [pattern='/actuator/info']
2026-06-01 21:51:49 [restartedMain] WARN  org.springframework.security.config.annotation.web.builders.WebSecurity - You are asking Spring Security to ignore Ant [pattern='/ninimum/actuator/**']. This is not recommended -- please use permitAll via HttpSecurity#authorizeHttpRequests instead.
2026-06-01 21:51:49 [restartedMain] INFO  org.springframework.security.web.DefaultSecurityFilterChain - Will not secure Ant [pattern='/ninimum/actuator/**']
2026-06-01 21:51:49 [restartedMain] WARN  org.springframework.security.config.annotation.web.builders.WebSecurity - You are asking Spring Security to ignore Ant [pattern='/api/v1/status']. This is not recommended -- please use permitAll via HttpSecurity#authorizeHttpRequests instead.
2026-06-01 21:51:49 [restartedMain] INFO  org.springframework.security.web.DefaultSecurityFilterChain - Will not secure Ant [pattern='/api/v1/status']
2026-06-01 21:51:49 [restartedMain] WARN  org.springframework.security.config.annotation.web.builders.WebSecurity - You are asking Spring Security to ignore Ant [pattern='/ninimum/api/v1/status']. This is not recommended -- please use permitAll via HttpSecurity#authorizeHttpRequests instead.
2026-06-01 21:51:49 [restartedMain] INFO  org.springframework.security.web.DefaultSecurityFilterChain - Will not secure Ant [pattern='/ninimum/api/v1/status']
2026-06-01 21:51:49 [restartedMain] WARN  org.springframework.security.config.annotation.web.builders.WebSecurity - You are asking Spring Security to ignore Ant [pattern='/ninimum/api/v1/user/checkPhoneNumber']. This is not recommended -- please use permitAll via HttpSecurity#authorizeHttpRequests instead.
2026-06-01 21:51:49 [restartedMain] INFO  org.springframework.security.web.DefaultSecurityFilterChain - Will not secure Ant [pattern='/ninimum/api/v1/user/checkPhoneNumber']
2026-06-01 21:51:49 [restartedMain] WARN  org.springframework.security.config.annotation.web.builders.WebSecurity - You are asking Spring Security to ignore Ant [pattern='/ninimum/api/v1/user/register']. This is not recommended -- please use permitAll via HttpSecurity#authorizeHttpRequests instead.
2026-06-01 21:51:49 [restartedMain] INFO  org.springframework.security.web.DefaultSecurityFilterChain - Will not secure Ant [pattern='/ninimum/api/v1/user/register']
2026-06-01 21:51:49 [restartedMain] WARN  org.springframework.security.config.annotation.web.builders.WebSecurity - You are asking Spring Security to ignore Ant [pattern='/ninimum/api/v1/message/verifyPhoneNumber']. This is not recommended -- please use permitAll via HttpSecurity#authorizeHttpRequests instead.
2026-06-01 21:51:49 [restartedMain] INFO  org.springframework.security.web.DefaultSecurityFilterChain - Will not secure Ant [pattern='/ninimum/api/v1/message/verifyPhoneNumber']
2026-06-01 21:51:49 [restartedMain] WARN  org.springframework.security.config.annotation.web.builders.WebSecurity - You are asking Spring Security to ignore Ant [pattern='/error']. This is not recommended -- please use permitAll via HttpSecurity#authorizeHttpRequests instead.
2026-06-01 21:51:49 [restartedMain] INFO  org.springframework.security.web.DefaultSecurityFilterChain - Will not secure Ant [pattern='/error']
2026-06-01 21:51:50 [restartedMain] INFO  com.zaxxer.hikari.HikariDataSource - HikariPool-1 - Starting...
2026-06-01 21:51:51 [restartedMain] INFO  com.zaxxer.hikari.HikariDataSource - HikariPool-1 - Start completed.
2026-06-01 21:51:51 [restartedMain] INFO  org.springframework.boot.devtools.autoconfigure.OptionalLiveReloadServer - LiveReload server is running on port 35729
2026-06-01 21:51:51 [restartedMain] INFO  org.springframework.boot.web.embedded.tomcat.TomcatWebServer - Tomcat started on port(s): 8083 (http) with context path ''
2026-06-01 21:51:51 [restartedMain] INFO  com.ulisesbocchio.jasyptspringboot.caching.RefreshScopeRefreshedEventListener - Refreshing cached encryptable property sources on ServletWebServerInitializedEvent
2026-06-01 21:51:51 [restartedMain] INFO  com.ulisesbocchio.jasyptspringboot.caching.CachingDelegateEncryptablePropertySource - Property Source systemProperties refreshed
2026-06-01 21:51:51 [restartedMain] INFO  com.ulisesbocchio.jasyptspringboot.caching.CachingDelegateEncryptablePropertySource - Property Source systemEnvironment refreshed
2026-06-01 21:51:51 [restartedMain] INFO  com.ulisesbocchio.jasyptspringboot.caching.CachingDelegateEncryptablePropertySource - Property Source random refreshed
2026-06-01 21:51:51 [restartedMain] INFO  com.ulisesbocchio.jasyptspringboot.caching.CachingDelegateEncryptablePropertySource - Property Source Config resource 'class path resource [application.yaml]' via location 'optional:classpath:/' refreshed
2026-06-01 21:51:51 [restartedMain] INFO  com.ulisesbocchio.jasyptspringboot.caching.CachingDelegateEncryptablePropertySource - Property Source devtools refreshed
2026-06-01 21:51:51 [restartedMain] INFO  com.ulisesbocchio.jasyptspringboot.EncryptablePropertySourceConverter - Converting PropertySource server.ports [org.springframework.core.env.MapPropertySource] to EncryptableMapPropertySourceWrapper
2026-06-01 21:51:51 [restartedMain] INFO  com.ulisesbocchio.jasyptspringboot.EncryptablePropertySourceConverter - Skipping PropertySource configurationProperties [class org.springframework.boot.context.properties.source.ConfigurationPropertySourcesPropertySource
2026-06-01 21:51:51 [restartedMain] INFO  com.ulisesbocchio.jasyptspringboot.EncryptablePropertySourceConverter - Skipping PropertySource servletConfigInitParams [class org.springframework.core.env.PropertySource$StubPropertySource
2026-06-01 21:51:51 [restartedMain] INFO  com.ulisesbocchio.jasyptspringboot.EncryptablePropertySourceConverter - Converting PropertySource servletContextInitParams [org.springframework.web.context.support.ServletContextPropertySource] to EncryptableEnumerablePropertySourceWrapper
2026-06-01 21:51:51 [restartedMain] INFO  com.ulisesbocchio.jasyptspringboot.EncryptablePropertySourceConverter - Converting PropertySource Management Server [org.springframework.boot.actuate.autoconfigure.web.server.ManagementContextAutoConfiguration$SameManagementContextConfiguration$1] to EncryptablePropertySourceWrapper
2026-06-01 21:51:51 [restartedMain] INFO  com.ninimum.api.NinimumApplication - Started NinimumApplication in 6.329 seconds (JVM running for 7.379)
2026-06-01 21:52:09 [http-nio-0.0.0.0-8083-exec-1] INFO  org.springframework.web.servlet.DispatcherServlet - Initializing Servlet 'dispatcherServlet'
2026-06-01 21:52:09 [http-nio-0.0.0.0-8083-exec-1] INFO  org.springframework.web.servlet.DispatcherServlet - Completed initialization in 1 ms
2026-06-01 21:52:09 [http-nio-0.0.0.0-8083-exec-1] INFO  com.ninimum.api.security.jwt.JwtAuthenticationFilter - bearerToken==> Bearer eyJhbGciOiJIUzI1NiJ9.eyJzdWIiOiJ0ZXN0IiwiYXV0aCI6IkFETUlOIiwiZXhwIjoxODExODUzMDg4fQ.yA9pWdvQAP0Z3QB3V96dLdCh9jziRxH6f9bwBnbc_U4
2026-06-01 21:52:09 [http-nio-0.0.0.0-8083-exec-1] INFO  com.ninimum.api.security.jwt.JwtAuthenticationFilter - JWT AUTHORITY => [ADMIN]
2026-06-01 21:52:09 [http-nio-0.0.0.0-8083-exec-1] INFO  com.ninimum.api.security.jwt.JwtAuthenticationFilter - REQUEST URI => /ninimum/api/v1/admin/product/createProduct
2026-06-01 21:52:13 [http-nio-0.0.0.0-8083-exec-1] ERROR com.ninimum.api.product.controller.AdminProductController - AdminProductController => createProduct: 
com.fasterxml.jackson.databind.exc.UnrecognizedPropertyException: Unrecognized field "is_active" (class com.ninimum.api.param.AddProductParam), not marked as ignorable (14 known properties: "barcode", "is_featured", "brand", "price", "name", "stock_quantity", "images", "short_description", "id", "category_id", "sku", "weight_gram", "subscription_price", "description"])
 at [Source: (String)"{   "category_id": 1,   "name": "Beech-Nut Organics Pear, Banana & Kiwi",   "short_description": "Organik mevali pyure",   "description": "Beech-Nut Organics Pear, Banana & Kiwi - organik nok, banan va kivi pyuresi. 6+ oylik bolalar uchun mos.",   "sku": "BN-ORG-PBK-99",   "barcode": "052200998877",   "brand": "Beech-Nut",   "price": 32000,   "subscription_price": 29000,   "stock_quantity": 200,   "weight_gram": 99,   "is_active": true,   "is_featured": false }"; line: 1, column: 440] (through reference chain: com.ninimum.api.param.AddProductParam["is_active"])
	at com.fasterxml.jackson.databind.exc.UnrecognizedPropertyException.from(UnrecognizedPropertyException.java:61) ~[jackson-databind-2.15.2.jar:2.15.2]
	at com.fasterxml.jackson.databind.DeserializationContext.handleUnknownProperty(DeserializationContext.java:1138) ~[jackson-databind-2.15.2.jar:2.15.2]
	at com.fasterxml.jackson.databind.deser.std.StdDeserializer.handleUnknownProperty(StdDeserializer.java:2224) ~[jackson-databind-2.15.2.jar:2.15.2]
	at com.fasterxml.jackson.databind.deser.BeanDeserializerBase.handleUnknownProperty(BeanDeserializerBase.java:1709) ~[jackson-databind-2.15.2.jar:2.15.2]
	at com.fasterxml.jackson.databind.deser.BeanDeserializerBase.handleUnknownVanilla(BeanDeserializerBase.java:1687) ~[jackson-databind-2.15.2.jar:2.15.2]
	at com.fasterxml.jackson.databind.deser.BeanDeserializer.vanillaDeserialize(BeanDeserializer.java:320) ~[jackson-databind-2.15.2.jar:2.15.2]
	at com.fasterxml.jackson.databind.deser.BeanDeserializer.deserialize(BeanDeserializer.java:177) ~[jackson-databind-2.15.2.jar:2.15.2]
	at com.fasterxml.jackson.databind.deser.DefaultDeserializationContext.readRootValue(DefaultDeserializationContext.java:323) ~[jackson-databind-2.15.2.jar:2.15.2]
	at com.fasterxml.jackson.databind.ObjectMapper._readMapAndClose(ObjectMapper.java:4825) ~[jackson-databind-2.15.2.jar:2.15.2]
	at com.fasterxml.jackson.databind.ObjectMapper.readValue(ObjectMapper.java:3772) ~[jackson-databind-2.15.2.jar:2.15.2]
	at com.fasterxml.jackson.databind.ObjectMapper.readValue(ObjectMapper.java:3740) ~[jackson-databind-2.15.2.jar:2.15.2]
	at com.ninimum.api.product.controller.AdminProductController.createProduct(AdminProductController.java:56) ~[classes/:?]
	at jdk.internal.reflect.NativeMethodAccessorImpl.invoke0(Native Method) ~[?:?]
	at jdk.internal.reflect.NativeMethodAccessorImpl.invoke(NativeMethodAccessorImpl.java:77) ~[?:?]
	at jdk.internal.reflect.DelegatingMethodAccessorImpl.invoke(DelegatingMethodAccessorImpl.java:43) ~[?:?]
	at java.lang.reflect.Method.invoke(Method.java:569) ~[?:?]
	at org.springframework.web.method.support.InvocableHandlerMethod.doInvoke(InvocableHandlerMethod.java:205) ~[spring-web-5.3.21.jar:5.3.21]
	at org.springframework.web.method.support.InvocableHandlerMethod.invokeForRequest(InvocableHandlerMethod.java:150) ~[spring-web-5.3.21.jar:5.3.21]
	at org.springframework.web.servlet.mvc.method.annotation.ServletInvocableHandlerMethod.invokeAndHandle(ServletInvocableHandlerMethod.java:117) ~[spring-webmvc-5.3.21.jar:5.3.21]
	at org.springframework.web.servlet.mvc.method.annotation.RequestMappingHandlerAdapter.invokeHandlerMethod(RequestMappingHandlerAdapter.java:895) ~[spring-webmvc-5.3.21.jar:5.3.21]
	at org.springframework.web.servlet.mvc.method.annotation.RequestMappingHandlerAdapter.handleInternal(RequestMappingHandlerAdapter.java:808) ~[spring-webmvc-5.3.21.jar:5.3.21]
	at org.springframework.web.servlet.mvc.method.AbstractHandlerMethodAdapter.handle(AbstractHandlerMethodAdapter.java:87) ~[spring-webmvc-5.3.21.jar:5.3.21]
	at org.springframework.web.servlet.DispatcherServlet.doDispatch(DispatcherServlet.java:1067) ~[spring-webmvc-5.3.21.jar:5.3.21]
	at org.springframework.web.servlet.DispatcherServlet.doService(DispatcherServlet.java:963) ~[spring-webmvc-5.3.21.jar:5.3.21]
	at org.springframework.web.servlet.FrameworkServlet.processRequest(FrameworkServlet.java:1006) ~[spring-webmvc-5.3.21.jar:5.3.21]
	at org.springframework.web.servlet.FrameworkServlet.doPost(FrameworkServlet.java:909) ~[spring-webmvc-5.3.21.jar:5.3.21]
	at javax.servlet.http.HttpServlet.service(HttpServlet.java:681) ~[tomcat-embed-core-9.0.64.jar:4.0.FR]
	at org.springframework.web.servlet.FrameworkServlet.service(FrameworkServlet.java:883) ~[spring-webmvc-5.3.21.jar:5.3.21]
	at javax.servlet.http.HttpServlet.service(HttpServlet.java:764) ~[tomcat-embed-core-9.0.64.jar:4.0.FR]
	at org.apache.catalina.core.ApplicationFilterChain.internalDoFilter(ApplicationFilterChain.java:227) ~[tomcat-embed-core-9.0.64.jar:9.0.64]
	at org.apache.catalina.core.ApplicationFilterChain.doFilter(ApplicationFilterChain.java:162) ~[tomcat-embed-core-9.0.64.jar:9.0.64]
	at org.apache.tomcat.websocket.server.WsFilter.doFilter(WsFilter.java:53) ~[tomcat-embed-websocket-9.0.64.jar:9.0.64]
	at org.apache.catalina.core.ApplicationFilterChain.internalDoFilter(ApplicationFilterChain.java:189) ~[tomcat-embed-core-9.0.64.jar:9.0.64]
	at org.apache.catalina.core.ApplicationFilterChain.doFilter(ApplicationFilterChain.java:162) ~[tomcat-embed-core-9.0.64.jar:9.0.64]
	at org.springframework.security.web.FilterChainProxy$VirtualFilterChain.doFilter(FilterChainProxy.java:327) ~[spring-security-web-5.7.2.jar:5.7.2]
	at org.springframework.security.web.access.intercept.AuthorizationFilter.doFilterInternal(AuthorizationFilter.java:73) ~[spring-security-web-5.7.2.jar:5.7.2]
	at org.springframework.web.filter.OncePerRequestFilter.doFilter(OncePerRequestFilter.java:117) ~[spring-web-5.3.21.jar:5.3.21]
	at org.springframework.security.web.FilterChainProxy$VirtualFilterChain.doFilter(FilterChainProxy.java:336) ~[spring-security-web-5.7.2.jar:5.7.2]
	at org.springframework.security.web.access.ExceptionTranslationFilter.doFilter(ExceptionTranslationFilter.java:122) ~[spring-security-web-5.7.2.jar:5.7.2]
	at org.springframework.security.web.access.ExceptionTranslationFilter.doFilter(ExceptionTranslationFilter.java:116) ~[spring-security-web-5.7.2.jar:5.7.2]
	at org.springframework.security.web.FilterChainProxy$VirtualFilterChain.doFilter(FilterChainProxy.java:336) ~[spring-security-web-5.7.2.jar:5.7.2]
	at org.springframework.security.web.session.SessionManagementFilter.doFilter(SessionManagementFilter.java:126) ~[spring-security-web-5.7.2.jar:5.7.2]
	at org.springframework.security.web.session.SessionManagementFilter.doFilter(SessionManagementFilter.java:81) ~[spring-security-web-5.7.2.jar:5.7.2]
	at org.springframework.security.web.FilterChainProxy$VirtualFilterChain.doFilter(FilterChainProxy.java:336) ~[spring-security-web-5.7.2.jar:5.7.2]
	at org.springframework.security.web.authentication.AnonymousAuthenticationFilter.doFilter(AnonymousAuthenticationFilter.java:109) ~[spring-security-web-5.7.2.jar:5.7.2]
	at org.springframework.security.web.FilterChainProxy$VirtualFilterChain.doFilter(FilterChainProxy.java:336) ~[spring-security-web-5.7.2.jar:5.7.2]
	at org.springframework.security.web.servletapi.SecurityContextHolderAwareRequestFilter.doFilter(SecurityContextHolderAwareRequestFilter.java:149) ~[spring-security-web-5.7.2.jar:5.7.2]
	at org.springframework.security.web.FilterChainProxy$VirtualFilterChain.doFilter(FilterChainProxy.java:336) ~[spring-security-web-5.7.2.jar:5.7.2]
	at org.springframework.security.web.savedrequest.RequestCacheAwareFilter.doFilter(RequestCacheAwareFilter.java:63) ~[spring-security-web-5.7.2.jar:5.7.2]
	at org.springframework.security.web.FilterChainProxy$VirtualFilterChain.doFilter(FilterChainProxy.java:336) ~[spring-security-web-5.7.2.jar:5.7.2]
	at org.springframework.security.web.authentication.AbstractAuthenticationProcessingFilter.doFilter(AbstractAuthenticationProcessingFilter.java:223) ~[spring-security-web-5.7.2.jar:5.7.2]
	at org.springframework.security.web.authentication.AbstractAuthenticationProcessingFilter.doFilter(AbstractAuthenticationProcessingFilter.java:217) ~[spring-security-web-5.7.2.jar:5.7.2]
	at org.springframework.security.web.FilterChainProxy$VirtualFilterChain.doFilter(FilterChainProxy.java:336) ~[spring-security-web-5.7.2.jar:5.7.2]
	at org.springframework.security.web.authentication.AbstractAuthenticationProcessingFilter.doFilter(AbstractAuthenticationProcessingFilter.java:223) ~[spring-security-web-5.7.2.jar:5.7.2]
	at org.springframework.security.web.authentication.AbstractAuthenticationProcessingFilter.doFilter(AbstractAuthenticationProcessingFilter.java:217) ~[spring-security-web-5.7.2.jar:5.7.2]
	at org.springframework.security.web.FilterChainProxy$VirtualFilterChain.doFilter(FilterChainProxy.java:336) ~[spring-security-web-5.7.2.jar:5.7.2]
	at com.ninimum.api.security.jwt.JwtAuthenticationFilter.doFilterInternal(JwtAuthenticationFilter.java:79) ~[classes/:?]
	at org.springframework.web.filter.OncePerRequestFilter.doFilter(OncePerRequestFilter.java:117) ~[spring-web-5.3.21.jar:5.3.21]
	at org.springframework.security.web.FilterChainProxy$VirtualFilterChain.doFilter(FilterChainProxy.java:336) ~[spring-security-web-5.7.2.jar:5.7.2]
	at org.springframework.security.web.authentication.logout.LogoutFilter.doFilter(LogoutFilter.java:103) ~[spring-security-web-5.7.2.jar:5.7.2]
	at org.springframework.security.web.authentication.logout.LogoutFilter.doFilter(LogoutFilter.java:89) ~[spring-security-web-5.7.2.jar:5.7.2]
	at org.springframework.security.web.FilterChainProxy$VirtualFilterChain.doFilter(FilterChainProxy.java:336) ~[spring-security-web-5.7.2.jar:5.7.2]
	at org.springframework.web.filter.CorsFilter.doFilterInternal(CorsFilter.java:91) ~[spring-web-5.3.21.jar:5.3.21]
	at org.springframework.web.filter.OncePerRequestFilter.doFilter(OncePerRequestFilter.java:117) ~[spring-web-5.3.21.jar:5.3.21]
	at org.springframework.security.web.FilterChainProxy$VirtualFilterChain.doFilter(FilterChainProxy.java:336) ~[spring-security-web-5.7.2.jar:5.7.2]
	at org.springframework.security.web.header.HeaderWriterFilter.doHeadersAfter(HeaderWriterFilter.java:90) ~[spring-security-web-5.7.2.jar:5.7.2]
	at org.springframework.security.web.header.HeaderWriterFilter.doFilterInternal(HeaderWriterFilter.java:75) ~[spring-security-web-5.7.2.jar:5.7.2]
	at org.springframework.web.filter.OncePerRequestFilter.doFilter(OncePerRequestFilter.java:117) ~[spring-web-5.3.21.jar:5.3.21]
	at org.springframework.security.web.FilterChainProxy$VirtualFilterChain.doFilter(FilterChainProxy.java:336) ~[spring-security-web-5.7.2.jar:5.7.2]
	at org.springframework.security.web.context.SecurityContextPersistenceFilter.doFilter(SecurityContextPersistenceFilter.java:112) ~[spring-security-web-5.7.2.jar:5.7.2]
	at org.springframework.security.web.context.SecurityContextPersistenceFilter.doFilter(SecurityContextPersistenceFilter.java:82) ~[spring-security-web-5.7.2.jar:5.7.2]
	at org.springframework.security.web.FilterChainProxy$VirtualFilterChain.doFilter(FilterChainProxy.java:336) ~[spring-security-web-5.7.2.jar:5.7.2]
	at org.springframework.security.web.context.request.async.WebAsyncManagerIntegrationFilter.doFilterInternal(WebAsyncManagerIntegrationFilter.java:55) ~[spring-security-web-5.7.2.jar:5.7.2]
	at org.springframework.web.filter.OncePerRequestFilter.doFilter(OncePerRequestFilter.java:117) ~[spring-web-5.3.21.jar:5.3.21]
	at org.springframework.security.web.FilterChainProxy$VirtualFilterChain.doFilter(FilterChainProxy.java:336) ~[spring-security-web-5.7.2.jar:5.7.2]
	at org.springframework.security.web.session.DisableEncodeUrlFilter.doFilterInternal(DisableEncodeUrlFilter.java:42) ~[spring-security-web-5.7.2.jar:5.7.2]
	at org.springframework.web.filter.OncePerRequestFilter.doFilter(OncePerRequestFilter.java:117) ~[spring-web-5.3.21.jar:5.3.21]
	at org.springframework.security.web.FilterChainProxy$VirtualFilterChain.doFilter(FilterChainProxy.java:336) ~[spring-security-web-5.7.2.jar:5.7.2]
	at org.springframework.security.web.FilterChainProxy.doFilterInternal(FilterChainProxy.java:211) ~[spring-security-web-5.7.2.jar:5.7.2]
	at org.springframework.security.web.FilterChainProxy.doFilter(FilterChainProxy.java:183) ~[spring-security-web-5.7.2.jar:5.7.2]
	at org.springframework.web.filter.DelegatingFilterProxy.invokeDelegate(DelegatingFilterProxy.java:354) ~[spring-web-5.3.21.jar:5.3.21]
	at org.springframework.web.filter.DelegatingFilterProxy.doFilter(DelegatingFilterProxy.java:267) ~[spring-web-5.3.21.jar:5.3.21]
	at org.apache.catalina.core.ApplicationFilterChain.internalDoFilter(ApplicationFilterChain.java:189) ~[tomcat-embed-core-9.0.64.jar:9.0.64]
	at org.apache.catalina.core.ApplicationFilterChain.doFilter(ApplicationFilterChain.java:162) ~[tomcat-embed-core-9.0.64.jar:9.0.64]
	at org.springframework.web.filter.RequestContextFilter.doFilterInternal(RequestContextFilter.java:100) ~[spring-web-5.3.21.jar:5.3.21]
	at org.springframework.web.filter.OncePerRequestFilter.doFilter(OncePerRequestFilter.java:117) ~[spring-web-5.3.21.jar:5.3.21]
	at org.apache.catalina.core.ApplicationFilterChain.internalDoFilter(ApplicationFilterChain.java:189) ~[tomcat-embed-core-9.0.64.jar:9.0.64]
	at org.apache.catalina.core.ApplicationFilterChain.doFilter(ApplicationFilterChain.java:162) ~[tomcat-embed-core-9.0.64.jar:9.0.64]
	at org.springframework.web.filter.FormContentFilter.doFilterInternal(FormContentFilter.java:93) ~[spring-web-5.3.21.jar:5.3.21]
	at org.springframework.web.filter.OncePerRequestFilter.doFilter(OncePerRequestFilter.java:117) ~[spring-web-5.3.21.jar:5.3.21]
	at org.apache.catalina.core.ApplicationFilterChain.internalDoFilter(ApplicationFilterChain.java:189) ~[tomcat-embed-core-9.0.64.jar:9.0.64]
	at org.apache.catalina.core.ApplicationFilterChain.doFilter(ApplicationFilterChain.java:162) ~[tomcat-embed-core-9.0.64.jar:9.0.64]
	at org.springframework.boot.actuate.metrics.web.servlet.WebMvcMetricsFilter.doFilterInternal(WebMvcMetricsFilter.java:96) ~[spring-boot-actuator-2.7.1.jar:2.7.1]
	at org.springframework.web.filter.OncePerRequestFilter.doFilter(OncePerRequestFilter.java:117) ~[spring-web-5.3.21.jar:5.3.21]
	at org.apache.catalina.core.ApplicationFilterChain.internalDoFilter(ApplicationFilterChain.java:189) ~[tomcat-embed-core-9.0.64.jar:9.0.64]
	at org.apache.catalina.core.ApplicationFilterChain.doFilter(ApplicationFilterChain.java:162) ~[tomcat-embed-core-9.0.64.jar:9.0.64]
	at org.springframework.web.filter.CharacterEncodingFilter.doFilterInternal(CharacterEncodingFilter.java:201) ~[spring-web-5.3.21.jar:5.3.21]
	at org.springframework.web.filter.OncePerRequestFilter.doFilter(OncePerRequestFilter.java:117) ~[spring-web-5.3.21.jar:5.3.21]
	at org.apache.catalina.core.ApplicationFilterChain.internalDoFilter(ApplicationFilterChain.java:189) ~[tomcat-embed-core-9.0.64.jar:9.0.64]
	at org.apache.catalina.core.ApplicationFilterChain.doFilter(ApplicationFilterChain.java:162) ~[tomcat-embed-core-9.0.64.jar:9.0.64]
	at org.apache.catalina.core.StandardWrapperValve.invoke(StandardWrapperValve.java:197) ~[tomcat-embed-core-9.0.64.jar:9.0.64]
	at org.apache.catalina.core.StandardContextValve.invoke(StandardContextValve.java:97) ~[tomcat-embed-core-9.0.64.jar:9.0.64]
	at org.apache.catalina.authenticator.AuthenticatorBase.invoke(AuthenticatorBase.java:541) ~[tomcat-embed-core-9.0.64.jar:9.0.64]
	at org.apache.catalina.core.StandardHostValve.invoke(StandardHostValve.java:135) ~[tomcat-embed-core-9.0.64.jar:9.0.64]
	at org.apache.catalina.valves.ErrorReportValve.invoke(ErrorReportValve.java:92) ~[tomcat-embed-core-9.0.64.jar:9.0.64]
	at org.apache.catalina.core.StandardEngineValve.invoke(StandardEngineValve.java:78) ~[tomcat-embed-core-9.0.64.jar:9.0.64]
	at org.apache.catalina.connector.CoyoteAdapter.service(CoyoteAdapter.java:360) ~[tomcat-embed-core-9.0.64.jar:9.0.64]
	at org.apache.coyote.http11.Http11Processor.service(Http11Processor.java:399) ~[tomcat-embed-core-9.0.64.jar:9.0.64]
	at org.apache.coyote.AbstractProcessorLight.process(AbstractProcessorLight.java:65) ~[tomcat-embed-core-9.0.64.jar:9.0.64]
	at org.apache.coyote.AbstractProtocol$ConnectionHandler.process(AbstractProtocol.java:890) ~[tomcat-embed-core-9.0.64.jar:9.0.64]
	at org.apache.tomcat.util.net.NioEndpoint$SocketProcessor.doRun(NioEndpoint.java:1787) ~[tomcat-embed-core-9.0.64.jar:9.0.64]
	at org.apache.tomcat.util.net.SocketProcessorBase.run(SocketProcessorBase.java:49) ~[tomcat-embed-core-9.0.64.jar:9.0.64]
	at org.apache.tomcat.util.threads.ThreadPoolExecutor.runWorker(ThreadPoolExecutor.java:1191) ~[tomcat-embed-core-9.0.64.jar:9.0.64]
	at org.apache.tomcat.util.threads.ThreadPoolExecutor$Worker.run(ThreadPoolExecutor.java:659) ~[tomcat-embed-core-9.0.64.jar:9.0.64]
	at org.apache.tomcat.util.threads.TaskThread$WrappingRunnable.run(TaskThread.java:61) ~[tomcat-embed-core-9.0.64.jar:9.0.64]
	at java.lang.Thread.run(Thread.java:840) ~[?:?]
2026-06-01 21:52:14 [SpringApplicationShutdownHook] INFO  com.zaxxer.hikari.HikariDataSource - HikariPool-1 - Shutdown initiated...
2026-06-01 21:52:14 [SpringApplicationShutdownHook] INFO  com.zaxxer.hikari.HikariDataSource - HikariPool-1 - Shutdown completed.
2026-06-01 21:53:29 [restartedMain] INFO  com.ninimum.api.NinimumApplication - Starting NinimumApplication using Java 17.0.14 on Akmalui-MacBookPro.local with PID 5199 (/Users/akmalbukhariev/Projects/NinimumBackend/NinimumBackend/target/classes started by akmalbukhariev in /Users/akmalbukhariev/Projects/NinimumBackend/NinimumBackend)
2026-06-01 21:53:29 [restartedMain] INFO  com.ninimum.api.NinimumApplication - The following 1 profile is active: "default"
2026-06-01 21:53:29 [restartedMain] INFO  org.springframework.boot.devtools.env.DevToolsPropertyDefaultsPostProcessor - Devtools property defaults active! Set 'spring.devtools.add-properties' to 'false' to disable
2026-06-01 21:53:29 [restartedMain] INFO  org.springframework.boot.devtools.env.DevToolsPropertyDefaultsPostProcessor - For additional web related logging consider setting the 'logging.level.web' property to 'DEBUG'
2026-06-01 21:53:30 [restartedMain] INFO  org.springframework.data.repository.config.RepositoryConfigurationDelegate - Bootstrapping Spring Data JDBC repositories in DEFAULT mode.
2026-06-01 21:53:30 [restartedMain] INFO  org.springframework.data.repository.config.RepositoryConfigurationDelegate - Finished Spring Data repository scanning in 39 ms. Found 0 JDBC repository interfaces.
2026-06-01 21:53:31 [restartedMain] INFO  com.ulisesbocchio.jasyptspringboot.configuration.EnableEncryptablePropertiesBeanFactoryPostProcessor - Post-processing PropertySource instances
2026-06-01 21:53:31 [restartedMain] INFO  com.ulisesbocchio.jasyptspringboot.EncryptablePropertySourceConverter - Skipping PropertySource configurationProperties [class org.springframework.boot.context.properties.source.ConfigurationPropertySourcesPropertySource
2026-06-01 21:53:31 [restartedMain] INFO  com.ulisesbocchio.jasyptspringboot.EncryptablePropertySourceConverter - Skipping PropertySource servletConfigInitParams [class org.springframework.core.env.PropertySource$StubPropertySource
2026-06-01 21:53:31 [restartedMain] INFO  com.ulisesbocchio.jasyptspringboot.EncryptablePropertySourceConverter - Skipping PropertySource servletContextInitParams [class org.springframework.core.env.PropertySource$StubPropertySource
2026-06-01 21:53:31 [restartedMain] INFO  com.ulisesbocchio.jasyptspringboot.EncryptablePropertySourceConverter - Converting PropertySource systemProperties [org.springframework.core.env.PropertiesPropertySource] to EncryptableMapPropertySourceWrapper
2026-06-01 21:53:31 [restartedMain] INFO  com.ulisesbocchio.jasyptspringboot.EncryptablePropertySourceConverter - Converting PropertySource systemEnvironment [org.springframework.boot.env.SystemEnvironmentPropertySourceEnvironmentPostProcessor$OriginAwareSystemEnvironmentPropertySource] to EncryptableSystemEnvironmentPropertySourceWrapper
2026-06-01 21:53:31 [restartedMain] INFO  com.ulisesbocchio.jasyptspringboot.EncryptablePropertySourceConverter - Converting PropertySource random [org.springframework.boot.env.RandomValuePropertySource] to EncryptablePropertySourceWrapper
2026-06-01 21:53:31 [restartedMain] INFO  com.ulisesbocchio.jasyptspringboot.EncryptablePropertySourceConverter - Converting PropertySource Config resource 'class path resource [application.yaml]' via location 'optional:classpath:/' [org.springframework.boot.env.OriginTrackedMapPropertySource] to EncryptableMapPropertySourceWrapper
2026-06-01 21:53:31 [restartedMain] INFO  com.ulisesbocchio.jasyptspringboot.EncryptablePropertySourceConverter - Converting PropertySource devtools [org.springframework.core.env.MapPropertySource] to EncryptableMapPropertySourceWrapper
2026-06-01 21:53:31 [restartedMain] INFO  com.ulisesbocchio.jasyptspringboot.filter.DefaultLazyPropertyFilter - Property Filter custom Bean not found with name 'encryptablePropertyFilter'. Initializing Default Property Filter
2026-06-01 21:53:31 [restartedMain] INFO  com.ulisesbocchio.jasyptspringboot.resolver.DefaultLazyPropertyResolver - Property Resolver custom Bean not found with name 'encryptablePropertyResolver'. Initializing Default Property Resolver
2026-06-01 21:53:31 [restartedMain] INFO  com.ulisesbocchio.jasyptspringboot.detector.DefaultLazyPropertyDetector - Property Detector custom Bean not found with name 'encryptablePropertyDetector'. Initializing Default Property Detector
2026-06-01 21:53:31 [restartedMain] INFO  org.springframework.boot.web.embedded.tomcat.TomcatWebServer - Tomcat initialized with port(s): 8083 (http)
2026-06-01 21:53:31 [restartedMain] INFO  org.springframework.boot.web.servlet.context.ServletWebServerApplicationContext - Root WebApplicationContext: initialization completed in 2594 ms
2026-06-01 21:53:33 [restartedMain] INFO  org.springframework.boot.actuate.endpoint.web.EndpointLinksResolver - Exposing 2 endpoint(s) beneath base path '/actuator'
2026-06-01 21:53:33 [restartedMain] INFO  org.springframework.security.web.DefaultSecurityFilterChain - Will secure any request with [org.springframework.security.web.session.DisableEncodeUrlFilter@4188775c, org.springframework.security.web.context.request.async.WebAsyncManagerIntegrationFilter@39ba89c5, org.springframework.security.web.context.SecurityContextPersistenceFilter@e4ab1a3, org.springframework.security.web.header.HeaderWriterFilter@5d699ff5, org.springframework.web.filter.CorsFilter@696ff102, org.springframework.security.web.authentication.logout.LogoutFilter@733e2468, com.ninimum.api.security.jwt.JwtAuthenticationFilter@315c6b0c, com.ninimum.api.security.filter.UserAuthenticationFilter@336cc8ec, com.ninimum.api.security.filter.AdminAuthenticationFilter@5ef59be5, org.springframework.security.web.savedrequest.RequestCacheAwareFilter@7f79cbbf, org.springframework.security.web.servletapi.SecurityContextHolderAwareRequestFilter@c2c2524, org.springframework.security.web.authentication.AnonymousAuthenticationFilter@488496d8, org.springframework.security.web.session.SessionManagementFilter@4837b682, org.springframework.security.web.access.ExceptionTranslationFilter@62af5381, org.springframework.security.web.access.intercept.AuthorizationFilter@c2e9c94]
2026-06-01 21:53:33 [restartedMain] WARN  org.springframework.security.config.annotation.web.builders.WebSecurity - You are asking Spring Security to ignore Ant [pattern='/**/webjars/**']. This is not recommended -- please use permitAll via HttpSecurity#authorizeHttpRequests instead.
2026-06-01 21:53:33 [restartedMain] INFO  org.springframework.security.web.DefaultSecurityFilterChain - Will not secure Ant [pattern='/**/webjars/**']
2026-06-01 21:53:33 [restartedMain] WARN  org.springframework.security.config.annotation.web.builders.WebSecurity - You are asking Spring Security to ignore Ant [pattern='/uploads/**']. This is not recommended -- please use permitAll via HttpSecurity#authorizeHttpRequests instead.
2026-06-01 21:53:33 [restartedMain] INFO  org.springframework.security.web.DefaultSecurityFilterChain - Will not secure Ant [pattern='/uploads/**']
2026-06-01 21:53:33 [restartedMain] WARN  org.springframework.security.config.annotation.web.builders.WebSecurity - You are asking Spring Security to ignore Ant [pattern='/v2/api-docs']. This is not recommended -- please use permitAll via HttpSecurity#authorizeHttpRequests instead.
2026-06-01 21:53:33 [restartedMain] INFO  org.springframework.security.web.DefaultSecurityFilterChain - Will not secure Ant [pattern='/v2/api-docs']
2026-06-01 21:53:33 [restartedMain] WARN  org.springframework.security.config.annotation.web.builders.WebSecurity - You are asking Spring Security to ignore Ant [pattern='/swagger-resources']. This is not recommended -- please use permitAll via HttpSecurity#authorizeHttpRequests instead.
2026-06-01 21:53:33 [restartedMain] INFO  org.springframework.security.web.DefaultSecurityFilterChain - Will not secure Ant [pattern='/swagger-resources']
2026-06-01 21:53:33 [restartedMain] WARN  org.springframework.security.config.annotation.web.builders.WebSecurity - You are asking Spring Security to ignore Ant [pattern='/swagger-resources/**']. This is not recommended -- please use permitAll via HttpSecurity#authorizeHttpRequests instead.
2026-06-01 21:53:33 [restartedMain] INFO  org.springframework.security.web.DefaultSecurityFilterChain - Will not secure Ant [pattern='/swagger-resources/**']
2026-06-01 21:53:33 [restartedMain] WARN  org.springframework.security.config.annotation.web.builders.WebSecurity - You are asking Spring Security to ignore Ant [pattern='/configuration/ui']. This is not recommended -- please use permitAll via HttpSecurity#authorizeHttpRequests instead.
2026-06-01 21:53:33 [restartedMain] INFO  org.springframework.security.web.DefaultSecurityFilterChain - Will not secure Ant [pattern='/configuration/ui']
2026-06-01 21:53:33 [restartedMain] WARN  org.springframework.security.config.annotation.web.builders.WebSecurity - You are asking Spring Security to ignore Ant [pattern='/configuration/security']. This is not recommended -- please use permitAll via HttpSecurity#authorizeHttpRequests instead.
2026-06-01 21:53:33 [restartedMain] INFO  org.springframework.security.web.DefaultSecurityFilterChain - Will not secure Ant [pattern='/configuration/security']
2026-06-01 21:53:33 [restartedMain] WARN  org.springframework.security.config.annotation.web.builders.WebSecurity - You are asking Spring Security to ignore Ant [pattern='/swagger-ui/**']. This is not recommended -- please use permitAll via HttpSecurity#authorizeHttpRequests instead.
2026-06-01 21:53:33 [restartedMain] INFO  org.springframework.security.web.DefaultSecurityFilterChain - Will not secure Ant [pattern='/swagger-ui/**']
2026-06-01 21:53:33 [restartedMain] WARN  org.springframework.security.config.annotation.web.builders.WebSecurity - You are asking Spring Security to ignore Ant [pattern='/webjars/**']. This is not recommended -- please use permitAll via HttpSecurity#authorizeHttpRequests instead.
2026-06-01 21:53:33 [restartedMain] INFO  org.springframework.security.web.DefaultSecurityFilterChain - Will not secure Ant [pattern='/webjars/**']
2026-06-01 21:53:33 [restartedMain] WARN  org.springframework.security.config.annotation.web.builders.WebSecurity - You are asking Spring Security to ignore Ant [pattern='/v3/api-docs/**']. This is not recommended -- please use permitAll via HttpSecurity#authorizeHttpRequests instead.
2026-06-01 21:53:33 [restartedMain] INFO  org.springframework.security.web.DefaultSecurityFilterChain - Will not secure Ant [pattern='/v3/api-docs/**']
2026-06-01 21:53:33 [restartedMain] WARN  org.springframework.security.config.annotation.web.builders.WebSecurity - You are asking Spring Security to ignore Ant [pattern='/actuator/health/**']. This is not recommended -- please use permitAll via HttpSecurity#authorizeHttpRequests instead.
2026-06-01 21:53:33 [restartedMain] INFO  org.springframework.security.web.DefaultSecurityFilterChain - Will not secure Ant [pattern='/actuator/health/**']
2026-06-01 21:53:33 [restartedMain] WARN  org.springframework.security.config.annotation.web.builders.WebSecurity - You are asking Spring Security to ignore Ant [pattern='/actuator/info']. This is not recommended -- please use permitAll via HttpSecurity#authorizeHttpRequests instead.
2026-06-01 21:53:33 [restartedMain] INFO  org.springframework.security.web.DefaultSecurityFilterChain - Will not secure Ant [pattern='/actuator/info']
2026-06-01 21:53:33 [restartedMain] WARN  org.springframework.security.config.annotation.web.builders.WebSecurity - You are asking Spring Security to ignore Ant [pattern='/ninimum/actuator/**']. This is not recommended -- please use permitAll via HttpSecurity#authorizeHttpRequests instead.
2026-06-01 21:53:33 [restartedMain] INFO  org.springframework.security.web.DefaultSecurityFilterChain - Will not secure Ant [pattern='/ninimum/actuator/**']
2026-06-01 21:53:33 [restartedMain] WARN  org.springframework.security.config.annotation.web.builders.WebSecurity - You are asking Spring Security to ignore Ant [pattern='/api/v1/status']. This is not recommended -- please use permitAll via HttpSecurity#authorizeHttpRequests instead.
2026-06-01 21:53:33 [restartedMain] INFO  org.springframework.security.web.DefaultSecurityFilterChain - Will not secure Ant [pattern='/api/v1/status']
2026-06-01 21:53:33 [restartedMain] WARN  org.springframework.security.config.annotation.web.builders.WebSecurity - You are asking Spring Security to ignore Ant [pattern='/ninimum/api/v1/status']. This is not recommended -- please use permitAll via HttpSecurity#authorizeHttpRequests instead.
2026-06-01 21:53:33 [restartedMain] INFO  org.springframework.security.web.DefaultSecurityFilterChain - Will not secure Ant [pattern='/ninimum/api/v1/status']
2026-06-01 21:53:33 [restartedMain] WARN  org.springframework.security.config.annotation.web.builders.WebSecurity - You are asking Spring Security to ignore Ant [pattern='/ninimum/api/v1/user/checkPhoneNumber']. This is not recommended -- please use permitAll via HttpSecurity#authorizeHttpRequests instead.
2026-06-01 21:53:33 [restartedMain] INFO  org.springframework.security.web.DefaultSecurityFilterChain - Will not secure Ant [pattern='/ninimum/api/v1/user/checkPhoneNumber']
2026-06-01 21:53:33 [restartedMain] WARN  org.springframework.security.config.annotation.web.builders.WebSecurity - You are asking Spring Security to ignore Ant [pattern='/ninimum/api/v1/user/register']. This is not recommended -- please use permitAll via HttpSecurity#authorizeHttpRequests instead.
2026-06-01 21:53:33 [restartedMain] INFO  org.springframework.security.web.DefaultSecurityFilterChain - Will not secure Ant [pattern='/ninimum/api/v1/user/register']
2026-06-01 21:53:33 [restartedMain] WARN  org.springframework.security.config.annotation.web.builders.WebSecurity - You are asking Spring Security to ignore Ant [pattern='/ninimum/api/v1/message/verifyPhoneNumber']. This is not recommended -- please use permitAll via HttpSecurity#authorizeHttpRequests instead.
2026-06-01 21:53:33 [restartedMain] INFO  org.springframework.security.web.DefaultSecurityFilterChain - Will not secure Ant [pattern='/ninimum/api/v1/message/verifyPhoneNumber']
2026-06-01 21:53:33 [restartedMain] WARN  org.springframework.security.config.annotation.web.builders.WebSecurity - You are asking Spring Security to ignore Ant [pattern='/error']. This is not recommended -- please use permitAll via HttpSecurity#authorizeHttpRequests instead.
2026-06-01 21:53:33 [restartedMain] INFO  org.springframework.security.web.DefaultSecurityFilterChain - Will not secure Ant [pattern='/error']
2026-06-01 21:53:34 [restartedMain] INFO  com.zaxxer.hikari.HikariDataSource - HikariPool-1 - Starting...
2026-06-01 21:53:35 [restartedMain] INFO  com.zaxxer.hikari.HikariDataSource - HikariPool-1 - Start completed.
2026-06-01 21:53:35 [restartedMain] INFO  org.springframework.boot.devtools.autoconfigure.OptionalLiveReloadServer - LiveReload server is running on port 35729
2026-06-01 21:53:35 [restartedMain] INFO  org.springframework.boot.web.embedded.tomcat.TomcatWebServer - Tomcat started on port(s): 8083 (http) with context path ''
2026-06-01 21:53:35 [restartedMain] INFO  com.ulisesbocchio.jasyptspringboot.caching.RefreshScopeRefreshedEventListener - Refreshing cached encryptable property sources on ServletWebServerInitializedEvent
2026-06-01 21:53:35 [restartedMain] INFO  com.ulisesbocchio.jasyptspringboot.caching.CachingDelegateEncryptablePropertySource - Property Source systemProperties refreshed
2026-06-01 21:53:35 [restartedMain] INFO  com.ulisesbocchio.jasyptspringboot.caching.CachingDelegateEncryptablePropertySource - Property Source systemEnvironment refreshed
2026-06-01 21:53:35 [restartedMain] INFO  com.ulisesbocchio.jasyptspringboot.caching.CachingDelegateEncryptablePropertySource - Property Source random refreshed
2026-06-01 21:53:35 [restartedMain] INFO  com.ulisesbocchio.jasyptspringboot.caching.CachingDelegateEncryptablePropertySource - Property Source Config resource 'class path resource [application.yaml]' via location 'optional:classpath:/' refreshed
2026-06-01 21:53:35 [restartedMain] INFO  com.ulisesbocchio.jasyptspringboot.caching.CachingDelegateEncryptablePropertySource - Property Source devtools refreshed
2026-06-01 21:53:35 [restartedMain] INFO  com.ulisesbocchio.jasyptspringboot.EncryptablePropertySourceConverter - Converting PropertySource server.ports [org.springframework.core.env.MapPropertySource] to EncryptableMapPropertySourceWrapper
2026-06-01 21:53:35 [restartedMain] INFO  com.ulisesbocchio.jasyptspringboot.EncryptablePropertySourceConverter - Skipping PropertySource configurationProperties [class org.springframework.boot.context.properties.source.ConfigurationPropertySourcesPropertySource
2026-06-01 21:53:35 [restartedMain] INFO  com.ulisesbocchio.jasyptspringboot.EncryptablePropertySourceConverter - Skipping PropertySource servletConfigInitParams [class org.springframework.core.env.PropertySource$StubPropertySource
2026-06-01 21:53:35 [restartedMain] INFO  com.ulisesbocchio.jasyptspringboot.EncryptablePropertySourceConverter - Converting PropertySource servletContextInitParams [org.springframework.web.context.support.ServletContextPropertySource] to EncryptableEnumerablePropertySourceWrapper
2026-06-01 21:53:35 [restartedMain] INFO  com.ulisesbocchio.jasyptspringboot.EncryptablePropertySourceConverter - Converting PropertySource Management Server [org.springframework.boot.actuate.autoconfigure.web.server.ManagementContextAutoConfiguration$SameManagementContextConfiguration$1] to EncryptablePropertySourceWrapper
2026-06-01 21:53:35 [restartedMain] INFO  com.ninimum.api.NinimumApplication - Started NinimumApplication in 7.095 seconds (JVM running for 8.207)
2026-06-01 21:53:41 [http-nio-0.0.0.0-8083-exec-1] INFO  org.springframework.web.servlet.DispatcherServlet - Initializing Servlet 'dispatcherServlet'
2026-06-01 21:53:41 [http-nio-0.0.0.0-8083-exec-1] INFO  org.springframework.web.servlet.DispatcherServlet - Completed initialization in 2 ms
2026-06-01 21:53:41 [http-nio-0.0.0.0-8083-exec-1] INFO  com.ninimum.api.security.jwt.JwtAuthenticationFilter - bearerToken==> Bearer eyJhbGciOiJIUzI1NiJ9.eyJzdWIiOiJ0ZXN0IiwiYXV0aCI6IkFETUlOIiwiZXhwIjoxODExODUzMDg4fQ.yA9pWdvQAP0Z3QB3V96dLdCh9jziRxH6f9bwBnbc_U4
2026-06-01 21:53:41 [http-nio-0.0.0.0-8083-exec-1] INFO  com.ninimum.api.security.jwt.JwtAuthenticationFilter - JWT AUTHORITY => [ADMIN]
2026-06-01 21:53:41 [http-nio-0.0.0.0-8083-exec-1] INFO  com.ninimum.api.security.jwt.JwtAuthenticationFilter - REQUEST URI => /ninimum/api/v1/admin/product/createProduct
2026-06-01 21:53:43 [http-nio-0.0.0.0-8083-exec-1] ERROR com.ninimum.api.product.controller.AdminProductController - AdminProductController => createProduct: 
com.fasterxml.jackson.databind.exc.UnrecognizedPropertyException: Unrecognized field "is_active" (class com.ninimum.api.param.AddProductParam), not marked as ignorable (14 known properties: "barcode", "is_featured", "brand", "price", "name", "stock_quantity", "images", "short_description", "id", "category_id", "sku", "weight_gram", "subscription_price", "description"])
 at [Source: (String)"{   "category_id": 1,   "name": "Beech-Nut Organics Pear, Banana & Kiwi",   "short_description": "Organik mevali pyure",   "description": "Beech-Nut Organics Pear, Banana & Kiwi - organik nok, banan va kivi pyuresi. 6+ oylik bolalar uchun mos.",   "sku": "BN-ORG-PBK-99",   "barcode": "052200998877",   "brand": "Beech-Nut",   "price": 32000,   "subscription_price": 29000,   "stock_quantity": 200,   "weight_gram": 99,   "is_active": true,   "is_featured": false }"; line: 1, column: 440] (through reference chain: com.ninimum.api.param.AddProductParam["is_active"])
	at com.fasterxml.jackson.databind.exc.UnrecognizedPropertyException.from(UnrecognizedPropertyException.java:61) ~[jackson-databind-2.15.2.jar:2.15.2]
	at com.fasterxml.jackson.databind.DeserializationContext.handleUnknownProperty(DeserializationContext.java:1138) ~[jackson-databind-2.15.2.jar:2.15.2]
	at com.fasterxml.jackson.databind.deser.std.StdDeserializer.handleUnknownProperty(StdDeserializer.java:2224) ~[jackson-databind-2.15.2.jar:2.15.2]
	at com.fasterxml.jackson.databind.deser.BeanDeserializerBase.handleUnknownProperty(BeanDeserializerBase.java:1709) ~[jackson-databind-2.15.2.jar:2.15.2]
	at com.fasterxml.jackson.databind.deser.BeanDeserializerBase.handleUnknownVanilla(BeanDeserializerBase.java:1687) ~[jackson-databind-2.15.2.jar:2.15.2]
	at com.fasterxml.jackson.databind.deser.BeanDeserializer.vanillaDeserialize(BeanDeserializer.java:320) ~[jackson-databind-2.15.2.jar:2.15.2]
	at com.fasterxml.jackson.databind.deser.BeanDeserializer.deserialize(BeanDeserializer.java:177) ~[jackson-databind-2.15.2.jar:2.15.2]
	at com.fasterxml.jackson.databind.deser.DefaultDeserializationContext.readRootValue(DefaultDeserializationContext.java:323) ~[jackson-databind-2.15.2.jar:2.15.2]
	at com.fasterxml.jackson.databind.ObjectMapper._readMapAndClose(ObjectMapper.java:4825) ~[jackson-databind-2.15.2.jar:2.15.2]
	at com.fasterxml.jackson.databind.ObjectMapper.readValue(ObjectMapper.java:3772) ~[jackson-databind-2.15.2.jar:2.15.2]
	at com.fasterxml.jackson.databind.ObjectMapper.readValue(ObjectMapper.java:3740) ~[jackson-databind-2.15.2.jar:2.15.2]
	at com.ninimum.api.product.controller.AdminProductController.createProduct(AdminProductController.java:56) ~[classes/:?]
	at jdk.internal.reflect.NativeMethodAccessorImpl.invoke0(Native Method) ~[?:?]
	at jdk.internal.reflect.NativeMethodAccessorImpl.invoke(NativeMethodAccessorImpl.java:77) ~[?:?]
	at jdk.internal.reflect.DelegatingMethodAccessorImpl.invoke(DelegatingMethodAccessorImpl.java:43) ~[?:?]
	at java.lang.reflect.Method.invoke(Method.java:569) ~[?:?]
	at org.springframework.web.method.support.InvocableHandlerMethod.doInvoke(InvocableHandlerMethod.java:205) ~[spring-web-5.3.21.jar:5.3.21]
	at org.springframework.web.method.support.InvocableHandlerMethod.invokeForRequest(InvocableHandlerMethod.java:150) ~[spring-web-5.3.21.jar:5.3.21]
	at org.springframework.web.servlet.mvc.method.annotation.ServletInvocableHandlerMethod.invokeAndHandle(ServletInvocableHandlerMethod.java:117) ~[spring-webmvc-5.3.21.jar:5.3.21]
	at org.springframework.web.servlet.mvc.method.annotation.RequestMappingHandlerAdapter.invokeHandlerMethod(RequestMappingHandlerAdapter.java:895) ~[spring-webmvc-5.3.21.jar:5.3.21]
	at org.springframework.web.servlet.mvc.method.annotation.RequestMappingHandlerAdapter.handleInternal(RequestMappingHandlerAdapter.java:808) ~[spring-webmvc-5.3.21.jar:5.3.21]
	at org.springframework.web.servlet.mvc.method.AbstractHandlerMethodAdapter.handle(AbstractHandlerMethodAdapter.java:87) ~[spring-webmvc-5.3.21.jar:5.3.21]
	at org.springframework.web.servlet.DispatcherServlet.doDispatch(DispatcherServlet.java:1067) ~[spring-webmvc-5.3.21.jar:5.3.21]
	at org.springframework.web.servlet.DispatcherServlet.doService(DispatcherServlet.java:963) ~[spring-webmvc-5.3.21.jar:5.3.21]
	at org.springframework.web.servlet.FrameworkServlet.processRequest(FrameworkServlet.java:1006) ~[spring-webmvc-5.3.21.jar:5.3.21]
	at org.springframework.web.servlet.FrameworkServlet.doPost(FrameworkServlet.java:909) ~[spring-webmvc-5.3.21.jar:5.3.21]
	at javax.servlet.http.HttpServlet.service(HttpServlet.java:681) ~[tomcat-embed-core-9.0.64.jar:4.0.FR]
	at org.springframework.web.servlet.FrameworkServlet.service(FrameworkServlet.java:883) ~[spring-webmvc-5.3.21.jar:5.3.21]
	at javax.servlet.http.HttpServlet.service(HttpServlet.java:764) ~[tomcat-embed-core-9.0.64.jar:4.0.FR]
	at org.apache.catalina.core.ApplicationFilterChain.internalDoFilter(ApplicationFilterChain.java:227) ~[tomcat-embed-core-9.0.64.jar:9.0.64]
	at org.apache.catalina.core.ApplicationFilterChain.doFilter(ApplicationFilterChain.java:162) ~[tomcat-embed-core-9.0.64.jar:9.0.64]
	at org.apache.tomcat.websocket.server.WsFilter.doFilter(WsFilter.java:53) ~[tomcat-embed-websocket-9.0.64.jar:9.0.64]
	at org.apache.catalina.core.ApplicationFilterChain.internalDoFilter(ApplicationFilterChain.java:189) ~[tomcat-embed-core-9.0.64.jar:9.0.64]
	at org.apache.catalina.core.ApplicationFilterChain.doFilter(ApplicationFilterChain.java:162) ~[tomcat-embed-core-9.0.64.jar:9.0.64]
	at org.springframework.security.web.FilterChainProxy$VirtualFilterChain.doFilter(FilterChainProxy.java:327) ~[spring-security-web-5.7.2.jar:5.7.2]
	at org.springframework.security.web.access.intercept.AuthorizationFilter.doFilterInternal(AuthorizationFilter.java:73) ~[spring-security-web-5.7.2.jar:5.7.2]
	at org.springframework.web.filter.OncePerRequestFilter.doFilter(OncePerRequestFilter.java:117) ~[spring-web-5.3.21.jar:5.3.21]
	at org.springframework.security.web.FilterChainProxy$VirtualFilterChain.doFilter(FilterChainProxy.java:336) ~[spring-security-web-5.7.2.jar:5.7.2]
	at org.springframework.security.web.access.ExceptionTranslationFilter.doFilter(ExceptionTranslationFilter.java:122) ~[spring-security-web-5.7.2.jar:5.7.2]
	at org.springframework.security.web.access.ExceptionTranslationFilter.doFilter(ExceptionTranslationFilter.java:116) ~[spring-security-web-5.7.2.jar:5.7.2]
	at org.springframework.security.web.FilterChainProxy$VirtualFilterChain.doFilter(FilterChainProxy.java:336) ~[spring-security-web-5.7.2.jar:5.7.2]
	at org.springframework.security.web.session.SessionManagementFilter.doFilter(SessionManagementFilter.java:126) ~[spring-security-web-5.7.2.jar:5.7.2]
	at org.springframework.security.web.session.SessionManagementFilter.doFilter(SessionManagementFilter.java:81) ~[spring-security-web-5.7.2.jar:5.7.2]
	at org.springframework.security.web.FilterChainProxy$VirtualFilterChain.doFilter(FilterChainProxy.java:336) ~[spring-security-web-5.7.2.jar:5.7.2]
	at org.springframework.security.web.authentication.AnonymousAuthenticationFilter.doFilter(AnonymousAuthenticationFilter.java:109) ~[spring-security-web-5.7.2.jar:5.7.2]
	at org.springframework.security.web.FilterChainProxy$VirtualFilterChain.doFilter(FilterChainProxy.java:336) ~[spring-security-web-5.7.2.jar:5.7.2]
	at org.springframework.security.web.servletapi.SecurityContextHolderAwareRequestFilter.doFilter(SecurityContextHolderAwareRequestFilter.java:149) ~[spring-security-web-5.7.2.jar:5.7.2]
	at org.springframework.security.web.FilterChainProxy$VirtualFilterChain.doFilter(FilterChainProxy.java:336) ~[spring-security-web-5.7.2.jar:5.7.2]
	at org.springframework.security.web.savedrequest.RequestCacheAwareFilter.doFilter(RequestCacheAwareFilter.java:63) ~[spring-security-web-5.7.2.jar:5.7.2]
	at org.springframework.security.web.FilterChainProxy$VirtualFilterChain.doFilter(FilterChainProxy.java:336) ~[spring-security-web-5.7.2.jar:5.7.2]
	at org.springframework.security.web.authentication.AbstractAuthenticationProcessingFilter.doFilter(AbstractAuthenticationProcessingFilter.java:223) ~[spring-security-web-5.7.2.jar:5.7.2]
	at org.springframework.security.web.authentication.AbstractAuthenticationProcessingFilter.doFilter(AbstractAuthenticationProcessingFilter.java:217) ~[spring-security-web-5.7.2.jar:5.7.2]
	at org.springframework.security.web.FilterChainProxy$VirtualFilterChain.doFilter(FilterChainProxy.java:336) ~[spring-security-web-5.7.2.jar:5.7.2]
	at org.springframework.security.web.authentication.AbstractAuthenticationProcessingFilter.doFilter(AbstractAuthenticationProcessingFilter.java:223) ~[spring-security-web-5.7.2.jar:5.7.2]
	at org.springframework.security.web.authentication.AbstractAuthenticationProcessingFilter.doFilter(AbstractAuthenticationProcessingFilter.java:217) ~[spring-security-web-5.7.2.jar:5.7.2]
	at org.springframework.security.web.FilterChainProxy$VirtualFilterChain.doFilter(FilterChainProxy.java:336) ~[spring-security-web-5.7.2.jar:5.7.2]
	at com.ninimum.api.security.jwt.JwtAuthenticationFilter.doFilterInternal(JwtAuthenticationFilter.java:79) ~[classes/:?]
	at org.springframework.web.filter.OncePerRequestFilter.doFilter(OncePerRequestFilter.java:117) ~[spring-web-5.3.21.jar:5.3.21]
	at org.springframework.security.web.FilterChainProxy$VirtualFilterChain.doFilter(FilterChainProxy.java:336) ~[spring-security-web-5.7.2.jar:5.7.2]
	at org.springframework.security.web.authentication.logout.LogoutFilter.doFilter(LogoutFilter.java:103) ~[spring-security-web-5.7.2.jar:5.7.2]
	at org.springframework.security.web.authentication.logout.LogoutFilter.doFilter(LogoutFilter.java:89) ~[spring-security-web-5.7.2.jar:5.7.2]
	at org.springframework.security.web.FilterChainProxy$VirtualFilterChain.doFilter(FilterChainProxy.java:336) ~[spring-security-web-5.7.2.jar:5.7.2]
	at org.springframework.web.filter.CorsFilter.doFilterInternal(CorsFilter.java:91) ~[spring-web-5.3.21.jar:5.3.21]
	at org.springframework.web.filter.OncePerRequestFilter.doFilter(OncePerRequestFilter.java:117) ~[spring-web-5.3.21.jar:5.3.21]
	at org.springframework.security.web.FilterChainProxy$VirtualFilterChain.doFilter(FilterChainProxy.java:336) ~[spring-security-web-5.7.2.jar:5.7.2]
	at org.springframework.security.web.header.HeaderWriterFilter.doHeadersAfter(HeaderWriterFilter.java:90) ~[spring-security-web-5.7.2.jar:5.7.2]
	at org.springframework.security.web.header.HeaderWriterFilter.doFilterInternal(HeaderWriterFilter.java:75) ~[spring-security-web-5.7.2.jar:5.7.2]
	at org.springframework.web.filter.OncePerRequestFilter.doFilter(OncePerRequestFilter.java:117) ~[spring-web-5.3.21.jar:5.3.21]
	at org.springframework.security.web.FilterChainProxy$VirtualFilterChain.doFilter(FilterChainProxy.java:336) ~[spring-security-web-5.7.2.jar:5.7.2]
	at org.springframework.security.web.context.SecurityContextPersistenceFilter.doFilter(SecurityContextPersistenceFilter.java:112) ~[spring-security-web-5.7.2.jar:5.7.2]
	at org.springframework.security.web.context.SecurityContextPersistenceFilter.doFilter(SecurityContextPersistenceFilter.java:82) ~[spring-security-web-5.7.2.jar:5.7.2]
	at org.springframework.security.web.FilterChainProxy$VirtualFilterChain.doFilter(FilterChainProxy.java:336) ~[spring-security-web-5.7.2.jar:5.7.2]
	at org.springframework.security.web.context.request.async.WebAsyncManagerIntegrationFilter.doFilterInternal(WebAsyncManagerIntegrationFilter.java:55) ~[spring-security-web-5.7.2.jar:5.7.2]
	at org.springframework.web.filter.OncePerRequestFilter.doFilter(OncePerRequestFilter.java:117) ~[spring-web-5.3.21.jar:5.3.21]
	at org.springframework.security.web.FilterChainProxy$VirtualFilterChain.doFilter(FilterChainProxy.java:336) ~[spring-security-web-5.7.2.jar:5.7.2]
	at org.springframework.security.web.session.DisableEncodeUrlFilter.doFilterInternal(DisableEncodeUrlFilter.java:42) ~[spring-security-web-5.7.2.jar:5.7.2]
	at org.springframework.web.filter.OncePerRequestFilter.doFilter(OncePerRequestFilter.java:117) ~[spring-web-5.3.21.jar:5.3.21]
	at org.springframework.security.web.FilterChainProxy$VirtualFilterChain.doFilter(FilterChainProxy.java:336) ~[spring-security-web-5.7.2.jar:5.7.2]
	at org.springframework.security.web.FilterChainProxy.doFilterInternal(FilterChainProxy.java:211) ~[spring-security-web-5.7.2.jar:5.7.2]
	at org.springframework.security.web.FilterChainProxy.doFilter(FilterChainProxy.java:183) ~[spring-security-web-5.7.2.jar:5.7.2]
	at org.springframework.web.filter.DelegatingFilterProxy.invokeDelegate(DelegatingFilterProxy.java:354) ~[spring-web-5.3.21.jar:5.3.21]
	at org.springframework.web.filter.DelegatingFilterProxy.doFilter(DelegatingFilterProxy.java:267) ~[spring-web-5.3.21.jar:5.3.21]
	at org.apache.catalina.core.ApplicationFilterChain.internalDoFilter(ApplicationFilterChain.java:189) ~[tomcat-embed-core-9.0.64.jar:9.0.64]
	at org.apache.catalina.core.ApplicationFilterChain.doFilter(ApplicationFilterChain.java:162) ~[tomcat-embed-core-9.0.64.jar:9.0.64]
	at org.springframework.web.filter.RequestContextFilter.doFilterInternal(RequestContextFilter.java:100) ~[spring-web-5.3.21.jar:5.3.21]
	at org.springframework.web.filter.OncePerRequestFilter.doFilter(OncePerRequestFilter.java:117) ~[spring-web-5.3.21.jar:5.3.21]
	at org.apache.catalina.core.ApplicationFilterChain.internalDoFilter(ApplicationFilterChain.java:189) ~[tomcat-embed-core-9.0.64.jar:9.0.64]
	at org.apache.catalina.core.ApplicationFilterChain.doFilter(ApplicationFilterChain.java:162) ~[tomcat-embed-core-9.0.64.jar:9.0.64]
	at org.springframework.web.filter.FormContentFilter.doFilterInternal(FormContentFilter.java:93) ~[spring-web-5.3.21.jar:5.3.21]
	at org.springframework.web.filter.OncePerRequestFilter.doFilter(OncePerRequestFilter.java:117) ~[spring-web-5.3.21.jar:5.3.21]
	at org.apache.catalina.core.ApplicationFilterChain.internalDoFilter(ApplicationFilterChain.java:189) ~[tomcat-embed-core-9.0.64.jar:9.0.64]
	at org.apache.catalina.core.ApplicationFilterChain.doFilter(ApplicationFilterChain.java:162) ~[tomcat-embed-core-9.0.64.jar:9.0.64]
	at org.springframework.boot.actuate.metrics.web.servlet.WebMvcMetricsFilter.doFilterInternal(WebMvcMetricsFilter.java:96) ~[spring-boot-actuator-2.7.1.jar:2.7.1]
	at org.springframework.web.filter.OncePerRequestFilter.doFilter(OncePerRequestFilter.java:117) ~[spring-web-5.3.21.jar:5.3.21]
	at org.apache.catalina.core.ApplicationFilterChain.internalDoFilter(ApplicationFilterChain.java:189) ~[tomcat-embed-core-9.0.64.jar:9.0.64]
	at org.apache.catalina.core.ApplicationFilterChain.doFilter(ApplicationFilterChain.java:162) ~[tomcat-embed-core-9.0.64.jar:9.0.64]
	at org.springframework.web.filter.CharacterEncodingFilter.doFilterInternal(CharacterEncodingFilter.java:201) ~[spring-web-5.3.21.jar:5.3.21]
	at org.springframework.web.filter.OncePerRequestFilter.doFilter(OncePerRequestFilter.java:117) ~[spring-web-5.3.21.jar:5.3.21]
	at org.apache.catalina.core.ApplicationFilterChain.internalDoFilter(ApplicationFilterChain.java:189) ~[tomcat-embed-core-9.0.64.jar:9.0.64]
	at org.apache.catalina.core.ApplicationFilterChain.doFilter(ApplicationFilterChain.java:162) ~[tomcat-embed-core-9.0.64.jar:9.0.64]
	at org.apache.catalina.core.StandardWrapperValve.invoke(StandardWrapperValve.java:197) ~[tomcat-embed-core-9.0.64.jar:9.0.64]
	at org.apache.catalina.core.StandardContextValve.invoke(StandardContextValve.java:97) ~[tomcat-embed-core-9.0.64.jar:9.0.64]
	at org.apache.catalina.authenticator.AuthenticatorBase.invoke(AuthenticatorBase.java:541) ~[tomcat-embed-core-9.0.64.jar:9.0.64]
	at org.apache.catalina.core.StandardHostValve.invoke(StandardHostValve.java:135) ~[tomcat-embed-core-9.0.64.jar:9.0.64]
	at org.apache.catalina.valves.ErrorReportValve.invoke(ErrorReportValve.java:92) ~[tomcat-embed-core-9.0.64.jar:9.0.64]
	at org.apache.catalina.core.StandardEngineValve.invoke(StandardEngineValve.java:78) ~[tomcat-embed-core-9.0.64.jar:9.0.64]
	at org.apache.catalina.connector.CoyoteAdapter.service(CoyoteAdapter.java:360) ~[tomcat-embed-core-9.0.64.jar:9.0.64]
	at org.apache.coyote.http11.Http11Processor.service(Http11Processor.java:399) ~[tomcat-embed-core-9.0.64.jar:9.0.64]
	at org.apache.coyote.AbstractProcessorLight.process(AbstractProcessorLight.java:65) ~[tomcat-embed-core-9.0.64.jar:9.0.64]
	at org.apache.coyote.AbstractProtocol$ConnectionHandler.process(AbstractProtocol.java:890) ~[tomcat-embed-core-9.0.64.jar:9.0.64]
	at org.apache.tomcat.util.net.NioEndpoint$SocketProcessor.doRun(NioEndpoint.java:1787) ~[tomcat-embed-core-9.0.64.jar:9.0.64]
	at org.apache.tomcat.util.net.SocketProcessorBase.run(SocketProcessorBase.java:49) ~[tomcat-embed-core-9.0.64.jar:9.0.64]
	at org.apache.tomcat.util.threads.ThreadPoolExecutor.runWorker(ThreadPoolExecutor.java:1191) ~[tomcat-embed-core-9.0.64.jar:9.0.64]
	at org.apache.tomcat.util.threads.ThreadPoolExecutor$Worker.run(ThreadPoolExecutor.java:659) ~[tomcat-embed-core-9.0.64.jar:9.0.64]
	at org.apache.tomcat.util.threads.TaskThread$WrappingRunnable.run(TaskThread.java:61) ~[tomcat-embed-core-9.0.64.jar:9.0.64]
	at java.lang.Thread.run(Thread.java:840) ~[?:?]
2026-06-01 21:53:43 [SpringApplicationShutdownHook] INFO  com.zaxxer.hikari.HikariDataSource - HikariPool-1 - Shutdown initiated...
2026-06-01 21:53:43 [SpringApplicationShutdownHook] INFO  com.zaxxer.hikari.HikariDataSource - HikariPool-1 - Shutdown completed.
2026-06-01 22:24:50 [restartedMain] INFO  com.ninimum.api.NinimumApplication - Starting NinimumApplication using Java 17.0.14 on Akmalui-MacBookPro.local with PID 6767 (/Users/akmalbukhariev/Projects/NinimumBackend/NinimumBackend/target/classes started by akmalbukhariev in /Users/akmalbukhariev/Projects/NinimumBackend/NinimumBackend)
2026-06-01 22:24:50 [restartedMain] INFO  com.ninimum.api.NinimumApplication - The following 1 profile is active: "default"
2026-06-01 22:24:50 [restartedMain] INFO  org.springframework.boot.devtools.env.DevToolsPropertyDefaultsPostProcessor - Devtools property defaults active! Set 'spring.devtools.add-properties' to 'false' to disable
2026-06-01 22:24:50 [restartedMain] INFO  org.springframework.boot.devtools.env.DevToolsPropertyDefaultsPostProcessor - For additional web related logging consider setting the 'logging.level.web' property to 'DEBUG'
2026-06-01 22:24:51 [restartedMain] INFO  org.springframework.data.repository.config.RepositoryConfigurationDelegate - Bootstrapping Spring Data JDBC repositories in DEFAULT mode.
2026-06-01 22:24:51 [restartedMain] INFO  org.springframework.data.repository.config.RepositoryConfigurationDelegate - Finished Spring Data repository scanning in 31 ms. Found 0 JDBC repository interfaces.
2026-06-01 22:24:52 [restartedMain] INFO  com.ulisesbocchio.jasyptspringboot.configuration.EnableEncryptablePropertiesBeanFactoryPostProcessor - Post-processing PropertySource instances
2026-06-01 22:24:52 [restartedMain] INFO  com.ulisesbocchio.jasyptspringboot.EncryptablePropertySourceConverter - Skipping PropertySource configurationProperties [class org.springframework.boot.context.properties.source.ConfigurationPropertySourcesPropertySource
2026-06-01 22:24:52 [restartedMain] INFO  com.ulisesbocchio.jasyptspringboot.EncryptablePropertySourceConverter - Skipping PropertySource servletConfigInitParams [class org.springframework.core.env.PropertySource$StubPropertySource
2026-06-01 22:24:52 [restartedMain] INFO  com.ulisesbocchio.jasyptspringboot.EncryptablePropertySourceConverter - Skipping PropertySource servletContextInitParams [class org.springframework.core.env.PropertySource$StubPropertySource
2026-06-01 22:24:52 [restartedMain] INFO  com.ulisesbocchio.jasyptspringboot.EncryptablePropertySourceConverter - Converting PropertySource systemProperties [org.springframework.core.env.PropertiesPropertySource] to EncryptableMapPropertySourceWrapper
2026-06-01 22:24:52 [restartedMain] INFO  com.ulisesbocchio.jasyptspringboot.EncryptablePropertySourceConverter - Converting PropertySource systemEnvironment [org.springframework.boot.env.SystemEnvironmentPropertySourceEnvironmentPostProcessor$OriginAwareSystemEnvironmentPropertySource] to EncryptableSystemEnvironmentPropertySourceWrapper
2026-06-01 22:24:52 [restartedMain] INFO  com.ulisesbocchio.jasyptspringboot.EncryptablePropertySourceConverter - Converting PropertySource random [org.springframework.boot.env.RandomValuePropertySource] to EncryptablePropertySourceWrapper
2026-06-01 22:24:52 [restartedMain] INFO  com.ulisesbocchio.jasyptspringboot.EncryptablePropertySourceConverter - Converting PropertySource Config resource 'class path resource [application.yaml]' via location 'optional:classpath:/' [org.springframework.boot.env.OriginTrackedMapPropertySource] to EncryptableMapPropertySourceWrapper
2026-06-01 22:24:52 [restartedMain] INFO  com.ulisesbocchio.jasyptspringboot.EncryptablePropertySourceConverter - Converting PropertySource devtools [org.springframework.core.env.MapPropertySource] to EncryptableMapPropertySourceWrapper
2026-06-01 22:24:52 [restartedMain] INFO  com.ulisesbocchio.jasyptspringboot.filter.DefaultLazyPropertyFilter - Property Filter custom Bean not found with name 'encryptablePropertyFilter'. Initializing Default Property Filter
2026-06-01 22:24:52 [restartedMain] INFO  com.ulisesbocchio.jasyptspringboot.resolver.DefaultLazyPropertyResolver - Property Resolver custom Bean not found with name 'encryptablePropertyResolver'. Initializing Default Property Resolver
2026-06-01 22:24:52 [restartedMain] INFO  com.ulisesbocchio.jasyptspringboot.detector.DefaultLazyPropertyDetector - Property Detector custom Bean not found with name 'encryptablePropertyDetector'. Initializing Default Property Detector
2026-06-01 22:24:52 [restartedMain] INFO  org.springframework.boot.web.embedded.tomcat.TomcatWebServer - Tomcat initialized with port(s): 8083 (http)
2026-06-01 22:24:52 [restartedMain] INFO  org.springframework.boot.web.servlet.context.ServletWebServerApplicationContext - Root WebApplicationContext: initialization completed in 2427 ms
2026-06-01 22:24:54 [restartedMain] INFO  org.springframework.boot.actuate.endpoint.web.EndpointLinksResolver - Exposing 2 endpoint(s) beneath base path '/actuator'
2026-06-01 22:24:54 [restartedMain] INFO  org.springframework.security.web.DefaultSecurityFilterChain - Will secure any request with [org.springframework.security.web.session.DisableEncodeUrlFilter@33f19863, org.springframework.security.web.context.request.async.WebAsyncManagerIntegrationFilter@50bc2642, org.springframework.security.web.context.SecurityContextPersistenceFilter@79f27d64, org.springframework.security.web.header.HeaderWriterFilter@56bba708, org.springframework.web.filter.CorsFilter@32e826ef, org.springframework.security.web.authentication.logout.LogoutFilter@76596bf5, com.ninimum.api.security.jwt.JwtAuthenticationFilter@325590ea, com.ninimum.api.security.filter.UserAuthenticationFilter@d583443, com.ninimum.api.security.filter.AdminAuthenticationFilter@3c679d9c, org.springframework.security.web.savedrequest.RequestCacheAwareFilter@620655e2, org.springframework.security.web.servletapi.SecurityContextHolderAwareRequestFilter@34a8aa6b, org.springframework.security.web.authentication.AnonymousAuthenticationFilter@4f4b1ba1, org.springframework.security.web.session.SessionManagementFilter@2e783324, org.springframework.security.web.access.ExceptionTranslationFilter@18836167, org.springframework.security.web.access.intercept.AuthorizationFilter@5dcce59]
2026-06-01 22:24:54 [restartedMain] WARN  org.springframework.security.config.annotation.web.builders.WebSecurity - You are asking Spring Security to ignore Ant [pattern='/**/webjars/**']. This is not recommended -- please use permitAll via HttpSecurity#authorizeHttpRequests instead.
2026-06-01 22:24:54 [restartedMain] INFO  org.springframework.security.web.DefaultSecurityFilterChain - Will not secure Ant [pattern='/**/webjars/**']
2026-06-01 22:24:54 [restartedMain] WARN  org.springframework.security.config.annotation.web.builders.WebSecurity - You are asking Spring Security to ignore Ant [pattern='/uploads/**']. This is not recommended -- please use permitAll via HttpSecurity#authorizeHttpRequests instead.
2026-06-01 22:24:54 [restartedMain] INFO  org.springframework.security.web.DefaultSecurityFilterChain - Will not secure Ant [pattern='/uploads/**']
2026-06-01 22:24:54 [restartedMain] WARN  org.springframework.security.config.annotation.web.builders.WebSecurity - You are asking Spring Security to ignore Ant [pattern='/v2/api-docs']. This is not recommended -- please use permitAll via HttpSecurity#authorizeHttpRequests instead.
2026-06-01 22:24:54 [restartedMain] INFO  org.springframework.security.web.DefaultSecurityFilterChain - Will not secure Ant [pattern='/v2/api-docs']
2026-06-01 22:24:54 [restartedMain] WARN  org.springframework.security.config.annotation.web.builders.WebSecurity - You are asking Spring Security to ignore Ant [pattern='/swagger-resources']. This is not recommended -- please use permitAll via HttpSecurity#authorizeHttpRequests instead.
2026-06-01 22:24:54 [restartedMain] INFO  org.springframework.security.web.DefaultSecurityFilterChain - Will not secure Ant [pattern='/swagger-resources']
2026-06-01 22:24:54 [restartedMain] WARN  org.springframework.security.config.annotation.web.builders.WebSecurity - You are asking Spring Security to ignore Ant [pattern='/swagger-resources/**']. This is not recommended -- please use permitAll via HttpSecurity#authorizeHttpRequests instead.
2026-06-01 22:24:54 [restartedMain] INFO  org.springframework.security.web.DefaultSecurityFilterChain - Will not secure Ant [pattern='/swagger-resources/**']
2026-06-01 22:24:54 [restartedMain] WARN  org.springframework.security.config.annotation.web.builders.WebSecurity - You are asking Spring Security to ignore Ant [pattern='/configuration/ui']. This is not recommended -- please use permitAll via HttpSecurity#authorizeHttpRequests instead.
2026-06-01 22:24:54 [restartedMain] INFO  org.springframework.security.web.DefaultSecurityFilterChain - Will not secure Ant [pattern='/configuration/ui']
2026-06-01 22:24:54 [restartedMain] WARN  org.springframework.security.config.annotation.web.builders.WebSecurity - You are asking Spring Security to ignore Ant [pattern='/configuration/security']. This is not recommended -- please use permitAll via HttpSecurity#authorizeHttpRequests instead.
2026-06-01 22:24:54 [restartedMain] INFO  org.springframework.security.web.DefaultSecurityFilterChain - Will not secure Ant [pattern='/configuration/security']
2026-06-01 22:24:54 [restartedMain] WARN  org.springframework.security.config.annotation.web.builders.WebSecurity - You are asking Spring Security to ignore Ant [pattern='/swagger-ui/**']. This is not recommended -- please use permitAll via HttpSecurity#authorizeHttpRequests instead.
2026-06-01 22:24:54 [restartedMain] INFO  org.springframework.security.web.DefaultSecurityFilterChain - Will not secure Ant [pattern='/swagger-ui/**']
2026-06-01 22:24:54 [restartedMain] WARN  org.springframework.security.config.annotation.web.builders.WebSecurity - You are asking Spring Security to ignore Ant [pattern='/webjars/**']. This is not recommended -- please use permitAll via HttpSecurity#authorizeHttpRequests instead.
2026-06-01 22:24:54 [restartedMain] INFO  org.springframework.security.web.DefaultSecurityFilterChain - Will not secure Ant [pattern='/webjars/**']
2026-06-01 22:24:54 [restartedMain] WARN  org.springframework.security.config.annotation.web.builders.WebSecurity - You are asking Spring Security to ignore Ant [pattern='/v3/api-docs/**']. This is not recommended -- please use permitAll via HttpSecurity#authorizeHttpRequests instead.
2026-06-01 22:24:54 [restartedMain] INFO  org.springframework.security.web.DefaultSecurityFilterChain - Will not secure Ant [pattern='/v3/api-docs/**']
2026-06-01 22:24:54 [restartedMain] WARN  org.springframework.security.config.annotation.web.builders.WebSecurity - You are asking Spring Security to ignore Ant [pattern='/actuator/health/**']. This is not recommended -- please use permitAll via HttpSecurity#authorizeHttpRequests instead.
2026-06-01 22:24:54 [restartedMain] INFO  org.springframework.security.web.DefaultSecurityFilterChain - Will not secure Ant [pattern='/actuator/health/**']
2026-06-01 22:24:54 [restartedMain] WARN  org.springframework.security.config.annotation.web.builders.WebSecurity - You are asking Spring Security to ignore Ant [pattern='/actuator/info']. This is not recommended -- please use permitAll via HttpSecurity#authorizeHttpRequests instead.
2026-06-01 22:24:54 [restartedMain] INFO  org.springframework.security.web.DefaultSecurityFilterChain - Will not secure Ant [pattern='/actuator/info']
2026-06-01 22:24:54 [restartedMain] WARN  org.springframework.security.config.annotation.web.builders.WebSecurity - You are asking Spring Security to ignore Ant [pattern='/ninimum/actuator/**']. This is not recommended -- please use permitAll via HttpSecurity#authorizeHttpRequests instead.
2026-06-01 22:24:54 [restartedMain] INFO  org.springframework.security.web.DefaultSecurityFilterChain - Will not secure Ant [pattern='/ninimum/actuator/**']
2026-06-01 22:24:54 [restartedMain] WARN  org.springframework.security.config.annotation.web.builders.WebSecurity - You are asking Spring Security to ignore Ant [pattern='/api/v1/status']. This is not recommended -- please use permitAll via HttpSecurity#authorizeHttpRequests instead.
2026-06-01 22:24:54 [restartedMain] INFO  org.springframework.security.web.DefaultSecurityFilterChain - Will not secure Ant [pattern='/api/v1/status']
2026-06-01 22:24:54 [restartedMain] WARN  org.springframework.security.config.annotation.web.builders.WebSecurity - You are asking Spring Security to ignore Ant [pattern='/ninimum/api/v1/status']. This is not recommended -- please use permitAll via HttpSecurity#authorizeHttpRequests instead.
2026-06-01 22:24:54 [restartedMain] INFO  org.springframework.security.web.DefaultSecurityFilterChain - Will not secure Ant [pattern='/ninimum/api/v1/status']
2026-06-01 22:24:54 [restartedMain] WARN  org.springframework.security.config.annotation.web.builders.WebSecurity - You are asking Spring Security to ignore Ant [pattern='/ninimum/api/v1/user/checkPhoneNumber']. This is not recommended -- please use permitAll via HttpSecurity#authorizeHttpRequests instead.
2026-06-01 22:24:54 [restartedMain] INFO  org.springframework.security.web.DefaultSecurityFilterChain - Will not secure Ant [pattern='/ninimum/api/v1/user/checkPhoneNumber']
2026-06-01 22:24:54 [restartedMain] WARN  org.springframework.security.config.annotation.web.builders.WebSecurity - You are asking Spring Security to ignore Ant [pattern='/ninimum/api/v1/user/register']. This is not recommended -- please use permitAll via HttpSecurity#authorizeHttpRequests instead.
2026-06-01 22:24:54 [restartedMain] INFO  org.springframework.security.web.DefaultSecurityFilterChain - Will not secure Ant [pattern='/ninimum/api/v1/user/register']
2026-06-01 22:24:54 [restartedMain] WARN  org.springframework.security.config.annotation.web.builders.WebSecurity - You are asking Spring Security to ignore Ant [pattern='/ninimum/api/v1/message/verifyPhoneNumber']. This is not recommended -- please use permitAll via HttpSecurity#authorizeHttpRequests instead.
2026-06-01 22:24:54 [restartedMain] INFO  org.springframework.security.web.DefaultSecurityFilterChain - Will not secure Ant [pattern='/ninimum/api/v1/message/verifyPhoneNumber']
2026-06-01 22:24:54 [restartedMain] WARN  org.springframework.security.config.annotation.web.builders.WebSecurity - You are asking Spring Security to ignore Ant [pattern='/error']. This is not recommended -- please use permitAll via HttpSecurity#authorizeHttpRequests instead.
2026-06-01 22:24:54 [restartedMain] INFO  org.springframework.security.web.DefaultSecurityFilterChain - Will not secure Ant [pattern='/error']
2026-06-01 22:24:54 [restartedMain] INFO  com.zaxxer.hikari.HikariDataSource - HikariPool-1 - Starting...
2026-06-01 22:24:56 [restartedMain] INFO  com.zaxxer.hikari.HikariDataSource - HikariPool-1 - Start completed.
2026-06-01 22:24:56 [restartedMain] INFO  org.springframework.boot.devtools.autoconfigure.OptionalLiveReloadServer - LiveReload server is running on port 35729
2026-06-01 22:24:56 [restartedMain] INFO  org.springframework.boot.web.embedded.tomcat.TomcatWebServer - Tomcat started on port(s): 8083 (http) with context path ''
2026-06-01 22:24:56 [restartedMain] INFO  com.ulisesbocchio.jasyptspringboot.caching.RefreshScopeRefreshedEventListener - Refreshing cached encryptable property sources on ServletWebServerInitializedEvent
2026-06-01 22:24:56 [restartedMain] INFO  com.ulisesbocchio.jasyptspringboot.caching.CachingDelegateEncryptablePropertySource - Property Source systemProperties refreshed
2026-06-01 22:24:56 [restartedMain] INFO  com.ulisesbocchio.jasyptspringboot.caching.CachingDelegateEncryptablePropertySource - Property Source systemEnvironment refreshed
2026-06-01 22:24:56 [restartedMain] INFO  com.ulisesbocchio.jasyptspringboot.caching.CachingDelegateEncryptablePropertySource - Property Source random refreshed
2026-06-01 22:24:56 [restartedMain] INFO  com.ulisesbocchio.jasyptspringboot.caching.CachingDelegateEncryptablePropertySource - Property Source Config resource 'class path resource [application.yaml]' via location 'optional:classpath:/' refreshed
2026-06-01 22:24:56 [restartedMain] INFO  com.ulisesbocchio.jasyptspringboot.caching.CachingDelegateEncryptablePropertySource - Property Source devtools refreshed
2026-06-01 22:24:56 [restartedMain] INFO  com.ulisesbocchio.jasyptspringboot.EncryptablePropertySourceConverter - Converting PropertySource server.ports [org.springframework.core.env.MapPropertySource] to EncryptableMapPropertySourceWrapper
2026-06-01 22:24:56 [restartedMain] INFO  com.ulisesbocchio.jasyptspringboot.EncryptablePropertySourceConverter - Skipping PropertySource configurationProperties [class org.springframework.boot.context.properties.source.ConfigurationPropertySourcesPropertySource
2026-06-01 22:24:56 [restartedMain] INFO  com.ulisesbocchio.jasyptspringboot.EncryptablePropertySourceConverter - Skipping PropertySource servletConfigInitParams [class org.springframework.core.env.PropertySource$StubPropertySource
2026-06-01 22:24:56 [restartedMain] INFO  com.ulisesbocchio.jasyptspringboot.EncryptablePropertySourceConverter - Converting PropertySource servletContextInitParams [org.springframework.web.context.support.ServletContextPropertySource] to EncryptableEnumerablePropertySourceWrapper
2026-06-01 22:24:56 [restartedMain] INFO  com.ulisesbocchio.jasyptspringboot.EncryptablePropertySourceConverter - Converting PropertySource Management Server [org.springframework.boot.actuate.autoconfigure.web.server.ManagementContextAutoConfiguration$SameManagementContextConfiguration$1] to EncryptablePropertySourceWrapper
2026-06-01 22:24:56 [restartedMain] INFO  com.ninimum.api.NinimumApplication - Started NinimumApplication in 6.769 seconds (JVM running for 8.228)
2026-06-01 22:25:30 [http-nio-0.0.0.0-8083-exec-1] INFO  org.springframework.web.servlet.DispatcherServlet - Initializing Servlet 'dispatcherServlet'
2026-06-01 22:25:30 [http-nio-0.0.0.0-8083-exec-1] INFO  org.springframework.web.servlet.DispatcherServlet - Completed initialization in 3 ms
2026-06-01 22:25:30 [http-nio-0.0.0.0-8083-exec-1] INFO  com.ninimum.api.security.jwt.JwtAuthenticationFilter - bearerToken==> Bearer eyJhbGciOiJIUzI1NiJ9.eyJzdWIiOiJ0ZXN0IiwiYXV0aCI6IkFETUlOIiwiZXhwIjoxODExODUzMDg4fQ.yA9pWdvQAP0Z3QB3V96dLdCh9jziRxH6f9bwBnbc_U4
2026-06-01 22:25:30 [http-nio-0.0.0.0-8083-exec-1] INFO  com.ninimum.api.security.jwt.JwtAuthenticationFilter - JWT AUTHORITY => [ADMIN]
2026-06-01 22:25:30 [http-nio-0.0.0.0-8083-exec-1] INFO  com.ninimum.api.security.jwt.JwtAuthenticationFilter - REQUEST URI => /ninimum/api/v1/admin/product/createProduct
2026-06-01 22:25:30 [http-nio-0.0.0.0-8083-exec-1] ERROR com.ninimum.api.product.controller.AdminProductController - AdminProductController => createProduct: 
com.fasterxml.jackson.databind.exc.UnrecognizedPropertyException: Unrecognized field "is_active" (class com.ninimum.api.param.AddProductParam), not marked as ignorable (14 known properties: "barcode", "is_featured", "brand", "price", "name", "stock_quantity", "images", "short_description", "id", "category_id", "sku", "weight_gram", "subscription_price", "description"])
 at [Source: (String)"{   "category_id": 1,   "name": "Beech-Nut Organics Pear, Banana & Kiwi",   "short_description": "Organik mevali pyure",   "description": "Beech-Nut Organics Pear, Banana & Kiwi - organik nok, banan va kivi pyuresi. 6+ oylik bolalar uchun mos.",   "sku": "BN-ORG-PBK-99",   "barcode": "052200998877",   "brand": "Beech-Nut",   "price": 32000,   "subscription_price": 29000,   "stock_quantity": 200,   "weight_gram": 99,   "is_active": true,   "is_featured": false }"; line: 1, column: 440] (through reference chain: com.ninimum.api.param.AddProductParam["is_active"])
	at com.fasterxml.jackson.databind.exc.UnrecognizedPropertyException.from(UnrecognizedPropertyException.java:61) ~[jackson-databind-2.15.2.jar:2.15.2]
	at com.fasterxml.jackson.databind.DeserializationContext.handleUnknownProperty(DeserializationContext.java:1138) ~[jackson-databind-2.15.2.jar:2.15.2]
	at com.fasterxml.jackson.databind.deser.std.StdDeserializer.handleUnknownProperty(StdDeserializer.java:2224) ~[jackson-databind-2.15.2.jar:2.15.2]
	at com.fasterxml.jackson.databind.deser.BeanDeserializerBase.handleUnknownProperty(BeanDeserializerBase.java:1709) ~[jackson-databind-2.15.2.jar:2.15.2]
	at com.fasterxml.jackson.databind.deser.BeanDeserializerBase.handleUnknownVanilla(BeanDeserializerBase.java:1687) ~[jackson-databind-2.15.2.jar:2.15.2]
	at com.fasterxml.jackson.databind.deser.BeanDeserializer.vanillaDeserialize(BeanDeserializer.java:320) ~[jackson-databind-2.15.2.jar:2.15.2]
	at com.fasterxml.jackson.databind.deser.BeanDeserializer.deserialize(BeanDeserializer.java:177) ~[jackson-databind-2.15.2.jar:2.15.2]
	at com.fasterxml.jackson.databind.deser.DefaultDeserializationContext.readRootValue(DefaultDeserializationContext.java:323) ~[jackson-databind-2.15.2.jar:2.15.2]
	at com.fasterxml.jackson.databind.ObjectMapper._readMapAndClose(ObjectMapper.java:4825) ~[jackson-databind-2.15.2.jar:2.15.2]
	at com.fasterxml.jackson.databind.ObjectMapper.readValue(ObjectMapper.java:3772) ~[jackson-databind-2.15.2.jar:2.15.2]
	at com.fasterxml.jackson.databind.ObjectMapper.readValue(ObjectMapper.java:3740) ~[jackson-databind-2.15.2.jar:2.15.2]
	at com.ninimum.api.product.controller.AdminProductController.createProduct(AdminProductController.java:56) ~[classes/:?]
	at jdk.internal.reflect.NativeMethodAccessorImpl.invoke0(Native Method) ~[?:?]
	at jdk.internal.reflect.NativeMethodAccessorImpl.invoke(NativeMethodAccessorImpl.java:77) ~[?:?]
	at jdk.internal.reflect.DelegatingMethodAccessorImpl.invoke(DelegatingMethodAccessorImpl.java:43) ~[?:?]
	at java.lang.reflect.Method.invoke(Method.java:569) ~[?:?]
	at org.springframework.web.method.support.InvocableHandlerMethod.doInvoke(InvocableHandlerMethod.java:205) ~[spring-web-5.3.21.jar:5.3.21]
	at org.springframework.web.method.support.InvocableHandlerMethod.invokeForRequest(InvocableHandlerMethod.java:150) ~[spring-web-5.3.21.jar:5.3.21]
	at org.springframework.web.servlet.mvc.method.annotation.ServletInvocableHandlerMethod.invokeAndHandle(ServletInvocableHandlerMethod.java:117) ~[spring-webmvc-5.3.21.jar:5.3.21]
	at org.springframework.web.servlet.mvc.method.annotation.RequestMappingHandlerAdapter.invokeHandlerMethod(RequestMappingHandlerAdapter.java:895) ~[spring-webmvc-5.3.21.jar:5.3.21]
	at org.springframework.web.servlet.mvc.method.annotation.RequestMappingHandlerAdapter.handleInternal(RequestMappingHandlerAdapter.java:808) ~[spring-webmvc-5.3.21.jar:5.3.21]
	at org.springframework.web.servlet.mvc.method.AbstractHandlerMethodAdapter.handle(AbstractHandlerMethodAdapter.java:87) ~[spring-webmvc-5.3.21.jar:5.3.21]
	at org.springframework.web.servlet.DispatcherServlet.doDispatch(DispatcherServlet.java:1067) ~[spring-webmvc-5.3.21.jar:5.3.21]
	at org.springframework.web.servlet.DispatcherServlet.doService(DispatcherServlet.java:963) ~[spring-webmvc-5.3.21.jar:5.3.21]
	at org.springframework.web.servlet.FrameworkServlet.processRequest(FrameworkServlet.java:1006) ~[spring-webmvc-5.3.21.jar:5.3.21]
	at org.springframework.web.servlet.FrameworkServlet.doPost(FrameworkServlet.java:909) ~[spring-webmvc-5.3.21.jar:5.3.21]
	at javax.servlet.http.HttpServlet.service(HttpServlet.java:681) ~[tomcat-embed-core-9.0.64.jar:4.0.FR]
	at org.springframework.web.servlet.FrameworkServlet.service(FrameworkServlet.java:883) ~[spring-webmvc-5.3.21.jar:5.3.21]
	at javax.servlet.http.HttpServlet.service(HttpServlet.java:764) ~[tomcat-embed-core-9.0.64.jar:4.0.FR]
	at org.apache.catalina.core.ApplicationFilterChain.internalDoFilter(ApplicationFilterChain.java:227) ~[tomcat-embed-core-9.0.64.jar:9.0.64]
	at org.apache.catalina.core.ApplicationFilterChain.doFilter(ApplicationFilterChain.java:162) ~[tomcat-embed-core-9.0.64.jar:9.0.64]
	at org.apache.tomcat.websocket.server.WsFilter.doFilter(WsFilter.java:53) ~[tomcat-embed-websocket-9.0.64.jar:9.0.64]
	at org.apache.catalina.core.ApplicationFilterChain.internalDoFilter(ApplicationFilterChain.java:189) ~[tomcat-embed-core-9.0.64.jar:9.0.64]
	at org.apache.catalina.core.ApplicationFilterChain.doFilter(ApplicationFilterChain.java:162) ~[tomcat-embed-core-9.0.64.jar:9.0.64]
	at org.springframework.security.web.FilterChainProxy$VirtualFilterChain.doFilter(FilterChainProxy.java:327) ~[spring-security-web-5.7.2.jar:5.7.2]
	at org.springframework.security.web.access.intercept.AuthorizationFilter.doFilterInternal(AuthorizationFilter.java:73) ~[spring-security-web-5.7.2.jar:5.7.2]
	at org.springframework.web.filter.OncePerRequestFilter.doFilter(OncePerRequestFilter.java:117) ~[spring-web-5.3.21.jar:5.3.21]
	at org.springframework.security.web.FilterChainProxy$VirtualFilterChain.doFilter(FilterChainProxy.java:336) ~[spring-security-web-5.7.2.jar:5.7.2]
	at org.springframework.security.web.access.ExceptionTranslationFilter.doFilter(ExceptionTranslationFilter.java:122) ~[spring-security-web-5.7.2.jar:5.7.2]
	at org.springframework.security.web.access.ExceptionTranslationFilter.doFilter(ExceptionTranslationFilter.java:116) ~[spring-security-web-5.7.2.jar:5.7.2]
	at org.springframework.security.web.FilterChainProxy$VirtualFilterChain.doFilter(FilterChainProxy.java:336) ~[spring-security-web-5.7.2.jar:5.7.2]
	at org.springframework.security.web.session.SessionManagementFilter.doFilter(SessionManagementFilter.java:126) ~[spring-security-web-5.7.2.jar:5.7.2]
	at org.springframework.security.web.session.SessionManagementFilter.doFilter(SessionManagementFilter.java:81) ~[spring-security-web-5.7.2.jar:5.7.2]
	at org.springframework.security.web.FilterChainProxy$VirtualFilterChain.doFilter(FilterChainProxy.java:336) ~[spring-security-web-5.7.2.jar:5.7.2]
	at org.springframework.security.web.authentication.AnonymousAuthenticationFilter.doFilter(AnonymousAuthenticationFilter.java:109) ~[spring-security-web-5.7.2.jar:5.7.2]
	at org.springframework.security.web.FilterChainProxy$VirtualFilterChain.doFilter(FilterChainProxy.java:336) ~[spring-security-web-5.7.2.jar:5.7.2]
	at org.springframework.security.web.servletapi.SecurityContextHolderAwareRequestFilter.doFilter(SecurityContextHolderAwareRequestFilter.java:149) ~[spring-security-web-5.7.2.jar:5.7.2]
	at org.springframework.security.web.FilterChainProxy$VirtualFilterChain.doFilter(FilterChainProxy.java:336) ~[spring-security-web-5.7.2.jar:5.7.2]
	at org.springframework.security.web.savedrequest.RequestCacheAwareFilter.doFilter(RequestCacheAwareFilter.java:63) ~[spring-security-web-5.7.2.jar:5.7.2]
	at org.springframework.security.web.FilterChainProxy$VirtualFilterChain.doFilter(FilterChainProxy.java:336) ~[spring-security-web-5.7.2.jar:5.7.2]
	at org.springframework.security.web.authentication.AbstractAuthenticationProcessingFilter.doFilter(AbstractAuthenticationProcessingFilter.java:223) ~[spring-security-web-5.7.2.jar:5.7.2]
	at org.springframework.security.web.authentication.AbstractAuthenticationProcessingFilter.doFilter(AbstractAuthenticationProcessingFilter.java:217) ~[spring-security-web-5.7.2.jar:5.7.2]
	at org.springframework.security.web.FilterChainProxy$VirtualFilterChain.doFilter(FilterChainProxy.java:336) ~[spring-security-web-5.7.2.jar:5.7.2]
	at org.springframework.security.web.authentication.AbstractAuthenticationProcessingFilter.doFilter(AbstractAuthenticationProcessingFilter.java:223) ~[spring-security-web-5.7.2.jar:5.7.2]
	at org.springframework.security.web.authentication.AbstractAuthenticationProcessingFilter.doFilter(AbstractAuthenticationProcessingFilter.java:217) ~[spring-security-web-5.7.2.jar:5.7.2]
	at org.springframework.security.web.FilterChainProxy$VirtualFilterChain.doFilter(FilterChainProxy.java:336) ~[spring-security-web-5.7.2.jar:5.7.2]
	at com.ninimum.api.security.jwt.JwtAuthenticationFilter.doFilterInternal(JwtAuthenticationFilter.java:79) ~[classes/:?]
	at org.springframework.web.filter.OncePerRequestFilter.doFilter(OncePerRequestFilter.java:117) ~[spring-web-5.3.21.jar:5.3.21]
	at org.springframework.security.web.FilterChainProxy$VirtualFilterChain.doFilter(FilterChainProxy.java:336) ~[spring-security-web-5.7.2.jar:5.7.2]
	at org.springframework.security.web.authentication.logout.LogoutFilter.doFilter(LogoutFilter.java:103) ~[spring-security-web-5.7.2.jar:5.7.2]
	at org.springframework.security.web.authentication.logout.LogoutFilter.doFilter(LogoutFilter.java:89) ~[spring-security-web-5.7.2.jar:5.7.2]
	at org.springframework.security.web.FilterChainProxy$VirtualFilterChain.doFilter(FilterChainProxy.java:336) ~[spring-security-web-5.7.2.jar:5.7.2]
	at org.springframework.web.filter.CorsFilter.doFilterInternal(CorsFilter.java:91) ~[spring-web-5.3.21.jar:5.3.21]
	at org.springframework.web.filter.OncePerRequestFilter.doFilter(OncePerRequestFilter.java:117) ~[spring-web-5.3.21.jar:5.3.21]
	at org.springframework.security.web.FilterChainProxy$VirtualFilterChain.doFilter(FilterChainProxy.java:336) ~[spring-security-web-5.7.2.jar:5.7.2]
	at org.springframework.security.web.header.HeaderWriterFilter.doHeadersAfter(HeaderWriterFilter.java:90) ~[spring-security-web-5.7.2.jar:5.7.2]
	at org.springframework.security.web.header.HeaderWriterFilter.doFilterInternal(HeaderWriterFilter.java:75) ~[spring-security-web-5.7.2.jar:5.7.2]
	at org.springframework.web.filter.OncePerRequestFilter.doFilter(OncePerRequestFilter.java:117) ~[spring-web-5.3.21.jar:5.3.21]
	at org.springframework.security.web.FilterChainProxy$VirtualFilterChain.doFilter(FilterChainProxy.java:336) ~[spring-security-web-5.7.2.jar:5.7.2]
	at org.springframework.security.web.context.SecurityContextPersistenceFilter.doFilter(SecurityContextPersistenceFilter.java:112) ~[spring-security-web-5.7.2.jar:5.7.2]
	at org.springframework.security.web.context.SecurityContextPersistenceFilter.doFilter(SecurityContextPersistenceFilter.java:82) ~[spring-security-web-5.7.2.jar:5.7.2]
	at org.springframework.security.web.FilterChainProxy$VirtualFilterChain.doFilter(FilterChainProxy.java:336) ~[spring-security-web-5.7.2.jar:5.7.2]
	at org.springframework.security.web.context.request.async.WebAsyncManagerIntegrationFilter.doFilterInternal(WebAsyncManagerIntegrationFilter.java:55) ~[spring-security-web-5.7.2.jar:5.7.2]
	at org.springframework.web.filter.OncePerRequestFilter.doFilter(OncePerRequestFilter.java:117) ~[spring-web-5.3.21.jar:5.3.21]
	at org.springframework.security.web.FilterChainProxy$VirtualFilterChain.doFilter(FilterChainProxy.java:336) ~[spring-security-web-5.7.2.jar:5.7.2]
	at org.springframework.security.web.session.DisableEncodeUrlFilter.doFilterInternal(DisableEncodeUrlFilter.java:42) ~[spring-security-web-5.7.2.jar:5.7.2]
	at org.springframework.web.filter.OncePerRequestFilter.doFilter(OncePerRequestFilter.java:117) ~[spring-web-5.3.21.jar:5.3.21]
	at org.springframework.security.web.FilterChainProxy$VirtualFilterChain.doFilter(FilterChainProxy.java:336) ~[spring-security-web-5.7.2.jar:5.7.2]
	at org.springframework.security.web.FilterChainProxy.doFilterInternal(FilterChainProxy.java:211) ~[spring-security-web-5.7.2.jar:5.7.2]
	at org.springframework.security.web.FilterChainProxy.doFilter(FilterChainProxy.java:183) ~[spring-security-web-5.7.2.jar:5.7.2]
	at org.springframework.web.filter.DelegatingFilterProxy.invokeDelegate(DelegatingFilterProxy.java:354) ~[spring-web-5.3.21.jar:5.3.21]
	at org.springframework.web.filter.DelegatingFilterProxy.doFilter(DelegatingFilterProxy.java:267) ~[spring-web-5.3.21.jar:5.3.21]
	at org.apache.catalina.core.ApplicationFilterChain.internalDoFilter(ApplicationFilterChain.java:189) ~[tomcat-embed-core-9.0.64.jar:9.0.64]
	at org.apache.catalina.core.ApplicationFilterChain.doFilter(ApplicationFilterChain.java:162) ~[tomcat-embed-core-9.0.64.jar:9.0.64]
	at org.springframework.web.filter.RequestContextFilter.doFilterInternal(RequestContextFilter.java:100) ~[spring-web-5.3.21.jar:5.3.21]
	at org.springframework.web.filter.OncePerRequestFilter.doFilter(OncePerRequestFilter.java:117) ~[spring-web-5.3.21.jar:5.3.21]
	at org.apache.catalina.core.ApplicationFilterChain.internalDoFilter(ApplicationFilterChain.java:189) ~[tomcat-embed-core-9.0.64.jar:9.0.64]
	at org.apache.catalina.core.ApplicationFilterChain.doFilter(ApplicationFilterChain.java:162) ~[tomcat-embed-core-9.0.64.jar:9.0.64]
	at org.springframework.web.filter.FormContentFilter.doFilterInternal(FormContentFilter.java:93) ~[spring-web-5.3.21.jar:5.3.21]
	at org.springframework.web.filter.OncePerRequestFilter.doFilter(OncePerRequestFilter.java:117) ~[spring-web-5.3.21.jar:5.3.21]
	at org.apache.catalina.core.ApplicationFilterChain.internalDoFilter(ApplicationFilterChain.java:189) ~[tomcat-embed-core-9.0.64.jar:9.0.64]
	at org.apache.catalina.core.ApplicationFilterChain.doFilter(ApplicationFilterChain.java:162) ~[tomcat-embed-core-9.0.64.jar:9.0.64]
	at org.springframework.boot.actuate.metrics.web.servlet.WebMvcMetricsFilter.doFilterInternal(WebMvcMetricsFilter.java:96) ~[spring-boot-actuator-2.7.1.jar:2.7.1]
	at org.springframework.web.filter.OncePerRequestFilter.doFilter(OncePerRequestFilter.java:117) ~[spring-web-5.3.21.jar:5.3.21]
	at org.apache.catalina.core.ApplicationFilterChain.internalDoFilter(ApplicationFilterChain.java:189) ~[tomcat-embed-core-9.0.64.jar:9.0.64]
	at org.apache.catalina.core.ApplicationFilterChain.doFilter(ApplicationFilterChain.java:162) ~[tomcat-embed-core-9.0.64.jar:9.0.64]
	at org.springframework.web.filter.CharacterEncodingFilter.doFilterInternal(CharacterEncodingFilter.java:201) ~[spring-web-5.3.21.jar:5.3.21]
	at org.springframework.web.filter.OncePerRequestFilter.doFilter(OncePerRequestFilter.java:117) ~[spring-web-5.3.21.jar:5.3.21]
	at org.apache.catalina.core.ApplicationFilterChain.internalDoFilter(ApplicationFilterChain.java:189) ~[tomcat-embed-core-9.0.64.jar:9.0.64]
	at org.apache.catalina.core.ApplicationFilterChain.doFilter(ApplicationFilterChain.java:162) ~[tomcat-embed-core-9.0.64.jar:9.0.64]
	at org.apache.catalina.core.StandardWrapperValve.invoke(StandardWrapperValve.java:197) ~[tomcat-embed-core-9.0.64.jar:9.0.64]
	at org.apache.catalina.core.StandardContextValve.invoke(StandardContextValve.java:97) ~[tomcat-embed-core-9.0.64.jar:9.0.64]
	at org.apache.catalina.authenticator.AuthenticatorBase.invoke(AuthenticatorBase.java:541) ~[tomcat-embed-core-9.0.64.jar:9.0.64]
	at org.apache.catalina.core.StandardHostValve.invoke(StandardHostValve.java:135) ~[tomcat-embed-core-9.0.64.jar:9.0.64]
	at org.apache.catalina.valves.ErrorReportValve.invoke(ErrorReportValve.java:92) ~[tomcat-embed-core-9.0.64.jar:9.0.64]
	at org.apache.catalina.core.StandardEngineValve.invoke(StandardEngineValve.java:78) ~[tomcat-embed-core-9.0.64.jar:9.0.64]
	at org.apache.catalina.connector.CoyoteAdapter.service(CoyoteAdapter.java:360) ~[tomcat-embed-core-9.0.64.jar:9.0.64]
	at org.apache.coyote.http11.Http11Processor.service(Http11Processor.java:399) ~[tomcat-embed-core-9.0.64.jar:9.0.64]
	at org.apache.coyote.AbstractProcessorLight.process(AbstractProcessorLight.java:65) ~[tomcat-embed-core-9.0.64.jar:9.0.64]
	at org.apache.coyote.AbstractProtocol$ConnectionHandler.process(AbstractProtocol.java:890) ~[tomcat-embed-core-9.0.64.jar:9.0.64]
	at org.apache.tomcat.util.net.NioEndpoint$SocketProcessor.doRun(NioEndpoint.java:1787) ~[tomcat-embed-core-9.0.64.jar:9.0.64]
	at org.apache.tomcat.util.net.SocketProcessorBase.run(SocketProcessorBase.java:49) ~[tomcat-embed-core-9.0.64.jar:9.0.64]
	at org.apache.tomcat.util.threads.ThreadPoolExecutor.runWorker(ThreadPoolExecutor.java:1191) ~[tomcat-embed-core-9.0.64.jar:9.0.64]
	at org.apache.tomcat.util.threads.ThreadPoolExecutor$Worker.run(ThreadPoolExecutor.java:659) ~[tomcat-embed-core-9.0.64.jar:9.0.64]
	at org.apache.tomcat.util.threads.TaskThread$WrappingRunnable.run(TaskThread.java:61) ~[tomcat-embed-core-9.0.64.jar:9.0.64]
	at java.lang.Thread.run(Thread.java:840) ~[?:?]
2026-06-01 22:25:47 [http-nio-0.0.0.0-8083-exec-2] INFO  com.ninimum.api.security.jwt.JwtAuthenticationFilter - bearerToken==> Bearer eyJhbGciOiJIUzI1NiJ9.eyJzdWIiOiJ0ZXN0IiwiYXV0aCI6IkFETUlOIiwiZXhwIjoxODExODUzMDg4fQ.yA9pWdvQAP0Z3QB3V96dLdCh9jziRxH6f9bwBnbc_U4
2026-06-01 22:25:47 [http-nio-0.0.0.0-8083-exec-2] INFO  com.ninimum.api.security.jwt.JwtAuthenticationFilter - JWT AUTHORITY => [ADMIN]
2026-06-01 22:25:47 [http-nio-0.0.0.0-8083-exec-2] INFO  com.ninimum.api.security.jwt.JwtAuthenticationFilter - REQUEST URI => /ninimum/api/v1/admin/product/createProduct
2026-06-01 22:26:14 [HikariPool-1 housekeeper] WARN  com.zaxxer.hikari.pool.HikariPool - HikariPool-1 - Thread starvation or clock leap detected (housekeeper delta=48s129ms).
2026-06-01 22:26:14 [http-nio-0.0.0.0-8083-exec-2] ERROR com.ninimum.api.product.controller.AdminProductController - AdminProductController => createProduct: 
com.fasterxml.jackson.databind.exc.UnrecognizedPropertyException: Unrecognized field "is_active" (class com.ninimum.api.param.AddProductParam), not marked as ignorable (14 known properties: "barcode", "is_featured", "brand", "price", "name", "stock_quantity", "images", "short_description", "id", "category_id", "sku", "weight_gram", "subscription_price", "description"])
 at [Source: (String)"{   "category_id": 1,   "name": "Beech-Nut Organics Pear, Banana & Kiwi",   "short_description": "Organik mevali pyure",   "description": "Beech-Nut Organics Pear, Banana & Kiwi - organik nok, banan va kivi pyuresi. 6+ oylik bolalar uchun mos.",   "sku": "BN-ORG-PBK-99",   "barcode": "052200998877",   "brand": "Beech-Nut",   "price": 32000,   "subscription_price": 29000,   "stock_quantity": 200,   "weight_gram": 99,   "is_active": true,   "is_featured": false }"; line: 1, column: 440] (through reference chain: com.ninimum.api.param.AddProductParam["is_active"])
	at com.fasterxml.jackson.databind.exc.UnrecognizedPropertyException.from(UnrecognizedPropertyException.java:61) ~[jackson-databind-2.15.2.jar:2.15.2]
	at com.fasterxml.jackson.databind.DeserializationContext.handleUnknownProperty(DeserializationContext.java:1138) ~[jackson-databind-2.15.2.jar:2.15.2]
	at com.fasterxml.jackson.databind.deser.std.StdDeserializer.handleUnknownProperty(StdDeserializer.java:2224) ~[jackson-databind-2.15.2.jar:2.15.2]
	at com.fasterxml.jackson.databind.deser.BeanDeserializerBase.handleUnknownProperty(BeanDeserializerBase.java:1709) ~[jackson-databind-2.15.2.jar:2.15.2]
	at com.fasterxml.jackson.databind.deser.BeanDeserializerBase.handleUnknownVanilla(BeanDeserializerBase.java:1687) ~[jackson-databind-2.15.2.jar:2.15.2]
	at com.fasterxml.jackson.databind.deser.BeanDeserializer.vanillaDeserialize(BeanDeserializer.java:320) ~[jackson-databind-2.15.2.jar:2.15.2]
	at com.fasterxml.jackson.databind.deser.BeanDeserializer.deserialize(BeanDeserializer.java:177) ~[jackson-databind-2.15.2.jar:2.15.2]
	at com.fasterxml.jackson.databind.deser.DefaultDeserializationContext.readRootValue(DefaultDeserializationContext.java:323) ~[jackson-databind-2.15.2.jar:2.15.2]
	at com.fasterxml.jackson.databind.ObjectMapper._readMapAndClose(ObjectMapper.java:4825) ~[jackson-databind-2.15.2.jar:2.15.2]
	at com.fasterxml.jackson.databind.ObjectMapper.readValue(ObjectMapper.java:3772) ~[jackson-databind-2.15.2.jar:2.15.2]
	at com.fasterxml.jackson.databind.ObjectMapper.readValue(ObjectMapper.java:3740) ~[jackson-databind-2.15.2.jar:2.15.2]
	at com.ninimum.api.product.controller.AdminProductController.createProduct(AdminProductController.java:56) ~[classes/:?]
	at jdk.internal.reflect.NativeMethodAccessorImpl.invoke0(Native Method) ~[?:?]
	at jdk.internal.reflect.NativeMethodAccessorImpl.invoke(NativeMethodAccessorImpl.java:77) ~[?:?]
	at jdk.internal.reflect.DelegatingMethodAccessorImpl.invoke(DelegatingMethodAccessorImpl.java:43) ~[?:?]
	at java.lang.reflect.Method.invoke(Method.java:569) ~[?:?]
	at org.springframework.web.method.support.InvocableHandlerMethod.doInvoke(InvocableHandlerMethod.java:205) ~[spring-web-5.3.21.jar:5.3.21]
	at org.springframework.web.method.support.InvocableHandlerMethod.invokeForRequest(InvocableHandlerMethod.java:150) ~[spring-web-5.3.21.jar:5.3.21]
	at org.springframework.web.servlet.mvc.method.annotation.ServletInvocableHandlerMethod.invokeAndHandle(ServletInvocableHandlerMethod.java:117) ~[spring-webmvc-5.3.21.jar:5.3.21]
	at org.springframework.web.servlet.mvc.method.annotation.RequestMappingHandlerAdapter.invokeHandlerMethod(RequestMappingHandlerAdapter.java:895) ~[spring-webmvc-5.3.21.jar:5.3.21]
	at org.springframework.web.servlet.mvc.method.annotation.RequestMappingHandlerAdapter.handleInternal(RequestMappingHandlerAdapter.java:808) ~[spring-webmvc-5.3.21.jar:5.3.21]
	at org.springframework.web.servlet.mvc.method.AbstractHandlerMethodAdapter.handle(AbstractHandlerMethodAdapter.java:87) ~[spring-webmvc-5.3.21.jar:5.3.21]
	at org.springframework.web.servlet.DispatcherServlet.doDispatch(DispatcherServlet.java:1067) ~[spring-webmvc-5.3.21.jar:5.3.21]
	at org.springframework.web.servlet.DispatcherServlet.doService(DispatcherServlet.java:963) ~[spring-webmvc-5.3.21.jar:5.3.21]
	at org.springframework.web.servlet.FrameworkServlet.processRequest(FrameworkServlet.java:1006) ~[spring-webmvc-5.3.21.jar:5.3.21]
	at org.springframework.web.servlet.FrameworkServlet.doPost(FrameworkServlet.java:909) ~[spring-webmvc-5.3.21.jar:5.3.21]
	at javax.servlet.http.HttpServlet.service(HttpServlet.java:681) ~[tomcat-embed-core-9.0.64.jar:4.0.FR]
	at org.springframework.web.servlet.FrameworkServlet.service(FrameworkServlet.java:883) ~[spring-webmvc-5.3.21.jar:5.3.21]
	at javax.servlet.http.HttpServlet.service(HttpServlet.java:764) ~[tomcat-embed-core-9.0.64.jar:4.0.FR]
	at org.apache.catalina.core.ApplicationFilterChain.internalDoFilter(ApplicationFilterChain.java:227) ~[tomcat-embed-core-9.0.64.jar:9.0.64]
	at org.apache.catalina.core.ApplicationFilterChain.doFilter(ApplicationFilterChain.java:162) ~[tomcat-embed-core-9.0.64.jar:9.0.64]
	at org.apache.tomcat.websocket.server.WsFilter.doFilter(WsFilter.java:53) ~[tomcat-embed-websocket-9.0.64.jar:9.0.64]
	at org.apache.catalina.core.ApplicationFilterChain.internalDoFilter(ApplicationFilterChain.java:189) ~[tomcat-embed-core-9.0.64.jar:9.0.64]
	at org.apache.catalina.core.ApplicationFilterChain.doFilter(ApplicationFilterChain.java:162) ~[tomcat-embed-core-9.0.64.jar:9.0.64]
	at org.springframework.security.web.FilterChainProxy$VirtualFilterChain.doFilter(FilterChainProxy.java:327) ~[spring-security-web-5.7.2.jar:5.7.2]
	at org.springframework.security.web.access.intercept.AuthorizationFilter.doFilterInternal(AuthorizationFilter.java:73) ~[spring-security-web-5.7.2.jar:5.7.2]
	at org.springframework.web.filter.OncePerRequestFilter.doFilter(OncePerRequestFilter.java:117) ~[spring-web-5.3.21.jar:5.3.21]
	at org.springframework.security.web.FilterChainProxy$VirtualFilterChain.doFilter(FilterChainProxy.java:336) ~[spring-security-web-5.7.2.jar:5.7.2]
	at org.springframework.security.web.access.ExceptionTranslationFilter.doFilter(ExceptionTranslationFilter.java:122) ~[spring-security-web-5.7.2.jar:5.7.2]
	at org.springframework.security.web.access.ExceptionTranslationFilter.doFilter(ExceptionTranslationFilter.java:116) ~[spring-security-web-5.7.2.jar:5.7.2]
	at org.springframework.security.web.FilterChainProxy$VirtualFilterChain.doFilter(FilterChainProxy.java:336) ~[spring-security-web-5.7.2.jar:5.7.2]
	at org.springframework.security.web.session.SessionManagementFilter.doFilter(SessionManagementFilter.java:126) ~[spring-security-web-5.7.2.jar:5.7.2]
	at org.springframework.security.web.session.SessionManagementFilter.doFilter(SessionManagementFilter.java:81) ~[spring-security-web-5.7.2.jar:5.7.2]
	at org.springframework.security.web.FilterChainProxy$VirtualFilterChain.doFilter(FilterChainProxy.java:336) ~[spring-security-web-5.7.2.jar:5.7.2]
	at org.springframework.security.web.authentication.AnonymousAuthenticationFilter.doFilter(AnonymousAuthenticationFilter.java:109) ~[spring-security-web-5.7.2.jar:5.7.2]
	at org.springframework.security.web.FilterChainProxy$VirtualFilterChain.doFilter(FilterChainProxy.java:336) ~[spring-security-web-5.7.2.jar:5.7.2]
	at org.springframework.security.web.servletapi.SecurityContextHolderAwareRequestFilter.doFilter(SecurityContextHolderAwareRequestFilter.java:149) ~[spring-security-web-5.7.2.jar:5.7.2]
	at org.springframework.security.web.FilterChainProxy$VirtualFilterChain.doFilter(FilterChainProxy.java:336) ~[spring-security-web-5.7.2.jar:5.7.2]
	at org.springframework.security.web.savedrequest.RequestCacheAwareFilter.doFilter(RequestCacheAwareFilter.java:63) ~[spring-security-web-5.7.2.jar:5.7.2]
	at org.springframework.security.web.FilterChainProxy$VirtualFilterChain.doFilter(FilterChainProxy.java:336) ~[spring-security-web-5.7.2.jar:5.7.2]
	at org.springframework.security.web.authentication.AbstractAuthenticationProcessingFilter.doFilter(AbstractAuthenticationProcessingFilter.java:223) ~[spring-security-web-5.7.2.jar:5.7.2]
	at org.springframework.security.web.authentication.AbstractAuthenticationProcessingFilter.doFilter(AbstractAuthenticationProcessingFilter.java:217) ~[spring-security-web-5.7.2.jar:5.7.2]
	at org.springframework.security.web.FilterChainProxy$VirtualFilterChain.doFilter(FilterChainProxy.java:336) ~[spring-security-web-5.7.2.jar:5.7.2]
	at org.springframework.security.web.authentication.AbstractAuthenticationProcessingFilter.doFilter(AbstractAuthenticationProcessingFilter.java:223) ~[spring-security-web-5.7.2.jar:5.7.2]
	at org.springframework.security.web.authentication.AbstractAuthenticationProcessingFilter.doFilter(AbstractAuthenticationProcessingFilter.java:217) ~[spring-security-web-5.7.2.jar:5.7.2]
	at org.springframework.security.web.FilterChainProxy$VirtualFilterChain.doFilter(FilterChainProxy.java:336) ~[spring-security-web-5.7.2.jar:5.7.2]
	at com.ninimum.api.security.jwt.JwtAuthenticationFilter.doFilterInternal(JwtAuthenticationFilter.java:79) ~[classes/:?]
	at org.springframework.web.filter.OncePerRequestFilter.doFilter(OncePerRequestFilter.java:117) ~[spring-web-5.3.21.jar:5.3.21]
	at org.springframework.security.web.FilterChainProxy$VirtualFilterChain.doFilter(FilterChainProxy.java:336) ~[spring-security-web-5.7.2.jar:5.7.2]
	at org.springframework.security.web.authentication.logout.LogoutFilter.doFilter(LogoutFilter.java:103) ~[spring-security-web-5.7.2.jar:5.7.2]
	at org.springframework.security.web.authentication.logout.LogoutFilter.doFilter(LogoutFilter.java:89) ~[spring-security-web-5.7.2.jar:5.7.2]
	at org.springframework.security.web.FilterChainProxy$VirtualFilterChain.doFilter(FilterChainProxy.java:336) ~[spring-security-web-5.7.2.jar:5.7.2]
	at org.springframework.web.filter.CorsFilter.doFilterInternal(CorsFilter.java:91) ~[spring-web-5.3.21.jar:5.3.21]
	at org.springframework.web.filter.OncePerRequestFilter.doFilter(OncePerRequestFilter.java:117) ~[spring-web-5.3.21.jar:5.3.21]
	at org.springframework.security.web.FilterChainProxy$VirtualFilterChain.doFilter(FilterChainProxy.java:336) ~[spring-security-web-5.7.2.jar:5.7.2]
	at org.springframework.security.web.header.HeaderWriterFilter.doHeadersAfter(HeaderWriterFilter.java:90) ~[spring-security-web-5.7.2.jar:5.7.2]
	at org.springframework.security.web.header.HeaderWriterFilter.doFilterInternal(HeaderWriterFilter.java:75) ~[spring-security-web-5.7.2.jar:5.7.2]
	at org.springframework.web.filter.OncePerRequestFilter.doFilter(OncePerRequestFilter.java:117) ~[spring-web-5.3.21.jar:5.3.21]
	at org.springframework.security.web.FilterChainProxy$VirtualFilterChain.doFilter(FilterChainProxy.java:336) ~[spring-security-web-5.7.2.jar:5.7.2]
	at org.springframework.security.web.context.SecurityContextPersistenceFilter.doFilter(SecurityContextPersistenceFilter.java:112) ~[spring-security-web-5.7.2.jar:5.7.2]
	at org.springframework.security.web.context.SecurityContextPersistenceFilter.doFilter(SecurityContextPersistenceFilter.java:82) ~[spring-security-web-5.7.2.jar:5.7.2]
	at org.springframework.security.web.FilterChainProxy$VirtualFilterChain.doFilter(FilterChainProxy.java:336) ~[spring-security-web-5.7.2.jar:5.7.2]
	at org.springframework.security.web.context.request.async.WebAsyncManagerIntegrationFilter.doFilterInternal(WebAsyncManagerIntegrationFilter.java:55) ~[spring-security-web-5.7.2.jar:5.7.2]
	at org.springframework.web.filter.OncePerRequestFilter.doFilter(OncePerRequestFilter.java:117) ~[spring-web-5.3.21.jar:5.3.21]
	at org.springframework.security.web.FilterChainProxy$VirtualFilterChain.doFilter(FilterChainProxy.java:336) ~[spring-security-web-5.7.2.jar:5.7.2]
	at org.springframework.security.web.session.DisableEncodeUrlFilter.doFilterInternal(DisableEncodeUrlFilter.java:42) ~[spring-security-web-5.7.2.jar:5.7.2]
	at org.springframework.web.filter.OncePerRequestFilter.doFilter(OncePerRequestFilter.java:117) ~[spring-web-5.3.21.jar:5.3.21]
	at org.springframework.security.web.FilterChainProxy$VirtualFilterChain.doFilter(FilterChainProxy.java:336) ~[spring-security-web-5.7.2.jar:5.7.2]
	at org.springframework.security.web.FilterChainProxy.doFilterInternal(FilterChainProxy.java:211) ~[spring-security-web-5.7.2.jar:5.7.2]
	at org.springframework.security.web.FilterChainProxy.doFilter(FilterChainProxy.java:183) ~[spring-security-web-5.7.2.jar:5.7.2]
	at org.springframework.web.filter.DelegatingFilterProxy.invokeDelegate(DelegatingFilterProxy.java:354) ~[spring-web-5.3.21.jar:5.3.21]
	at org.springframework.web.filter.DelegatingFilterProxy.doFilter(DelegatingFilterProxy.java:267) ~[spring-web-5.3.21.jar:5.3.21]
	at org.apache.catalina.core.ApplicationFilterChain.internalDoFilter(ApplicationFilterChain.java:189) ~[tomcat-embed-core-9.0.64.jar:9.0.64]
	at org.apache.catalina.core.ApplicationFilterChain.doFilter(ApplicationFilterChain.java:162) ~[tomcat-embed-core-9.0.64.jar:9.0.64]
	at org.springframework.web.filter.RequestContextFilter.doFilterInternal(RequestContextFilter.java:100) ~[spring-web-5.3.21.jar:5.3.21]
	at org.springframework.web.filter.OncePerRequestFilter.doFilter(OncePerRequestFilter.java:117) ~[spring-web-5.3.21.jar:5.3.21]
	at org.apache.catalina.core.ApplicationFilterChain.internalDoFilter(ApplicationFilterChain.java:189) ~[tomcat-embed-core-9.0.64.jar:9.0.64]
	at org.apache.catalina.core.ApplicationFilterChain.doFilter(ApplicationFilterChain.java:162) ~[tomcat-embed-core-9.0.64.jar:9.0.64]
	at org.springframework.web.filter.FormContentFilter.doFilterInternal(FormContentFilter.java:93) ~[spring-web-5.3.21.jar:5.3.21]
	at org.springframework.web.filter.OncePerRequestFilter.doFilter(OncePerRequestFilter.java:117) ~[spring-web-5.3.21.jar:5.3.21]
	at org.apache.catalina.core.ApplicationFilterChain.internalDoFilter(ApplicationFilterChain.java:189) ~[tomcat-embed-core-9.0.64.jar:9.0.64]
	at org.apache.catalina.core.ApplicationFilterChain.doFilter(ApplicationFilterChain.java:162) ~[tomcat-embed-core-9.0.64.jar:9.0.64]
	at org.springframework.boot.actuate.metrics.web.servlet.WebMvcMetricsFilter.doFilterInternal(WebMvcMetricsFilter.java:96) ~[spring-boot-actuator-2.7.1.jar:2.7.1]
	at org.springframework.web.filter.OncePerRequestFilter.doFilter(OncePerRequestFilter.java:117) ~[spring-web-5.3.21.jar:5.3.21]
	at org.apache.catalina.core.ApplicationFilterChain.internalDoFilter(ApplicationFilterChain.java:189) ~[tomcat-embed-core-9.0.64.jar:9.0.64]
	at org.apache.catalina.core.ApplicationFilterChain.doFilter(ApplicationFilterChain.java:162) ~[tomcat-embed-core-9.0.64.jar:9.0.64]
	at org.springframework.web.filter.CharacterEncodingFilter.doFilterInternal(CharacterEncodingFilter.java:201) ~[spring-web-5.3.21.jar:5.3.21]
	at org.springframework.web.filter.OncePerRequestFilter.doFilter(OncePerRequestFilter.java:117) ~[spring-web-5.3.21.jar:5.3.21]
	at org.apache.catalina.core.ApplicationFilterChain.internalDoFilter(ApplicationFilterChain.java:189) ~[tomcat-embed-core-9.0.64.jar:9.0.64]
	at org.apache.catalina.core.ApplicationFilterChain.doFilter(ApplicationFilterChain.java:162) ~[tomcat-embed-core-9.0.64.jar:9.0.64]
	at org.apache.catalina.core.StandardWrapperValve.invoke(StandardWrapperValve.java:197) ~[tomcat-embed-core-9.0.64.jar:9.0.64]
	at org.apache.catalina.core.StandardContextValve.invoke(StandardContextValve.java:97) ~[tomcat-embed-core-9.0.64.jar:9.0.64]
	at org.apache.catalina.authenticator.AuthenticatorBase.invoke(AuthenticatorBase.java:541) ~[tomcat-embed-core-9.0.64.jar:9.0.64]
	at org.apache.catalina.core.StandardHostValve.invoke(StandardHostValve.java:135) ~[tomcat-embed-core-9.0.64.jar:9.0.64]
	at org.apache.catalina.valves.ErrorReportValve.invoke(ErrorReportValve.java:92) ~[tomcat-embed-core-9.0.64.jar:9.0.64]
	at org.apache.catalina.core.StandardEngineValve.invoke(StandardEngineValve.java:78) ~[tomcat-embed-core-9.0.64.jar:9.0.64]
	at org.apache.catalina.connector.CoyoteAdapter.service(CoyoteAdapter.java:360) ~[tomcat-embed-core-9.0.64.jar:9.0.64]
	at org.apache.coyote.http11.Http11Processor.service(Http11Processor.java:399) ~[tomcat-embed-core-9.0.64.jar:9.0.64]
	at org.apache.coyote.AbstractProcessorLight.process(AbstractProcessorLight.java:65) ~[tomcat-embed-core-9.0.64.jar:9.0.64]
	at org.apache.coyote.AbstractProtocol$ConnectionHandler.process(AbstractProtocol.java:890) ~[tomcat-embed-core-9.0.64.jar:9.0.64]
	at org.apache.tomcat.util.net.NioEndpoint$SocketProcessor.doRun(NioEndpoint.java:1787) ~[tomcat-embed-core-9.0.64.jar:9.0.64]
	at org.apache.tomcat.util.net.SocketProcessorBase.run(SocketProcessorBase.java:49) ~[tomcat-embed-core-9.0.64.jar:9.0.64]
	at org.apache.tomcat.util.threads.ThreadPoolExecutor.runWorker(ThreadPoolExecutor.java:1191) ~[tomcat-embed-core-9.0.64.jar:9.0.64]
	at org.apache.tomcat.util.threads.ThreadPoolExecutor$Worker.run(ThreadPoolExecutor.java:659) ~[tomcat-embed-core-9.0.64.jar:9.0.64]
	at org.apache.tomcat.util.threads.TaskThread$WrappingRunnable.run(TaskThread.java:61) ~[tomcat-embed-core-9.0.64.jar:9.0.64]
	at java.lang.Thread.run(Thread.java:840) ~[?:?]
2026-06-01 22:27:51 [http-nio-0.0.0.0-8083-exec-4] INFO  com.ninimum.api.security.jwt.JwtAuthenticationFilter - bearerToken==> Bearer eyJhbGciOiJIUzI1NiJ9.eyJzdWIiOiJ0ZXN0IiwiYXV0aCI6IkFETUlOIiwiZXhwIjoxODExODUzMDg4fQ.yA9pWdvQAP0Z3QB3V96dLdCh9jziRxH6f9bwBnbc_U4
2026-06-01 22:27:51 [http-nio-0.0.0.0-8083-exec-4] INFO  com.ninimum.api.security.jwt.JwtAuthenticationFilter - JWT AUTHORITY => [ADMIN]
2026-06-01 22:27:51 [http-nio-0.0.0.0-8083-exec-4] INFO  com.ninimum.api.security.jwt.JwtAuthenticationFilter - REQUEST URI => /ninimum/api/v1/admin/product/createProduct
2026-06-01 22:28:47 [http-nio-0.0.0.0-8083-exec-5] INFO  com.ninimum.api.security.jwt.JwtAuthenticationFilter - bearerToken==> Bearer eyJhbGciOiJIUzI1NiJ9.eyJzdWIiOiJ0ZXN0IiwiYXV0aCI6IkFETUlOIiwiZXhwIjoxODExODUzMDg4fQ.yA9pWdvQAP0Z3QB3V96dLdCh9jziRxH6f9bwBnbc_U4
2026-06-01 22:28:47 [http-nio-0.0.0.0-8083-exec-5] INFO  com.ninimum.api.security.jwt.JwtAuthenticationFilter - JWT AUTHORITY => [ADMIN]
2026-06-01 22:28:47 [http-nio-0.0.0.0-8083-exec-5] INFO  com.ninimum.api.security.jwt.JwtAuthenticationFilter - REQUEST URI => /ninimum/api/v1/product/getProductList
2026-06-01 22:30:17 [SpringApplicationShutdownHook] INFO  com.zaxxer.hikari.HikariDataSource - HikariPool-1 - Shutdown initiated...
2026-06-01 22:30:17 [SpringApplicationShutdownHook] INFO  com.zaxxer.hikari.HikariDataSource - HikariPool-1 - Shutdown completed.
2026-06-01 22:31:12 [restartedMain] INFO  com.ninimum.api.NinimumApplication - Starting NinimumApplication using Java 17.0.14 on Akmalui-MacBookPro.local with PID 7198 (/Users/akmalbukhariev/Projects/NinimumBackend/NinimumBackend/target/classes started by akmalbukhariev in /Users/akmalbukhariev/Projects/NinimumBackend/NinimumBackend)
2026-06-01 22:31:12 [restartedMain] INFO  com.ninimum.api.NinimumApplication - The following 1 profile is active: "default"
2026-06-01 22:31:12 [restartedMain] INFO  org.springframework.boot.devtools.env.DevToolsPropertyDefaultsPostProcessor - Devtools property defaults active! Set 'spring.devtools.add-properties' to 'false' to disable
2026-06-01 22:31:12 [restartedMain] INFO  org.springframework.boot.devtools.env.DevToolsPropertyDefaultsPostProcessor - For additional web related logging consider setting the 'logging.level.web' property to 'DEBUG'
2026-06-01 22:31:14 [restartedMain] INFO  org.springframework.data.repository.config.RepositoryConfigurationDelegate - Bootstrapping Spring Data JDBC repositories in DEFAULT mode.
2026-06-01 22:31:14 [restartedMain] INFO  org.springframework.data.repository.config.RepositoryConfigurationDelegate - Finished Spring Data repository scanning in 30 ms. Found 0 JDBC repository interfaces.
2026-06-01 22:31:14 [restartedMain] INFO  com.ulisesbocchio.jasyptspringboot.configuration.EnableEncryptablePropertiesBeanFactoryPostProcessor - Post-processing PropertySource instances
2026-06-01 22:31:14 [restartedMain] INFO  com.ulisesbocchio.jasyptspringboot.EncryptablePropertySourceConverter - Skipping PropertySource configurationProperties [class org.springframework.boot.context.properties.source.ConfigurationPropertySourcesPropertySource
2026-06-01 22:31:14 [restartedMain] INFO  com.ulisesbocchio.jasyptspringboot.EncryptablePropertySourceConverter - Skipping PropertySource servletConfigInitParams [class org.springframework.core.env.PropertySource$StubPropertySource
2026-06-01 22:31:14 [restartedMain] INFO  com.ulisesbocchio.jasyptspringboot.EncryptablePropertySourceConverter - Skipping PropertySource servletContextInitParams [class org.springframework.core.env.PropertySource$StubPropertySource
2026-06-01 22:31:14 [restartedMain] INFO  com.ulisesbocchio.jasyptspringboot.EncryptablePropertySourceConverter - Converting PropertySource systemProperties [org.springframework.core.env.PropertiesPropertySource] to EncryptableMapPropertySourceWrapper
2026-06-01 22:31:14 [restartedMain] INFO  com.ulisesbocchio.jasyptspringboot.EncryptablePropertySourceConverter - Converting PropertySource systemEnvironment [org.springframework.boot.env.SystemEnvironmentPropertySourceEnvironmentPostProcessor$OriginAwareSystemEnvironmentPropertySource] to EncryptableSystemEnvironmentPropertySourceWrapper
2026-06-01 22:31:14 [restartedMain] INFO  com.ulisesbocchio.jasyptspringboot.EncryptablePropertySourceConverter - Converting PropertySource random [org.springframework.boot.env.RandomValuePropertySource] to EncryptablePropertySourceWrapper
2026-06-01 22:31:14 [restartedMain] INFO  com.ulisesbocchio.jasyptspringboot.EncryptablePropertySourceConverter - Converting PropertySource Config resource 'class path resource [application.yaml]' via location 'optional:classpath:/' [org.springframework.boot.env.OriginTrackedMapPropertySource] to EncryptableMapPropertySourceWrapper
2026-06-01 22:31:14 [restartedMain] INFO  com.ulisesbocchio.jasyptspringboot.EncryptablePropertySourceConverter - Converting PropertySource devtools [org.springframework.core.env.MapPropertySource] to EncryptableMapPropertySourceWrapper
2026-06-01 22:31:14 [restartedMain] INFO  com.ulisesbocchio.jasyptspringboot.filter.DefaultLazyPropertyFilter - Property Filter custom Bean not found with name 'encryptablePropertyFilter'. Initializing Default Property Filter
2026-06-01 22:31:14 [restartedMain] INFO  com.ulisesbocchio.jasyptspringboot.resolver.DefaultLazyPropertyResolver - Property Resolver custom Bean not found with name 'encryptablePropertyResolver'. Initializing Default Property Resolver
2026-06-01 22:31:14 [restartedMain] INFO  com.ulisesbocchio.jasyptspringboot.detector.DefaultLazyPropertyDetector - Property Detector custom Bean not found with name 'encryptablePropertyDetector'. Initializing Default Property Detector
2026-06-01 22:31:15 [restartedMain] INFO  org.springframework.boot.web.embedded.tomcat.TomcatWebServer - Tomcat initialized with port(s): 8083 (http)
2026-06-01 22:31:15 [restartedMain] INFO  org.springframework.boot.web.servlet.context.ServletWebServerApplicationContext - Root WebApplicationContext: initialization completed in 2350 ms
2026-06-01 22:31:16 [restartedMain] INFO  org.springframework.boot.actuate.endpoint.web.EndpointLinksResolver - Exposing 2 endpoint(s) beneath base path '/actuator'
2026-06-01 22:31:16 [restartedMain] INFO  org.springframework.security.web.DefaultSecurityFilterChain - Will secure any request with [org.springframework.security.web.session.DisableEncodeUrlFilter@58ff118e, org.springframework.security.web.context.request.async.WebAsyncManagerIntegrationFilter@dde1e1c, org.springframework.security.web.context.SecurityContextPersistenceFilter@76026785, org.springframework.security.web.header.HeaderWriterFilter@58a4e211, org.springframework.web.filter.CorsFilter@69583598, org.springframework.security.web.authentication.logout.LogoutFilter@63549650, com.ninimum.api.security.jwt.JwtAuthenticationFilter@430f08b5, com.ninimum.api.security.filter.UserAuthenticationFilter@635c023b, com.ninimum.api.security.filter.AdminAuthenticationFilter@1e0fceb2, org.springframework.security.web.savedrequest.RequestCacheAwareFilter@76596bf5, org.springframework.security.web.servletapi.SecurityContextHolderAwareRequestFilter@5b9ea44f, org.springframework.security.web.authentication.AnonymousAuthenticationFilter@36d3dc1e, org.springframework.security.web.session.SessionManagementFilter@84c35e0, org.springframework.security.web.access.ExceptionTranslationFilter@78aa29c, org.springframework.security.web.access.intercept.AuthorizationFilter@4d3308ed]
2026-06-01 22:31:16 [restartedMain] WARN  org.springframework.security.config.annotation.web.builders.WebSecurity - You are asking Spring Security to ignore Ant [pattern='/**/webjars/**']. This is not recommended -- please use permitAll via HttpSecurity#authorizeHttpRequests instead.
2026-06-01 22:31:16 [restartedMain] INFO  org.springframework.security.web.DefaultSecurityFilterChain - Will not secure Ant [pattern='/**/webjars/**']
2026-06-01 22:31:16 [restartedMain] WARN  org.springframework.security.config.annotation.web.builders.WebSecurity - You are asking Spring Security to ignore Ant [pattern='/uploads/**']. This is not recommended -- please use permitAll via HttpSecurity#authorizeHttpRequests instead.
2026-06-01 22:31:16 [restartedMain] INFO  org.springframework.security.web.DefaultSecurityFilterChain - Will not secure Ant [pattern='/uploads/**']
2026-06-01 22:31:16 [restartedMain] WARN  org.springframework.security.config.annotation.web.builders.WebSecurity - You are asking Spring Security to ignore Ant [pattern='/v2/api-docs']. This is not recommended -- please use permitAll via HttpSecurity#authorizeHttpRequests instead.
2026-06-01 22:31:16 [restartedMain] INFO  org.springframework.security.web.DefaultSecurityFilterChain - Will not secure Ant [pattern='/v2/api-docs']
2026-06-01 22:31:16 [restartedMain] WARN  org.springframework.security.config.annotation.web.builders.WebSecurity - You are asking Spring Security to ignore Ant [pattern='/swagger-resources']. This is not recommended -- please use permitAll via HttpSecurity#authorizeHttpRequests instead.
2026-06-01 22:31:16 [restartedMain] INFO  org.springframework.security.web.DefaultSecurityFilterChain - Will not secure Ant [pattern='/swagger-resources']
2026-06-01 22:31:16 [restartedMain] WARN  org.springframework.security.config.annotation.web.builders.WebSecurity - You are asking Spring Security to ignore Ant [pattern='/swagger-resources/**']. This is not recommended -- please use permitAll via HttpSecurity#authorizeHttpRequests instead.
2026-06-01 22:31:16 [restartedMain] INFO  org.springframework.security.web.DefaultSecurityFilterChain - Will not secure Ant [pattern='/swagger-resources/**']
2026-06-01 22:31:16 [restartedMain] WARN  org.springframework.security.config.annotation.web.builders.WebSecurity - You are asking Spring Security to ignore Ant [pattern='/configuration/ui']. This is not recommended -- please use permitAll via HttpSecurity#authorizeHttpRequests instead.
2026-06-01 22:31:16 [restartedMain] INFO  org.springframework.security.web.DefaultSecurityFilterChain - Will not secure Ant [pattern='/configuration/ui']
2026-06-01 22:31:16 [restartedMain] WARN  org.springframework.security.config.annotation.web.builders.WebSecurity - You are asking Spring Security to ignore Ant [pattern='/configuration/security']. This is not recommended -- please use permitAll via HttpSecurity#authorizeHttpRequests instead.
2026-06-01 22:31:16 [restartedMain] INFO  org.springframework.security.web.DefaultSecurityFilterChain - Will not secure Ant [pattern='/configuration/security']
2026-06-01 22:31:16 [restartedMain] WARN  org.springframework.security.config.annotation.web.builders.WebSecurity - You are asking Spring Security to ignore Ant [pattern='/swagger-ui/**']. This is not recommended -- please use permitAll via HttpSecurity#authorizeHttpRequests instead.
2026-06-01 22:31:16 [restartedMain] INFO  org.springframework.security.web.DefaultSecurityFilterChain - Will not secure Ant [pattern='/swagger-ui/**']
2026-06-01 22:31:16 [restartedMain] WARN  org.springframework.security.config.annotation.web.builders.WebSecurity - You are asking Spring Security to ignore Ant [pattern='/webjars/**']. This is not recommended -- please use permitAll via HttpSecurity#authorizeHttpRequests instead.
2026-06-01 22:31:16 [restartedMain] INFO  org.springframework.security.web.DefaultSecurityFilterChain - Will not secure Ant [pattern='/webjars/**']
2026-06-01 22:31:16 [restartedMain] WARN  org.springframework.security.config.annotation.web.builders.WebSecurity - You are asking Spring Security to ignore Ant [pattern='/v3/api-docs/**']. This is not recommended -- please use permitAll via HttpSecurity#authorizeHttpRequests instead.
2026-06-01 22:31:16 [restartedMain] INFO  org.springframework.security.web.DefaultSecurityFilterChain - Will not secure Ant [pattern='/v3/api-docs/**']
2026-06-01 22:31:16 [restartedMain] WARN  org.springframework.security.config.annotation.web.builders.WebSecurity - You are asking Spring Security to ignore Ant [pattern='/actuator/health/**']. This is not recommended -- please use permitAll via HttpSecurity#authorizeHttpRequests instead.
2026-06-01 22:31:16 [restartedMain] INFO  org.springframework.security.web.DefaultSecurityFilterChain - Will not secure Ant [pattern='/actuator/health/**']
2026-06-01 22:31:16 [restartedMain] WARN  org.springframework.security.config.annotation.web.builders.WebSecurity - You are asking Spring Security to ignore Ant [pattern='/actuator/info']. This is not recommended -- please use permitAll via HttpSecurity#authorizeHttpRequests instead.
2026-06-01 22:31:16 [restartedMain] INFO  org.springframework.security.web.DefaultSecurityFilterChain - Will not secure Ant [pattern='/actuator/info']
2026-06-01 22:31:16 [restartedMain] WARN  org.springframework.security.config.annotation.web.builders.WebSecurity - You are asking Spring Security to ignore Ant [pattern='/ninimum/actuator/**']. This is not recommended -- please use permitAll via HttpSecurity#authorizeHttpRequests instead.
2026-06-01 22:31:16 [restartedMain] INFO  org.springframework.security.web.DefaultSecurityFilterChain - Will not secure Ant [pattern='/ninimum/actuator/**']
2026-06-01 22:31:16 [restartedMain] WARN  org.springframework.security.config.annotation.web.builders.WebSecurity - You are asking Spring Security to ignore Ant [pattern='/api/v1/status']. This is not recommended -- please use permitAll via HttpSecurity#authorizeHttpRequests instead.
2026-06-01 22:31:16 [restartedMain] INFO  org.springframework.security.web.DefaultSecurityFilterChain - Will not secure Ant [pattern='/api/v1/status']
2026-06-01 22:31:16 [restartedMain] WARN  org.springframework.security.config.annotation.web.builders.WebSecurity - You are asking Spring Security to ignore Ant [pattern='/ninimum/api/v1/status']. This is not recommended -- please use permitAll via HttpSecurity#authorizeHttpRequests instead.
2026-06-01 22:31:16 [restartedMain] INFO  org.springframework.security.web.DefaultSecurityFilterChain - Will not secure Ant [pattern='/ninimum/api/v1/status']
2026-06-01 22:31:16 [restartedMain] WARN  org.springframework.security.config.annotation.web.builders.WebSecurity - You are asking Spring Security to ignore Ant [pattern='/ninimum/api/v1/user/checkPhoneNumber']. This is not recommended -- please use permitAll via HttpSecurity#authorizeHttpRequests instead.
2026-06-01 22:31:16 [restartedMain] INFO  org.springframework.security.web.DefaultSecurityFilterChain - Will not secure Ant [pattern='/ninimum/api/v1/user/checkPhoneNumber']
2026-06-01 22:31:16 [restartedMain] WARN  org.springframework.security.config.annotation.web.builders.WebSecurity - You are asking Spring Security to ignore Ant [pattern='/ninimum/api/v1/user/register']. This is not recommended -- please use permitAll via HttpSecurity#authorizeHttpRequests instead.
2026-06-01 22:31:16 [restartedMain] INFO  org.springframework.security.web.DefaultSecurityFilterChain - Will not secure Ant [pattern='/ninimum/api/v1/user/register']
2026-06-01 22:31:16 [restartedMain] WARN  org.springframework.security.config.annotation.web.builders.WebSecurity - You are asking Spring Security to ignore Ant [pattern='/ninimum/api/v1/message/verifyPhoneNumber']. This is not recommended -- please use permitAll via HttpSecurity#authorizeHttpRequests instead.
2026-06-01 22:31:16 [restartedMain] INFO  org.springframework.security.web.DefaultSecurityFilterChain - Will not secure Ant [pattern='/ninimum/api/v1/message/verifyPhoneNumber']
2026-06-01 22:31:16 [restartedMain] WARN  org.springframework.security.config.annotation.web.builders.WebSecurity - You are asking Spring Security to ignore Ant [pattern='/error']. This is not recommended -- please use permitAll via HttpSecurity#authorizeHttpRequests instead.
2026-06-01 22:31:16 [restartedMain] INFO  org.springframework.security.web.DefaultSecurityFilterChain - Will not secure Ant [pattern='/error']
2026-06-01 22:31:17 [restartedMain] INFO  com.zaxxer.hikari.HikariDataSource - HikariPool-1 - Starting...
2026-06-01 22:31:18 [restartedMain] INFO  com.zaxxer.hikari.HikariDataSource - HikariPool-1 - Start completed.
2026-06-01 22:31:18 [restartedMain] INFO  org.springframework.boot.devtools.autoconfigure.OptionalLiveReloadServer - LiveReload server is running on port 35729
2026-06-01 22:31:18 [restartedMain] INFO  org.springframework.boot.web.embedded.tomcat.TomcatWebServer - Tomcat started on port(s): 8083 (http) with context path ''
2026-06-01 22:31:18 [restartedMain] INFO  com.ulisesbocchio.jasyptspringboot.caching.RefreshScopeRefreshedEventListener - Refreshing cached encryptable property sources on ServletWebServerInitializedEvent
2026-06-01 22:31:18 [restartedMain] INFO  com.ulisesbocchio.jasyptspringboot.caching.CachingDelegateEncryptablePropertySource - Property Source systemProperties refreshed
2026-06-01 22:31:18 [restartedMain] INFO  com.ulisesbocchio.jasyptspringboot.caching.CachingDelegateEncryptablePropertySource - Property Source systemEnvironment refreshed
2026-06-01 22:31:18 [restartedMain] INFO  com.ulisesbocchio.jasyptspringboot.caching.CachingDelegateEncryptablePropertySource - Property Source random refreshed
2026-06-01 22:31:18 [restartedMain] INFO  com.ulisesbocchio.jasyptspringboot.caching.CachingDelegateEncryptablePropertySource - Property Source Config resource 'class path resource [application.yaml]' via location 'optional:classpath:/' refreshed
2026-06-01 22:31:18 [restartedMain] INFO  com.ulisesbocchio.jasyptspringboot.caching.CachingDelegateEncryptablePropertySource - Property Source devtools refreshed
2026-06-01 22:31:18 [restartedMain] INFO  com.ulisesbocchio.jasyptspringboot.EncryptablePropertySourceConverter - Converting PropertySource server.ports [org.springframework.core.env.MapPropertySource] to EncryptableMapPropertySourceWrapper
2026-06-01 22:31:18 [restartedMain] INFO  com.ulisesbocchio.jasyptspringboot.EncryptablePropertySourceConverter - Skipping PropertySource configurationProperties [class org.springframework.boot.context.properties.source.ConfigurationPropertySourcesPropertySource
2026-06-01 22:31:18 [restartedMain] INFO  com.ulisesbocchio.jasyptspringboot.EncryptablePropertySourceConverter - Skipping PropertySource servletConfigInitParams [class org.springframework.core.env.PropertySource$StubPropertySource
2026-06-01 22:31:18 [restartedMain] INFO  com.ulisesbocchio.jasyptspringboot.EncryptablePropertySourceConverter - Converting PropertySource servletContextInitParams [org.springframework.web.context.support.ServletContextPropertySource] to EncryptableEnumerablePropertySourceWrapper
2026-06-01 22:31:18 [restartedMain] INFO  com.ulisesbocchio.jasyptspringboot.EncryptablePropertySourceConverter - Converting PropertySource Management Server [org.springframework.boot.actuate.autoconfigure.web.server.ManagementContextAutoConfiguration$SameManagementContextConfiguration$1] to EncryptablePropertySourceWrapper
2026-06-01 22:31:18 [restartedMain] INFO  com.ninimum.api.NinimumApplication - Started NinimumApplication in 6.536 seconds (JVM running for 7.628)
2026-06-01 22:31:39 [http-nio-0.0.0.0-8083-exec-1] INFO  org.springframework.web.servlet.DispatcherServlet - Initializing Servlet 'dispatcherServlet'
2026-06-01 22:31:39 [http-nio-0.0.0.0-8083-exec-1] INFO  org.springframework.web.servlet.DispatcherServlet - Completed initialization in 1 ms
2026-06-01 22:31:39 [http-nio-0.0.0.0-8083-exec-1] INFO  com.ninimum.api.security.jwt.JwtAuthenticationFilter - bearerToken==> Bearer eyJhbGciOiJIUzI1NiJ9.eyJzdWIiOiJ0ZXN0IiwiYXV0aCI6IkFETUlOIiwiZXhwIjoxODExODUzMDg4fQ.yA9pWdvQAP0Z3QB3V96dLdCh9jziRxH6f9bwBnbc_U4
2026-06-01 22:31:39 [http-nio-0.0.0.0-8083-exec-1] INFO  com.ninimum.api.security.jwt.JwtAuthenticationFilter - JWT AUTHORITY => [ADMIN]
2026-06-01 22:31:39 [http-nio-0.0.0.0-8083-exec-1] INFO  com.ninimum.api.security.jwt.JwtAuthenticationFilter - REQUEST URI => /ninimum/api/v1/product/getProductList
2026-06-01 22:32:39 [SpringApplicationShutdownHook] INFO  com.zaxxer.hikari.HikariDataSource - HikariPool-1 - Shutdown initiated...
2026-06-01 22:32:39 [SpringApplicationShutdownHook] INFO  com.zaxxer.hikari.HikariDataSource - HikariPool-1 - Shutdown completed.
2026-06-01 22:32:54 [restartedMain] INFO  com.ninimum.api.NinimumApplication - Starting NinimumApplication using Java 17.0.14 on Akmalui-MacBookPro.local with PID 7322 (/Users/akmalbukhariev/Projects/NinimumBackend/NinimumBackend/target/classes started by akmalbukhariev in /Users/akmalbukhariev/Projects/NinimumBackend/NinimumBackend)
2026-06-01 22:32:54 [restartedMain] INFO  com.ninimum.api.NinimumApplication - The following 1 profile is active: "default"
2026-06-01 22:32:54 [restartedMain] INFO  org.springframework.boot.devtools.env.DevToolsPropertyDefaultsPostProcessor - Devtools property defaults active! Set 'spring.devtools.add-properties' to 'false' to disable
2026-06-01 22:32:54 [restartedMain] INFO  org.springframework.boot.devtools.env.DevToolsPropertyDefaultsPostProcessor - For additional web related logging consider setting the 'logging.level.web' property to 'DEBUG'
2026-06-01 22:32:55 [restartedMain] INFO  org.springframework.data.repository.config.RepositoryConfigurationDelegate - Bootstrapping Spring Data JDBC repositories in DEFAULT mode.
2026-06-01 22:32:55 [restartedMain] INFO  org.springframework.data.repository.config.RepositoryConfigurationDelegate - Finished Spring Data repository scanning in 42 ms. Found 0 JDBC repository interfaces.
2026-06-01 22:32:55 [restartedMain] INFO  com.ulisesbocchio.jasyptspringboot.configuration.EnableEncryptablePropertiesBeanFactoryPostProcessor - Post-processing PropertySource instances
2026-06-01 22:32:55 [restartedMain] INFO  com.ulisesbocchio.jasyptspringboot.EncryptablePropertySourceConverter - Skipping PropertySource configurationProperties [class org.springframework.boot.context.properties.source.ConfigurationPropertySourcesPropertySource
2026-06-01 22:32:55 [restartedMain] INFO  com.ulisesbocchio.jasyptspringboot.EncryptablePropertySourceConverter - Skipping PropertySource servletConfigInitParams [class org.springframework.core.env.PropertySource$StubPropertySource
2026-06-01 22:32:55 [restartedMain] INFO  com.ulisesbocchio.jasyptspringboot.EncryptablePropertySourceConverter - Skipping PropertySource servletContextInitParams [class org.springframework.core.env.PropertySource$StubPropertySource
2026-06-01 22:32:55 [restartedMain] INFO  com.ulisesbocchio.jasyptspringboot.EncryptablePropertySourceConverter - Converting PropertySource systemProperties [org.springframework.core.env.PropertiesPropertySource] to EncryptableMapPropertySourceWrapper
2026-06-01 22:32:55 [restartedMain] INFO  com.ulisesbocchio.jasyptspringboot.EncryptablePropertySourceConverter - Converting PropertySource systemEnvironment [org.springframework.boot.env.SystemEnvironmentPropertySourceEnvironmentPostProcessor$OriginAwareSystemEnvironmentPropertySource] to EncryptableSystemEnvironmentPropertySourceWrapper
2026-06-01 22:32:55 [restartedMain] INFO  com.ulisesbocchio.jasyptspringboot.EncryptablePropertySourceConverter - Converting PropertySource random [org.springframework.boot.env.RandomValuePropertySource] to EncryptablePropertySourceWrapper
2026-06-01 22:32:55 [restartedMain] INFO  com.ulisesbocchio.jasyptspringboot.EncryptablePropertySourceConverter - Converting PropertySource Config resource 'class path resource [application.yaml]' via location 'optional:classpath:/' [org.springframework.boot.env.OriginTrackedMapPropertySource] to EncryptableMapPropertySourceWrapper
2026-06-01 22:32:55 [restartedMain] INFO  com.ulisesbocchio.jasyptspringboot.EncryptablePropertySourceConverter - Converting PropertySource devtools [org.springframework.core.env.MapPropertySource] to EncryptableMapPropertySourceWrapper
2026-06-01 22:32:56 [restartedMain] INFO  com.ulisesbocchio.jasyptspringboot.filter.DefaultLazyPropertyFilter - Property Filter custom Bean not found with name 'encryptablePropertyFilter'. Initializing Default Property Filter
2026-06-01 22:32:56 [restartedMain] INFO  com.ulisesbocchio.jasyptspringboot.resolver.DefaultLazyPropertyResolver - Property Resolver custom Bean not found with name 'encryptablePropertyResolver'. Initializing Default Property Resolver
2026-06-01 22:32:56 [restartedMain] INFO  com.ulisesbocchio.jasyptspringboot.detector.DefaultLazyPropertyDetector - Property Detector custom Bean not found with name 'encryptablePropertyDetector'. Initializing Default Property Detector
2026-06-01 22:32:56 [restartedMain] INFO  org.springframework.boot.web.embedded.tomcat.TomcatWebServer - Tomcat initialized with port(s): 8083 (http)
2026-06-01 22:32:56 [restartedMain] INFO  org.springframework.boot.web.servlet.context.ServletWebServerApplicationContext - Root WebApplicationContext: initialization completed in 2372 ms
2026-06-01 22:32:58 [restartedMain] INFO  org.springframework.boot.actuate.endpoint.web.EndpointLinksResolver - Exposing 2 endpoint(s) beneath base path '/actuator'
2026-06-01 22:32:58 [restartedMain] INFO  org.springframework.security.web.DefaultSecurityFilterChain - Will secure any request with [org.springframework.security.web.session.DisableEncodeUrlFilter@38bf021e, org.springframework.security.web.context.request.async.WebAsyncManagerIntegrationFilter@7cfc9590, org.springframework.security.web.context.SecurityContextPersistenceFilter@483fe9ef, org.springframework.security.web.header.HeaderWriterFilter@73de4253, org.springframework.web.filter.CorsFilter@6f7698d7, org.springframework.security.web.authentication.logout.LogoutFilter@620655e2, com.ninimum.api.security.jwt.JwtAuthenticationFilter@2b8e5781, com.ninimum.api.security.filter.UserAuthenticationFilter@6be10f1c, com.ninimum.api.security.filter.AdminAuthenticationFilter@73a957e5, org.springframework.security.web.savedrequest.RequestCacheAwareFilter@69f05f54, org.springframework.security.web.servletapi.SecurityContextHolderAwareRequestFilter@1e2a4db6, org.springframework.security.web.authentication.AnonymousAuthenticationFilter@28c2d967, org.springframework.security.web.session.SessionManagementFilter@bc06116, org.springframework.security.web.access.ExceptionTranslationFilter@5fa077f1, org.springframework.security.web.access.intercept.AuthorizationFilter@1fbb678e]
2026-06-01 22:32:58 [restartedMain] WARN  org.springframework.security.config.annotation.web.builders.WebSecurity - You are asking Spring Security to ignore Ant [pattern='/**/webjars/**']. This is not recommended -- please use permitAll via HttpSecurity#authorizeHttpRequests instead.
2026-06-01 22:32:58 [restartedMain] INFO  org.springframework.security.web.DefaultSecurityFilterChain - Will not secure Ant [pattern='/**/webjars/**']
2026-06-01 22:32:58 [restartedMain] WARN  org.springframework.security.config.annotation.web.builders.WebSecurity - You are asking Spring Security to ignore Ant [pattern='/uploads/**']. This is not recommended -- please use permitAll via HttpSecurity#authorizeHttpRequests instead.
2026-06-01 22:32:58 [restartedMain] INFO  org.springframework.security.web.DefaultSecurityFilterChain - Will not secure Ant [pattern='/uploads/**']
2026-06-01 22:32:58 [restartedMain] WARN  org.springframework.security.config.annotation.web.builders.WebSecurity - You are asking Spring Security to ignore Ant [pattern='/v2/api-docs']. This is not recommended -- please use permitAll via HttpSecurity#authorizeHttpRequests instead.
2026-06-01 22:32:58 [restartedMain] INFO  org.springframework.security.web.DefaultSecurityFilterChain - Will not secure Ant [pattern='/v2/api-docs']
2026-06-01 22:32:58 [restartedMain] WARN  org.springframework.security.config.annotation.web.builders.WebSecurity - You are asking Spring Security to ignore Ant [pattern='/swagger-resources']. This is not recommended -- please use permitAll via HttpSecurity#authorizeHttpRequests instead.
2026-06-01 22:32:58 [restartedMain] INFO  org.springframework.security.web.DefaultSecurityFilterChain - Will not secure Ant [pattern='/swagger-resources']
2026-06-01 22:32:58 [restartedMain] WARN  org.springframework.security.config.annotation.web.builders.WebSecurity - You are asking Spring Security to ignore Ant [pattern='/swagger-resources/**']. This is not recommended -- please use permitAll via HttpSecurity#authorizeHttpRequests instead.
2026-06-01 22:32:58 [restartedMain] INFO  org.springframework.security.web.DefaultSecurityFilterChain - Will not secure Ant [pattern='/swagger-resources/**']
2026-06-01 22:32:58 [restartedMain] WARN  org.springframework.security.config.annotation.web.builders.WebSecurity - You are asking Spring Security to ignore Ant [pattern='/configuration/ui']. This is not recommended -- please use permitAll via HttpSecurity#authorizeHttpRequests instead.
2026-06-01 22:32:58 [restartedMain] INFO  org.springframework.security.web.DefaultSecurityFilterChain - Will not secure Ant [pattern='/configuration/ui']
2026-06-01 22:32:58 [restartedMain] WARN  org.springframework.security.config.annotation.web.builders.WebSecurity - You are asking Spring Security to ignore Ant [pattern='/configuration/security']. This is not recommended -- please use permitAll via HttpSecurity#authorizeHttpRequests instead.
2026-06-01 22:32:58 [restartedMain] INFO  org.springframework.security.web.DefaultSecurityFilterChain - Will not secure Ant [pattern='/configuration/security']
2026-06-01 22:32:58 [restartedMain] WARN  org.springframework.security.config.annotation.web.builders.WebSecurity - You are asking Spring Security to ignore Ant [pattern='/swagger-ui/**']. This is not recommended -- please use permitAll via HttpSecurity#authorizeHttpRequests instead.
2026-06-01 22:32:58 [restartedMain] INFO  org.springframework.security.web.DefaultSecurityFilterChain - Will not secure Ant [pattern='/swagger-ui/**']
2026-06-01 22:32:58 [restartedMain] WARN  org.springframework.security.config.annotation.web.builders.WebSecurity - You are asking Spring Security to ignore Ant [pattern='/webjars/**']. This is not recommended -- please use permitAll via HttpSecurity#authorizeHttpRequests instead.
2026-06-01 22:32:58 [restartedMain] INFO  org.springframework.security.web.DefaultSecurityFilterChain - Will not secure Ant [pattern='/webjars/**']
2026-06-01 22:32:58 [restartedMain] WARN  org.springframework.security.config.annotation.web.builders.WebSecurity - You are asking Spring Security to ignore Ant [pattern='/v3/api-docs/**']. This is not recommended -- please use permitAll via HttpSecurity#authorizeHttpRequests instead.
2026-06-01 22:32:58 [restartedMain] INFO  org.springframework.security.web.DefaultSecurityFilterChain - Will not secure Ant [pattern='/v3/api-docs/**']
2026-06-01 22:32:58 [restartedMain] WARN  org.springframework.security.config.annotation.web.builders.WebSecurity - You are asking Spring Security to ignore Ant [pattern='/actuator/health/**']. This is not recommended -- please use permitAll via HttpSecurity#authorizeHttpRequests instead.
2026-06-01 22:32:58 [restartedMain] INFO  org.springframework.security.web.DefaultSecurityFilterChain - Will not secure Ant [pattern='/actuator/health/**']
2026-06-01 22:32:58 [restartedMain] WARN  org.springframework.security.config.annotation.web.builders.WebSecurity - You are asking Spring Security to ignore Ant [pattern='/actuator/info']. This is not recommended -- please use permitAll via HttpSecurity#authorizeHttpRequests instead.
2026-06-01 22:32:58 [restartedMain] INFO  org.springframework.security.web.DefaultSecurityFilterChain - Will not secure Ant [pattern='/actuator/info']
2026-06-01 22:32:58 [restartedMain] WARN  org.springframework.security.config.annotation.web.builders.WebSecurity - You are asking Spring Security to ignore Ant [pattern='/ninimum/actuator/**']. This is not recommended -- please use permitAll via HttpSecurity#authorizeHttpRequests instead.
2026-06-01 22:32:58 [restartedMain] INFO  org.springframework.security.web.DefaultSecurityFilterChain - Will not secure Ant [pattern='/ninimum/actuator/**']
2026-06-01 22:32:58 [restartedMain] WARN  org.springframework.security.config.annotation.web.builders.WebSecurity - You are asking Spring Security to ignore Ant [pattern='/api/v1/status']. This is not recommended -- please use permitAll via HttpSecurity#authorizeHttpRequests instead.
2026-06-01 22:32:58 [restartedMain] INFO  org.springframework.security.web.DefaultSecurityFilterChain - Will not secure Ant [pattern='/api/v1/status']
2026-06-01 22:32:58 [restartedMain] WARN  org.springframework.security.config.annotation.web.builders.WebSecurity - You are asking Spring Security to ignore Ant [pattern='/ninimum/api/v1/status']. This is not recommended -- please use permitAll via HttpSecurity#authorizeHttpRequests instead.
2026-06-01 22:32:58 [restartedMain] INFO  org.springframework.security.web.DefaultSecurityFilterChain - Will not secure Ant [pattern='/ninimum/api/v1/status']
2026-06-01 22:32:58 [restartedMain] WARN  org.springframework.security.config.annotation.web.builders.WebSecurity - You are asking Spring Security to ignore Ant [pattern='/ninimum/api/v1/user/checkPhoneNumber']. This is not recommended -- please use permitAll via HttpSecurity#authorizeHttpRequests instead.
2026-06-01 22:32:58 [restartedMain] INFO  org.springframework.security.web.DefaultSecurityFilterChain - Will not secure Ant [pattern='/ninimum/api/v1/user/checkPhoneNumber']
2026-06-01 22:32:58 [restartedMain] WARN  org.springframework.security.config.annotation.web.builders.WebSecurity - You are asking Spring Security to ignore Ant [pattern='/ninimum/api/v1/user/register']. This is not recommended -- please use permitAll via HttpSecurity#authorizeHttpRequests instead.
2026-06-01 22:32:58 [restartedMain] INFO  org.springframework.security.web.DefaultSecurityFilterChain - Will not secure Ant [pattern='/ninimum/api/v1/user/register']
2026-06-01 22:32:58 [restartedMain] WARN  org.springframework.security.config.annotation.web.builders.WebSecurity - You are asking Spring Security to ignore Ant [pattern='/ninimum/api/v1/message/verifyPhoneNumber']. This is not recommended -- please use permitAll via HttpSecurity#authorizeHttpRequests instead.
2026-06-01 22:32:58 [restartedMain] INFO  org.springframework.security.web.DefaultSecurityFilterChain - Will not secure Ant [pattern='/ninimum/api/v1/message/verifyPhoneNumber']
2026-06-01 22:32:58 [restartedMain] WARN  org.springframework.security.config.annotation.web.builders.WebSecurity - You are asking Spring Security to ignore Ant [pattern='/error']. This is not recommended -- please use permitAll via HttpSecurity#authorizeHttpRequests instead.
2026-06-01 22:32:58 [restartedMain] INFO  org.springframework.security.web.DefaultSecurityFilterChain - Will not secure Ant [pattern='/error']
2026-06-01 22:32:59 [restartedMain] INFO  com.zaxxer.hikari.HikariDataSource - HikariPool-1 - Starting...
2026-06-01 22:33:00 [restartedMain] INFO  com.zaxxer.hikari.HikariDataSource - HikariPool-1 - Start completed.
2026-06-01 22:33:01 [restartedMain] INFO  org.springframework.boot.devtools.autoconfigure.OptionalLiveReloadServer - LiveReload server is running on port 35729
2026-06-01 22:33:01 [restartedMain] INFO  org.springframework.boot.web.embedded.tomcat.TomcatWebServer - Tomcat started on port(s): 8083 (http) with context path ''
2026-06-01 22:33:01 [restartedMain] INFO  com.ulisesbocchio.jasyptspringboot.caching.RefreshScopeRefreshedEventListener - Refreshing cached encryptable property sources on ServletWebServerInitializedEvent
2026-06-01 22:33:01 [restartedMain] INFO  com.ulisesbocchio.jasyptspringboot.caching.CachingDelegateEncryptablePropertySource - Property Source systemProperties refreshed
2026-06-01 22:33:01 [restartedMain] INFO  com.ulisesbocchio.jasyptspringboot.caching.CachingDelegateEncryptablePropertySource - Property Source systemEnvironment refreshed
2026-06-01 22:33:01 [restartedMain] INFO  com.ulisesbocchio.jasyptspringboot.caching.CachingDelegateEncryptablePropertySource - Property Source random refreshed
2026-06-01 22:33:01 [restartedMain] INFO  com.ulisesbocchio.jasyptspringboot.caching.CachingDelegateEncryptablePropertySource - Property Source Config resource 'class path resource [application.yaml]' via location 'optional:classpath:/' refreshed
2026-06-01 22:33:01 [restartedMain] INFO  com.ulisesbocchio.jasyptspringboot.caching.CachingDelegateEncryptablePropertySource - Property Source devtools refreshed
2026-06-01 22:33:01 [restartedMain] INFO  com.ulisesbocchio.jasyptspringboot.EncryptablePropertySourceConverter - Converting PropertySource server.ports [org.springframework.core.env.MapPropertySource] to EncryptableMapPropertySourceWrapper
2026-06-01 22:33:01 [restartedMain] INFO  com.ulisesbocchio.jasyptspringboot.EncryptablePropertySourceConverter - Skipping PropertySource configurationProperties [class org.springframework.boot.context.properties.source.ConfigurationPropertySourcesPropertySource
2026-06-01 22:33:01 [restartedMain] INFO  com.ulisesbocchio.jasyptspringboot.EncryptablePropertySourceConverter - Skipping PropertySource servletConfigInitParams [class org.springframework.core.env.PropertySource$StubPropertySource
2026-06-01 22:33:01 [restartedMain] INFO  com.ulisesbocchio.jasyptspringboot.EncryptablePropertySourceConverter - Converting PropertySource servletContextInitParams [org.springframework.web.context.support.ServletContextPropertySource] to EncryptableEnumerablePropertySourceWrapper
2026-06-01 22:33:01 [restartedMain] INFO  com.ulisesbocchio.jasyptspringboot.EncryptablePropertySourceConverter - Converting PropertySource Management Server [org.springframework.boot.actuate.autoconfigure.web.server.ManagementContextAutoConfiguration$SameManagementContextConfiguration$1] to EncryptablePropertySourceWrapper
2026-06-01 22:33:01 [restartedMain] INFO  com.ninimum.api.NinimumApplication - Started NinimumApplication in 7.696 seconds (JVM running for 8.841)
2026-06-01 22:33:40 [http-nio-0.0.0.0-8083-exec-1] INFO  org.springframework.web.servlet.DispatcherServlet - Initializing Servlet 'dispatcherServlet'
2026-06-01 22:33:40 [http-nio-0.0.0.0-8083-exec-1] INFO  org.springframework.web.servlet.DispatcherServlet - Completed initialization in 2 ms
2026-06-01 22:33:40 [http-nio-0.0.0.0-8083-exec-1] INFO  com.ninimum.api.security.jwt.JwtAuthenticationFilter - bearerToken==> Bearer eyJhbGciOiJIUzI1NiJ9.eyJzdWIiOiJ0ZXN0IiwiYXV0aCI6IkFETUlOIiwiZXhwIjoxODExODUzMDg4fQ.yA9pWdvQAP0Z3QB3V96dLdCh9jziRxH6f9bwBnbc_U4
2026-06-01 22:33:40 [http-nio-0.0.0.0-8083-exec-1] INFO  com.ninimum.api.security.jwt.JwtAuthenticationFilter - JWT AUTHORITY => [ADMIN]
2026-06-01 22:33:40 [http-nio-0.0.0.0-8083-exec-1] INFO  com.ninimum.api.security.jwt.JwtAuthenticationFilter - REQUEST URI => /ninimum/api/v1/product/getProductList
2026-06-01 22:33:51 [http-nio-0.0.0.0-8083-exec-3] INFO  com.ninimum.api.security.jwt.JwtAuthenticationFilter - bearerToken==> null
2026-06-01 22:34:03 [http-nio-0.0.0.0-8083-exec-5] INFO  com.ninimum.api.security.jwt.JwtAuthenticationFilter - bearerToken==> null
2026-06-01 22:53:08 [HikariPool-1 housekeeper] WARN  com.zaxxer.hikari.pool.HikariPool - HikariPool-1 - Thread starvation or clock leap detected (housekeeper delta=5m37s647ms).
2026-06-01 23:42:12 [http-nio-0.0.0.0-8083-exec-8] INFO  com.ninimum.api.security.provider.UserAuthenticationProvider - userId => 998998887766
2026-06-01 23:42:12 [http-nio-0.0.0.0-8083-exec-8] INFO  com.ninimum.api.security.provider.UserAuthenticationProvider - passwd => 123
2026-06-01 23:43:13 [http-nio-0.0.0.0-8083-exec-10] INFO  com.ninimum.api.security.provider.UserAuthenticationProvider - userId => 998998887766
2026-06-01 23:43:13 [http-nio-0.0.0.0-8083-exec-10] INFO  com.ninimum.api.security.provider.UserAuthenticationProvider - passwd => 123
2026-06-01 23:43:31 [http-nio-0.0.0.0-8083-exec-1] INFO  com.ninimum.api.security.jwt.JwtAuthenticationFilter - bearerToken==> Bearer eyJhbGciOiJIUzI1NiJ9.eyJzdWIiOiI5OTg5OTg4ODc3NjYiLCJhdXRoIjoiVVNFUiIsImV4cCI6MTgxMTg2MDk5NH0.QQT2BEk5WO1fr2UZUN0r4aJ1CPQFUC0mltPXgEv3Ac0
2026-06-01 23:56:05 [http-nio-0.0.0.0-8083-exec-6] INFO  com.ninimum.api.security.provider.UserAuthenticationProvider - userId => 998998887766
2026-06-01 23:56:05 [http-nio-0.0.0.0-8083-exec-6] INFO  com.ninimum.api.security.provider.UserAuthenticationProvider - passwd => 123
2026-06-01 23:56:10 [http-nio-0.0.0.0-8083-exec-7] INFO  com.ninimum.api.security.jwt.JwtAuthenticationFilter - bearerToken==> Bearer eyJhbGciOiJIUzI1NiJ9.eyJzdWIiOiI5OTg5OTg4ODc3NjYiLCJhdXRoIjoiVVNFUiIsImV4cCI6MTgxMTg2MTc2Nn0.TV_04ZaZ9cmI_QThNHPL4T0LznUqHv4596CsXQ0WR0g
2026-06-01 23:58:21 [SpringApplicationShutdownHook] INFO  com.zaxxer.hikari.HikariDataSource - HikariPool-1 - Shutdown initiated...
2026-06-01 23:58:21 [SpringApplicationShutdownHook] INFO  com.zaxxer.hikari.HikariDataSource - HikariPool-1 - Shutdown completed.
