2026-05-22 00:08:20 [HikariPool-1 housekeeper] WARN  com.zaxxer.hikari.pool.HikariPool - HikariPool-1 - Thread starvation or clock leap detected (housekeeper delta=17m211ms).
2026-05-22 00:26:28 [HikariPool-1 housekeeper] WARN  com.zaxxer.hikari.pool.HikariPool - HikariPool-1 - Thread starvation or clock leap detected (housekeeper delta=16m37s230ms).
2026-05-22 00:45:48 [HikariPool-1 housekeeper] WARN  com.zaxxer.hikari.pool.HikariPool - HikariPool-1 - Thread starvation or clock leap detected (housekeeper delta=17m20s740ms).
2026-05-22 01:02:07 [HikariPool-1 housekeeper] WARN  com.zaxxer.hikari.pool.HikariPool - HikariPool-1 - Thread starvation or clock leap detected (housekeeper delta=15m48s452ms).
2026-05-22 01:20:27 [HikariPool-1 housekeeper] WARN  com.zaxxer.hikari.pool.HikariPool - HikariPool-1 - Thread starvation or clock leap detected (housekeeper delta=17m20s313ms).
2026-05-22 01:38:38 [HikariPool-1 housekeeper] WARN  com.zaxxer.hikari.pool.HikariPool - HikariPool-1 - Thread starvation or clock leap detected (housekeeper delta=17m40s664ms).
2026-05-22 01:54:40 [HikariPool-1 housekeeper] WARN  com.zaxxer.hikari.pool.HikariPool - HikariPool-1 - Thread starvation or clock leap detected (housekeeper delta=15m31s563ms).
2026-05-22 02:10:46 [HikariPool-1 housekeeper] WARN  com.zaxxer.hikari.pool.HikariPool - HikariPool-1 - Thread starvation or clock leap detected (housekeeper delta=15m36s594ms).
2026-05-22 02:27:52 [HikariPool-1 housekeeper] WARN  com.zaxxer.hikari.pool.HikariPool - HikariPool-1 - Thread starvation or clock leap detected (housekeeper delta=17m5s586ms).
2026-05-22 02:46:36 [HikariPool-1 housekeeper] WARN  com.zaxxer.hikari.pool.HikariPool - HikariPool-1 - Thread starvation or clock leap detected (housekeeper delta=18m14s514ms).
2026-05-22 03:03:27 [HikariPool-1 housekeeper] WARN  com.zaxxer.hikari.pool.HikariPool - HikariPool-1 - Thread starvation or clock leap detected (housekeeper delta=16m20s478ms).
2026-05-22 03:20:20 [HikariPool-1 housekeeper] WARN  com.zaxxer.hikari.pool.HikariPool - HikariPool-1 - Thread starvation or clock leap detected (housekeeper delta=16m53s330ms).
2026-05-22 03:39:08 [HikariPool-1 housekeeper] WARN  com.zaxxer.hikari.pool.HikariPool - HikariPool-1 - Thread starvation or clock leap detected (housekeeper delta=18m17s997ms).
2026-05-22 03:56:54 [HikariPool-1 housekeeper] WARN  com.zaxxer.hikari.pool.HikariPool - HikariPool-1 - Thread starvation or clock leap detected (housekeeper delta=17m15s485ms).
2026-05-22 04:14:06 [HikariPool-1 housekeeper] WARN  com.zaxxer.hikari.pool.HikariPool - HikariPool-1 - Thread starvation or clock leap detected (housekeeper delta=16m42s672ms).
2026-05-22 04:31:04 [HikariPool-1 housekeeper] WARN  com.zaxxer.hikari.pool.HikariPool - HikariPool-1 - Thread starvation or clock leap detected (housekeeper delta=16m57s536ms).
2026-05-22 04:49:22 [HikariPool-1 housekeeper] WARN  com.zaxxer.hikari.pool.HikariPool - HikariPool-1 - Thread starvation or clock leap detected (housekeeper delta=17m48s515ms).
2026-05-22 04:53:47 [HikariPool-1 housekeeper] WARN  com.zaxxer.hikari.pool.HikariPool - HikariPool-1 - Thread starvation or clock leap detected (housekeeper delta=3m54s558ms).
2026-05-22 05:10:56 [HikariPool-1 housekeeper] WARN  com.zaxxer.hikari.pool.HikariPool - HikariPool-1 - Thread starvation or clock leap detected (housekeeper delta=17m8s549ms).
2026-05-22 05:29:10 [HikariPool-1 housekeeper] WARN  com.zaxxer.hikari.pool.HikariPool - HikariPool-1 - Thread starvation or clock leap detected (housekeeper delta=17m44s54ms).
2026-05-22 05:47:15 [HikariPool-1 housekeeper] WARN  com.zaxxer.hikari.pool.HikariPool - HikariPool-1 - Thread starvation or clock leap detected (housekeeper delta=17m35s736ms).
2026-05-22 06:05:41 [HikariPool-1 housekeeper] WARN  com.zaxxer.hikari.pool.HikariPool - HikariPool-1 - Thread starvation or clock leap detected (housekeeper delta=17m56s19ms).
2026-05-22 06:15:17 [HikariPool-1 housekeeper] WARN  com.zaxxer.hikari.pool.HikariPool - HikariPool-1 - Thread starvation or clock leap detected (housekeeper delta=9m35s608ms).
2026-05-22 06:33:06 [HikariPool-1 housekeeper] WARN  com.zaxxer.hikari.pool.HikariPool - HikariPool-1 - Thread starvation or clock leap detected (housekeeper delta=17m18s935ms).
2026-05-22 06:51:57 [HikariPool-1 housekeeper] WARN  com.zaxxer.hikari.pool.HikariPool - HikariPool-1 - Thread starvation or clock leap detected (housekeeper delta=18m21s299ms).
2026-05-22 06:54:26 [HikariPool-1 housekeeper] WARN  com.zaxxer.hikari.pool.HikariPool - HikariPool-1 - Thread starvation or clock leap detected (housekeeper delta=2m29s142ms).
2026-05-22 07:11:21 [HikariPool-1 housekeeper] WARN  com.zaxxer.hikari.pool.HikariPool - HikariPool-1 - Thread starvation or clock leap detected (housekeeper delta=16m24s548ms).
2026-05-22 07:28:30 [HikariPool-1 housekeeper] WARN  com.zaxxer.hikari.pool.HikariPool - HikariPool-1 - Thread starvation or clock leap detected (housekeeper delta=16m39s537ms).
2026-05-22 07:44:57 [HikariPool-1 housekeeper] WARN  com.zaxxer.hikari.pool.HikariPool - HikariPool-1 - Thread starvation or clock leap detected (housekeeper delta=15m56s628ms).
2026-05-22 07:55:33 [HikariPool-1 housekeeper] WARN  com.zaxxer.hikari.pool.HikariPool - HikariPool-1 - Thread starvation or clock leap detected (housekeeper delta=10m35s540ms).
2026-05-22 08:12:05 [HikariPool-1 housekeeper] WARN  com.zaxxer.hikari.pool.HikariPool - HikariPool-1 - Thread starvation or clock leap detected (housekeeper delta=16m2s443ms).
2026-05-22 08:30:54 [HikariPool-1 housekeeper] WARN  com.zaxxer.hikari.pool.HikariPool - HikariPool-1 - Thread starvation or clock leap detected (housekeeper delta=18m18s801ms).
2026-05-22 08:46:29 [HikariPool-1 housekeeper] WARN  com.zaxxer.hikari.pool.HikariPool - HikariPool-1 - Thread starvation or clock leap detected (housekeeper delta=15m35s53ms).
2026-05-22 08:56:37 [HikariPool-1 housekeeper] WARN  com.zaxxer.hikari.pool.HikariPool - HikariPool-1 - Thread starvation or clock leap detected (housekeeper delta=9m38s470ms).
2026-05-22 09:14:17 [HikariPool-1 housekeeper] WARN  com.zaxxer.hikari.pool.HikariPool - HikariPool-1 - Thread starvation or clock leap detected (housekeeper delta=17m9s576ms).
2026-05-22 09:30:33 [HikariPool-1 housekeeper] WARN  com.zaxxer.hikari.pool.HikariPool - HikariPool-1 - Thread starvation or clock leap detected (housekeeper delta=16m16s96ms).
2026-05-22 09:49:15 [HikariPool-1 housekeeper] WARN  com.zaxxer.hikari.pool.HikariPool - HikariPool-1 - Thread starvation or clock leap detected (housekeeper delta=18m11s548ms).
2026-05-22 09:57:44 [HikariPool-1 housekeeper] WARN  com.zaxxer.hikari.pool.HikariPool - HikariPool-1 - Thread starvation or clock leap detected (housekeeper delta=7m59s197ms).
2026-05-22 10:15:29 [HikariPool-1 housekeeper] WARN  com.zaxxer.hikari.pool.HikariPool - HikariPool-1 - Thread starvation or clock leap detected (housekeeper delta=17m15s226ms).
2026-05-22 10:33:59 [HikariPool-1 housekeeper] WARN  com.zaxxer.hikari.pool.HikariPool - HikariPool-1 - Thread starvation or clock leap detected (housekeeper delta=17m59s975ms).
2026-05-22 10:39:31 [HikariPool-1 housekeeper] WARN  com.zaxxer.hikari.pool.HikariPool - HikariPool-1 - Thread starvation or clock leap detected (housekeeper delta=1m31s79ms).
2026-05-22 10:56:21 [HikariPool-1 housekeeper] WARN  com.zaxxer.hikari.pool.HikariPool - HikariPool-1 - Thread starvation or clock leap detected (housekeeper delta=16m50s423ms).
2026-05-22 11:21:03 [HikariPool-1 housekeeper] WARN  com.zaxxer.hikari.pool.HikariPool - HikariPool-1 - Thread starvation or clock leap detected (housekeeper delta=18m11s535ms).
2026-05-22 11:39:11 [HikariPool-1 housekeeper] WARN  com.zaxxer.hikari.pool.HikariPool - HikariPool-1 - Thread starvation or clock leap detected (housekeeper delta=17m38s444ms).
2026-05-22 11:56:50 [HikariPool-1 housekeeper] WARN  com.zaxxer.hikari.pool.HikariPool - HikariPool-1 - Thread starvation or clock leap detected (housekeeper delta=17m9s13ms).
2026-05-22 11:58:30 [HikariPool-1 housekeeper] WARN  com.zaxxer.hikari.pool.HikariPool - HikariPool-1 - Thread starvation or clock leap detected (housekeeper delta=1m39s555ms).
2026-05-22 12:16:38 [HikariPool-1 housekeeper] WARN  com.zaxxer.hikari.pool.HikariPool - HikariPool-1 - Thread starvation or clock leap detected (housekeeper delta=17m38s371ms).
2026-05-22 12:34:07 [HikariPool-1 housekeeper] WARN  com.zaxxer.hikari.pool.HikariPool - HikariPool-1 - Thread starvation or clock leap detected (housekeeper delta=16m58s996ms).
2026-05-22 12:52:17 [HikariPool-1 housekeeper] WARN  com.zaxxer.hikari.pool.HikariPool - HikariPool-1 - Thread starvation or clock leap detected (housekeeper delta=16m9s579ms).
2026-05-22 12:59:46 [HikariPool-1 housekeeper] WARN  com.zaxxer.hikari.pool.HikariPool - HikariPool-1 - Thread starvation or clock leap detected (housekeeper delta=6m59s529ms).
2026-05-22 13:17:33 [HikariPool-1 housekeeper] WARN  com.zaxxer.hikari.pool.HikariPool - HikariPool-1 - Thread starvation or clock leap detected (housekeeper delta=17m16s549ms).
2026-05-22 13:33:31 [HikariPool-1 housekeeper] WARN  com.zaxxer.hikari.pool.HikariPool - HikariPool-1 - Thread starvation or clock leap detected (housekeeper delta=15m58s585ms).
2026-05-22 13:50:57 [HikariPool-1 housekeeper] WARN  com.zaxxer.hikari.pool.HikariPool - HikariPool-1 - Thread starvation or clock leap detected (housekeeper delta=16m55s567ms).
2026-05-22 14:00:51 [HikariPool-1 housekeeper] WARN  com.zaxxer.hikari.pool.HikariPool - HikariPool-1 - Thread starvation or clock leap detected (housekeeper delta=9m23s858ms).
2026-05-22 14:18:35 [HikariPool-1 housekeeper] WARN  com.zaxxer.hikari.pool.HikariPool - HikariPool-1 - Thread starvation or clock leap detected (housekeeper delta=17m14s519ms).
2026-05-22 14:28:18 [HikariPool-1 housekeeper] WARN  com.zaxxer.hikari.pool.HikariPool - HikariPool-1 - Thread starvation or clock leap detected (housekeeper delta=9m42s560ms).
2026-05-22 14:45:34 [HikariPool-1 housekeeper] WARN  com.zaxxer.hikari.pool.HikariPool - HikariPool-1 - Thread starvation or clock leap detected (housekeeper delta=16m46s363ms).
2026-05-22 15:01:56 [HikariPool-1 housekeeper] WARN  com.zaxxer.hikari.pool.HikariPool - HikariPool-1 - Thread starvation or clock leap detected (housekeeper delta=15m51s522ms).
2026-05-22 15:20:21 [HikariPool-1 housekeeper] WARN  com.zaxxer.hikari.pool.HikariPool - HikariPool-1 - Thread starvation or clock leap detected (housekeeper delta=18m25s534ms).
2026-05-22 15:36:40 [HikariPool-1 housekeeper] WARN  com.zaxxer.hikari.pool.HikariPool - HikariPool-1 - Thread starvation or clock leap detected (housekeeper delta=15m49s43ms).
2026-05-22 15:54:07 [HikariPool-1 housekeeper] WARN  com.zaxxer.hikari.pool.HikariPool - HikariPool-1 - Thread starvation or clock leap detected (housekeeper delta=16m56s401ms).
2026-05-22 16:03:01 [HikariPool-1 housekeeper] WARN  com.zaxxer.hikari.pool.HikariPool - HikariPool-1 - Thread starvation or clock leap detected (housekeeper delta=8m24s584ms).
2026-05-22 16:19:21 [HikariPool-1 housekeeper] WARN  com.zaxxer.hikari.pool.HikariPool - HikariPool-1 - Thread starvation or clock leap detected (housekeeper delta=16m19s492ms).
2026-05-22 16:37:03 [HikariPool-1 housekeeper] WARN  com.zaxxer.hikari.pool.HikariPool - HikariPool-1 - Thread starvation or clock leap detected (housekeeper delta=17m12s491ms).
2026-05-22 16:54:40 [HikariPool-1 housekeeper] WARN  com.zaxxer.hikari.pool.HikariPool - HikariPool-1 - Thread starvation or clock leap detected (housekeeper delta=17m6s850ms).
2026-05-22 17:03:37 [HikariPool-1 housekeeper] WARN  com.zaxxer.hikari.pool.HikariPool - HikariPool-1 - Thread starvation or clock leap detected (housekeeper delta=8m56s584ms).
2026-05-22 17:21:07 [HikariPool-1 housekeeper] WARN  com.zaxxer.hikari.pool.HikariPool - HikariPool-1 - Thread starvation or clock leap detected (housekeeper delta=17m28ms).
2026-05-22 17:38:49 [HikariPool-1 housekeeper] WARN  com.zaxxer.hikari.pool.HikariPool - HikariPool-1 - Thread starvation or clock leap detected (housekeeper delta=17m11s974ms).
2026-05-22 17:57:05 [HikariPool-1 housekeeper] WARN  com.zaxxer.hikari.pool.HikariPool - HikariPool-1 - Thread starvation or clock leap detected (housekeeper delta=18m16s54ms).
2026-05-22 18:04:45 [HikariPool-1 housekeeper] WARN  com.zaxxer.hikari.pool.HikariPool - HikariPool-1 - Thread starvation or clock leap detected (housekeeper delta=7m9s548ms).
2026-05-22 18:21:45 [HikariPool-1 housekeeper] WARN  com.zaxxer.hikari.pool.HikariPool - HikariPool-1 - Thread starvation or clock leap detected (housekeeper delta=16m30s251ms).
2026-05-22 18:38:18 [HikariPool-1 housekeeper] WARN  com.zaxxer.hikari.pool.HikariPool - HikariPool-1 - Thread starvation or clock leap detected (housekeeper delta=16m3s504ms).
2026-05-22 18:55:46 [HikariPool-1 housekeeper] WARN  com.zaxxer.hikari.pool.HikariPool - HikariPool-1 - Thread starvation or clock leap detected (housekeeper delta=16m57s577ms).
2026-05-22 19:05:40 [HikariPool-1 housekeeper] WARN  com.zaxxer.hikari.pool.HikariPool - HikariPool-1 - Thread starvation or clock leap detected (housekeeper delta=9m53s576ms).
2026-05-22 19:23:52 [HikariPool-1 housekeeper] WARN  com.zaxxer.hikari.pool.HikariPool - HikariPool-1 - Thread starvation or clock leap detected (housekeeper delta=17m42s455ms).
2026-05-22 20:41:11 [HikariPool-1 housekeeper] WARN  com.zaxxer.hikari.pool.HikariPool - HikariPool-1 - Thread starvation or clock leap detected (housekeeper delta=17m47s912ms).
2026-05-22 20:49:08 [HikariPool-1 housekeeper] WARN  com.zaxxer.hikari.pool.HikariPool - HikariPool-1 - Thread starvation or clock leap detected (housekeeper delta=7m26s941ms).
2026-05-22 20:54:16 [SpringApplicationShutdownHook] INFO  com.zaxxer.hikari.HikariDataSource - HikariPool-1 - Shutdown initiated...
2026-05-22 20:54:16 [SpringApplicationShutdownHook] INFO  com.zaxxer.hikari.HikariDataSource - HikariPool-1 - Shutdown completed.
2026-05-22 20:55:17 [restartedMain] INFO  com.ninimum.api.NinimumApplication - Starting NinimumApplication using Java 17.0.14 on Akmalui-MacBookPro.local with PID 90795 (/Users/akmalbukhariev/Projects/NinimumBackend/NinimumBackend/target/classes started by akmalbukhariev in /Users/akmalbukhariev/Projects/NinimumBackend/NinimumBackend)
2026-05-22 20:55:17 [restartedMain] INFO  com.ninimum.api.NinimumApplication - The following 1 profile is active: "default"
2026-05-22 20:55:17 [restartedMain] INFO  org.springframework.boot.devtools.env.DevToolsPropertyDefaultsPostProcessor - Devtools property defaults active! Set 'spring.devtools.add-properties' to 'false' to disable
2026-05-22 20:55:17 [restartedMain] INFO  org.springframework.boot.devtools.env.DevToolsPropertyDefaultsPostProcessor - For additional web related logging consider setting the 'logging.level.web' property to 'DEBUG'
2026-05-22 20:55:18 [restartedMain] INFO  org.springframework.data.repository.config.RepositoryConfigurationDelegate - Bootstrapping Spring Data JDBC repositories in DEFAULT mode.
2026-05-22 20:55:18 [restartedMain] INFO  org.springframework.data.repository.config.RepositoryConfigurationDelegate - Finished Spring Data repository scanning in 32 ms. Found 0 JDBC repository interfaces.
2026-05-22 20:55:18 [restartedMain] INFO  com.ulisesbocchio.jasyptspringboot.configuration.EnableEncryptablePropertiesBeanFactoryPostProcessor - Post-processing PropertySource instances
2026-05-22 20:55:18 [restartedMain] INFO  com.ulisesbocchio.jasyptspringboot.EncryptablePropertySourceConverter - Skipping PropertySource configurationProperties [class org.springframework.boot.context.properties.source.ConfigurationPropertySourcesPropertySource
2026-05-22 20:55:18 [restartedMain] INFO  com.ulisesbocchio.jasyptspringboot.EncryptablePropertySourceConverter - Skipping PropertySource servletConfigInitParams [class org.springframework.core.env.PropertySource$StubPropertySource
2026-05-22 20:55:18 [restartedMain] INFO  com.ulisesbocchio.jasyptspringboot.EncryptablePropertySourceConverter - Skipping PropertySource servletContextInitParams [class org.springframework.core.env.PropertySource$StubPropertySource
2026-05-22 20:55:18 [restartedMain] INFO  com.ulisesbocchio.jasyptspringboot.EncryptablePropertySourceConverter - Converting PropertySource systemProperties [org.springframework.core.env.PropertiesPropertySource] to EncryptableMapPropertySourceWrapper
2026-05-22 20:55:18 [restartedMain] INFO  com.ulisesbocchio.jasyptspringboot.EncryptablePropertySourceConverter - Converting PropertySource systemEnvironment [org.springframework.boot.env.SystemEnvironmentPropertySourceEnvironmentPostProcessor$OriginAwareSystemEnvironmentPropertySource] to EncryptableSystemEnvironmentPropertySourceWrapper
2026-05-22 20:55:18 [restartedMain] INFO  com.ulisesbocchio.jasyptspringboot.EncryptablePropertySourceConverter - Converting PropertySource random [org.springframework.boot.env.RandomValuePropertySource] to EncryptablePropertySourceWrapper
2026-05-22 20:55:18 [restartedMain] INFO  com.ulisesbocchio.jasyptspringboot.EncryptablePropertySourceConverter - Converting PropertySource Config resource 'class path resource [application.yaml]' via location 'optional:classpath:/' [org.springframework.boot.env.OriginTrackedMapPropertySource] to EncryptableMapPropertySourceWrapper
2026-05-22 20:55:18 [restartedMain] INFO  com.ulisesbocchio.jasyptspringboot.EncryptablePropertySourceConverter - Converting PropertySource devtools [org.springframework.core.env.MapPropertySource] to EncryptableMapPropertySourceWrapper
2026-05-22 20:55:19 [restartedMain] INFO  com.ulisesbocchio.jasyptspringboot.filter.DefaultLazyPropertyFilter - Property Filter custom Bean not found with name 'encryptablePropertyFilter'. Initializing Default Property Filter
2026-05-22 20:55:19 [restartedMain] INFO  com.ulisesbocchio.jasyptspringboot.resolver.DefaultLazyPropertyResolver - Property Resolver custom Bean not found with name 'encryptablePropertyResolver'. Initializing Default Property Resolver
2026-05-22 20:55:19 [restartedMain] INFO  com.ulisesbocchio.jasyptspringboot.detector.DefaultLazyPropertyDetector - Property Detector custom Bean not found with name 'encryptablePropertyDetector'. Initializing Default Property Detector
2026-05-22 20:55:19 [restartedMain] INFO  org.springframework.boot.web.embedded.tomcat.TomcatWebServer - Tomcat initialized with port(s): 8083 (http)
2026-05-22 20:55:19 [restartedMain] INFO  org.springframework.boot.web.servlet.context.ServletWebServerApplicationContext - Root WebApplicationContext: initialization completed in 2333 ms
2026-05-22 20:55:21 [restartedMain] INFO  org.springframework.boot.actuate.endpoint.web.EndpointLinksResolver - Exposing 2 endpoint(s) beneath base path '/actuator'
2026-05-22 20:55:21 [restartedMain] INFO  org.springframework.security.web.DefaultSecurityFilterChain - Will secure any request with [org.springframework.security.web.session.DisableEncodeUrlFilter@5f934f24, org.springframework.security.web.context.request.async.WebAsyncManagerIntegrationFilter@3b886967, org.springframework.security.web.context.SecurityContextPersistenceFilter@1e76cb82, org.springframework.security.web.header.HeaderWriterFilter@49361581, org.springframework.web.filter.CorsFilter@1a456b8b, org.springframework.security.web.authentication.logout.LogoutFilter@6a8dcc76, org.springframework.security.web.savedrequest.RequestCacheAwareFilter@4d4477cb, org.springframework.security.web.servletapi.SecurityContextHolderAwareRequestFilter@6f39614b, org.springframework.security.web.authentication.AnonymousAuthenticationFilter@5d7f2eb6, org.springframework.security.web.session.SessionManagementFilter@29e3a7eb, org.springframework.security.web.access.ExceptionTranslationFilter@658ccde2, org.springframework.security.web.access.intercept.AuthorizationFilter@2acca63]
2026-05-22 20:55:21 [restartedMain] WARN  org.springframework.security.config.annotation.web.builders.WebSecurity - You are asking Spring Security to ignore Ant [pattern='/**/webjars/**']. This is not recommended -- please use permitAll via HttpSecurity#authorizeHttpRequests instead.
2026-05-22 20:55:21 [restartedMain] INFO  org.springframework.security.web.DefaultSecurityFilterChain - Will not secure Ant [pattern='/**/webjars/**']
2026-05-22 20:55:21 [restartedMain] WARN  org.springframework.security.config.annotation.web.builders.WebSecurity - You are asking Spring Security to ignore Ant [pattern='/v2/api-docs']. This is not recommended -- please use permitAll via HttpSecurity#authorizeHttpRequests instead.
2026-05-22 20:55:21 [restartedMain] INFO  org.springframework.security.web.DefaultSecurityFilterChain - Will not secure Ant [pattern='/v2/api-docs']
2026-05-22 20:55:21 [restartedMain] WARN  org.springframework.security.config.annotation.web.builders.WebSecurity - You are asking Spring Security to ignore Ant [pattern='/swagger-resources']. This is not recommended -- please use permitAll via HttpSecurity#authorizeHttpRequests instead.
2026-05-22 20:55:21 [restartedMain] INFO  org.springframework.security.web.DefaultSecurityFilterChain - Will not secure Ant [pattern='/swagger-resources']
2026-05-22 20:55:21 [restartedMain] WARN  org.springframework.security.config.annotation.web.builders.WebSecurity - You are asking Spring Security to ignore Ant [pattern='/swagger-resources/**']. This is not recommended -- please use permitAll via HttpSecurity#authorizeHttpRequests instead.
2026-05-22 20:55:21 [restartedMain] INFO  org.springframework.security.web.DefaultSecurityFilterChain - Will not secure Ant [pattern='/swagger-resources/**']
2026-05-22 20:55:21 [restartedMain] WARN  org.springframework.security.config.annotation.web.builders.WebSecurity - You are asking Spring Security to ignore Ant [pattern='/configuration/ui']. This is not recommended -- please use permitAll via HttpSecurity#authorizeHttpRequests instead.
2026-05-22 20:55:21 [restartedMain] INFO  org.springframework.security.web.DefaultSecurityFilterChain - Will not secure Ant [pattern='/configuration/ui']
2026-05-22 20:55:21 [restartedMain] WARN  org.springframework.security.config.annotation.web.builders.WebSecurity - You are asking Spring Security to ignore Ant [pattern='/configuration/security']. This is not recommended -- please use permitAll via HttpSecurity#authorizeHttpRequests instead.
2026-05-22 20:55:21 [restartedMain] INFO  org.springframework.security.web.DefaultSecurityFilterChain - Will not secure Ant [pattern='/configuration/security']
2026-05-22 20:55:21 [restartedMain] WARN  org.springframework.security.config.annotation.web.builders.WebSecurity - You are asking Spring Security to ignore Ant [pattern='/swagger-ui/**']. This is not recommended -- please use permitAll via HttpSecurity#authorizeHttpRequests instead.
2026-05-22 20:55:21 [restartedMain] INFO  org.springframework.security.web.DefaultSecurityFilterChain - Will not secure Ant [pattern='/swagger-ui/**']
2026-05-22 20:55:21 [restartedMain] WARN  org.springframework.security.config.annotation.web.builders.WebSecurity - You are asking Spring Security to ignore Ant [pattern='/webjars/**']. This is not recommended -- please use permitAll via HttpSecurity#authorizeHttpRequests instead.
2026-05-22 20:55:21 [restartedMain] INFO  org.springframework.security.web.DefaultSecurityFilterChain - Will not secure Ant [pattern='/webjars/**']
2026-05-22 20:55:21 [restartedMain] WARN  org.springframework.security.config.annotation.web.builders.WebSecurity - You are asking Spring Security to ignore Ant [pattern='/v3/api-docs/**']. This is not recommended -- please use permitAll via HttpSecurity#authorizeHttpRequests instead.
2026-05-22 20:55:21 [restartedMain] INFO  org.springframework.security.web.DefaultSecurityFilterChain - Will not secure Ant [pattern='/v3/api-docs/**']
2026-05-22 20:55:21 [restartedMain] WARN  org.springframework.security.config.annotation.web.builders.WebSecurity - You are asking Spring Security to ignore Ant [pattern='/actuator/health/**']. This is not recommended -- please use permitAll via HttpSecurity#authorizeHttpRequests instead.
2026-05-22 20:55:21 [restartedMain] INFO  org.springframework.security.web.DefaultSecurityFilterChain - Will not secure Ant [pattern='/actuator/health/**']
2026-05-22 20:55:21 [restartedMain] WARN  org.springframework.security.config.annotation.web.builders.WebSecurity - You are asking Spring Security to ignore Ant [pattern='/actuator/info']. This is not recommended -- please use permitAll via HttpSecurity#authorizeHttpRequests instead.
2026-05-22 20:55:21 [restartedMain] INFO  org.springframework.security.web.DefaultSecurityFilterChain - Will not secure Ant [pattern='/actuator/info']
2026-05-22 20:55:21 [restartedMain] WARN  org.springframework.security.config.annotation.web.builders.WebSecurity - You are asking Spring Security to ignore Ant [pattern='/ninimum/actuator/**']. This is not recommended -- please use permitAll via HttpSecurity#authorizeHttpRequests instead.
2026-05-22 20:55:21 [restartedMain] INFO  org.springframework.security.web.DefaultSecurityFilterChain - Will not secure Ant [pattern='/ninimum/actuator/**']
2026-05-22 20:55:21 [restartedMain] WARN  org.springframework.security.config.annotation.web.builders.WebSecurity - You are asking Spring Security to ignore Ant [pattern='/api/v1/status']. This is not recommended -- please use permitAll via HttpSecurity#authorizeHttpRequests instead.
2026-05-22 20:55:21 [restartedMain] INFO  org.springframework.security.web.DefaultSecurityFilterChain - Will not secure Ant [pattern='/api/v1/status']
2026-05-22 20:55:21 [restartedMain] WARN  org.springframework.security.config.annotation.web.builders.WebSecurity - You are asking Spring Security to ignore Ant [pattern='/ninimum/api/v1/status']. This is not recommended -- please use permitAll via HttpSecurity#authorizeHttpRequests instead.
2026-05-22 20:55:21 [restartedMain] INFO  org.springframework.security.web.DefaultSecurityFilterChain - Will not secure Ant [pattern='/ninimum/api/v1/status']
2026-05-22 20:55:21 [restartedMain] WARN  org.springframework.security.config.annotation.web.builders.WebSecurity - You are asking Spring Security to ignore Ant [pattern='/ninimum/api/v1/user/checkUser/**']. This is not recommended -- please use permitAll via HttpSecurity#authorizeHttpRequests instead.
2026-05-22 20:55:21 [restartedMain] INFO  org.springframework.security.web.DefaultSecurityFilterChain - Will not secure Ant [pattern='/ninimum/api/v1/user/checkUser/**']
2026-05-22 20:55:21 [restartedMain] WARN  org.springframework.security.config.annotation.web.builders.WebSecurity - You are asking Spring Security to ignore Ant [pattern='/ninimum/api/v1/user/register']. This is not recommended -- please use permitAll via HttpSecurity#authorizeHttpRequests instead.
2026-05-22 20:55:21 [restartedMain] INFO  org.springframework.security.web.DefaultSecurityFilterChain - Will not secure Ant [pattern='/ninimum/api/v1/user/register']
2026-05-22 20:55:21 [restartedMain] WARN  org.springframework.security.config.annotation.web.builders.WebSecurity - You are asking Spring Security to ignore Ant [pattern='/error']. This is not recommended -- please use permitAll via HttpSecurity#authorizeHttpRequests instead.
2026-05-22 20:55:21 [restartedMain] INFO  org.springframework.security.web.DefaultSecurityFilterChain - Will not secure Ant [pattern='/error']
2026-05-22 20:55:21 [restartedMain] INFO  com.zaxxer.hikari.HikariDataSource - HikariPool-1 - Starting...
2026-05-22 20:55:22 [restartedMain] INFO  com.zaxxer.hikari.HikariDataSource - HikariPool-1 - Start completed.
2026-05-22 20:55:23 [restartedMain] INFO  org.springframework.boot.devtools.autoconfigure.OptionalLiveReloadServer - LiveReload server is running on port 35729
2026-05-22 20:55:23 [restartedMain] INFO  org.springframework.boot.web.embedded.tomcat.TomcatWebServer - Tomcat started on port(s): 8083 (http) with context path ''
2026-05-22 20:55:23 [restartedMain] INFO  com.ulisesbocchio.jasyptspringboot.caching.RefreshScopeRefreshedEventListener - Refreshing cached encryptable property sources on ServletWebServerInitializedEvent
2026-05-22 20:55:23 [restartedMain] INFO  com.ulisesbocchio.jasyptspringboot.caching.CachingDelegateEncryptablePropertySource - Property Source systemProperties refreshed
2026-05-22 20:55:23 [restartedMain] INFO  com.ulisesbocchio.jasyptspringboot.caching.CachingDelegateEncryptablePropertySource - Property Source systemEnvironment refreshed
2026-05-22 20:55:23 [restartedMain] INFO  com.ulisesbocchio.jasyptspringboot.caching.CachingDelegateEncryptablePropertySource - Property Source random refreshed
2026-05-22 20:55:23 [restartedMain] INFO  com.ulisesbocchio.jasyptspringboot.caching.CachingDelegateEncryptablePropertySource - Property Source Config resource 'class path resource [application.yaml]' via location 'optional:classpath:/' refreshed
2026-05-22 20:55:23 [restartedMain] INFO  com.ulisesbocchio.jasyptspringboot.caching.CachingDelegateEncryptablePropertySource - Property Source devtools refreshed
2026-05-22 20:55:23 [restartedMain] INFO  com.ulisesbocchio.jasyptspringboot.EncryptablePropertySourceConverter - Converting PropertySource server.ports [org.springframework.core.env.MapPropertySource] to EncryptableMapPropertySourceWrapper
2026-05-22 20:55:23 [restartedMain] INFO  com.ulisesbocchio.jasyptspringboot.EncryptablePropertySourceConverter - Skipping PropertySource configurationProperties [class org.springframework.boot.context.properties.source.ConfigurationPropertySourcesPropertySource
2026-05-22 20:55:23 [restartedMain] INFO  com.ulisesbocchio.jasyptspringboot.EncryptablePropertySourceConverter - Skipping PropertySource servletConfigInitParams [class org.springframework.core.env.PropertySource$StubPropertySource
2026-05-22 20:55:23 [restartedMain] INFO  com.ulisesbocchio.jasyptspringboot.EncryptablePropertySourceConverter - Converting PropertySource servletContextInitParams [org.springframework.web.context.support.ServletContextPropertySource] to EncryptableEnumerablePropertySourceWrapper
2026-05-22 20:55:23 [restartedMain] INFO  com.ulisesbocchio.jasyptspringboot.EncryptablePropertySourceConverter - Converting PropertySource Management Server [org.springframework.boot.actuate.autoconfigure.web.server.ManagementContextAutoConfiguration$SameManagementContextConfiguration$1] to EncryptablePropertySourceWrapper
2026-05-22 20:55:23 [restartedMain] INFO  com.ninimum.api.NinimumApplication - Started NinimumApplication in 6.441 seconds (JVM running for 7.799)
2026-05-22 20:55:56 [http-nio-0.0.0.0-8083-exec-1] INFO  org.springframework.web.servlet.DispatcherServlet - Initializing Servlet 'dispatcherServlet'
2026-05-22 20:55:56 [http-nio-0.0.0.0-8083-exec-1] INFO  org.springframework.web.servlet.DispatcherServlet - Completed initialization in 4 ms
2026-05-22 20:55:58 [http-nio-0.0.0.0-8083-exec-4] INFO  org.springdoc.api.AbstractOpenApiResource - Init duration for springdoc-openapi is: 705 ms
2026-05-22 20:56:47 [http-nio-0.0.0.0-8083-exec-5] ERROR com.ninimum.api.user.controller.UserController - UserController => register: 
org.springframework.dao.DataIntegrityViolationException: 
### Error updating database.  Cause: java.sql.SQLIntegrityConstraintViolationException: (conn=167176) Cannot add or update a child row: a foreign key constraint fails (`ninimum`.`users`, CONSTRAINT `fk_users_region` FOREIGN KEY (`region_id`) REFERENCES `regions` (`id`))
### The error may exist in file [/Users/akmalbukhariev/Projects/NinimumBackend/NinimumBackend/target/classes/mapper/User/UserMapper.xml]
### The error may involve defaultParameterMap
### The error occurred while setting parameters
### SQL: INSERT INTO users             (                 region_id,                 first_name,                 last_name,                 phone_number,                 password             )             VALUES             (                 ?,                 ?,                 ?,                 ?,                 ?             )
### Cause: java.sql.SQLIntegrityConstraintViolationException: (conn=167176) Cannot add or update a child row: a foreign key constraint fails (`ninimum`.`users`, CONSTRAINT `fk_users_region` FOREIGN KEY (`region_id`) REFERENCES `regions` (`id`))
; (conn=167176) Cannot add or update a child row: a foreign key constraint fails (`ninimum`.`users`, CONSTRAINT `fk_users_region` FOREIGN KEY (`region_id`) REFERENCES `regions` (`id`)); nested exception is java.sql.SQLIntegrityConstraintViolationException: (conn=167176) Cannot add or update a child row: a foreign key constraint fails (`ninimum`.`users`, CONSTRAINT `fk_users_region` FOREIGN KEY (`region_id`) REFERENCES `regions` (`id`))
	at org.springframework.jdbc.support.SQLErrorCodeSQLExceptionTranslator.doTranslate(SQLErrorCodeSQLExceptionTranslator.java:251) ~[spring-jdbc-5.3.21.jar:5.3.21]
	at org.springframework.jdbc.support.AbstractFallbackSQLExceptionTranslator.translate(AbstractFallbackSQLExceptionTranslator.java:70) ~[spring-jdbc-5.3.21.jar:5.3.21]
	at org.mybatis.spring.MyBatisExceptionTranslator.translateExceptionIfPossible(MyBatisExceptionTranslator.java:91) ~[mybatis-spring-2.0.7.jar:2.0.7]
	at org.mybatis.spring.SqlSessionTemplate$SqlSessionInterceptor.invoke(SqlSessionTemplate.java:441) ~[mybatis-spring-2.0.7.jar:2.0.7]
	at jdk.proxy2.$Proxy115.insert(Unknown Source) ~[?:?]
	at org.mybatis.spring.SqlSessionTemplate.insert(SqlSessionTemplate.java:272) ~[mybatis-spring-2.0.7.jar:2.0.7]
	at org.apache.ibatis.binding.MapperMethod.execute(MapperMethod.java:62) ~[mybatis-3.5.9.jar:3.5.9]
	at org.apache.ibatis.binding.MapperProxy$PlainMethodInvoker.invoke(MapperProxy.java:145) ~[mybatis-3.5.9.jar:3.5.9]
	at org.apache.ibatis.binding.MapperProxy.invoke(MapperProxy.java:86) ~[mybatis-3.5.9.jar:3.5.9]
	at jdk.proxy3.$Proxy122.insertUser(Unknown Source) ~[?:?]
	at com.ninimum.api.user.service.impl.UserService.register(UserService.java:38) ~[classes/:?]
	at com.ninimum.api.user.controller.UserController.register(UserController.java:64) ~[classes/:?]
	at jdk.internal.reflect.NativeMethodAccessorImpl.invoke0(Native Method) ~[?:?]
	at jdk.internal.reflect.NativeMethodAccessorImpl.invoke(NativeMethodAccessorImpl.java:77) ~[?:?]
	at jdk.internal.reflect.DelegatingMethodAccessorImpl.invoke(DelegatingMethodAccessorImpl.java:43) ~[?:?]
	at java.lang.reflect.Method.invoke(Method.java:569) ~[?:?]
	at org.springframework.web.method.support.InvocableHandlerMethod.doInvoke(InvocableHandlerMethod.java:205) ~[spring-web-5.3.21.jar:5.3.21]
	at org.springframework.web.method.support.InvocableHandlerMethod.invokeForRequest(InvocableHandlerMethod.java:150) ~[spring-web-5.3.21.jar:5.3.21]
	at org.springframework.web.servlet.mvc.method.annotation.ServletInvocableHandlerMethod.invokeAndHandle(ServletInvocableHandlerMethod.java:117) ~[spring-webmvc-5.3.21.jar:5.3.21]
	at org.springframework.web.servlet.mvc.method.annotation.RequestMappingHandlerAdapter.invokeHandlerMethod(RequestMappingHandlerAdapter.java:895) ~[spring-webmvc-5.3.21.jar:5.3.21]
	at org.springframework.web.servlet.mvc.method.annotation.RequestMappingHandlerAdapter.handleInternal(RequestMappingHandlerAdapter.java:808) ~[spring-webmvc-5.3.21.jar:5.3.21]
	at org.springframework.web.servlet.mvc.method.AbstractHandlerMethodAdapter.handle(AbstractHandlerMethodAdapter.java:87) ~[spring-webmvc-5.3.21.jar:5.3.21]
	at org.springframework.web.servlet.DispatcherServlet.doDispatch(DispatcherServlet.java:1067) ~[spring-webmvc-5.3.21.jar:5.3.21]
	at org.springframework.web.servlet.DispatcherServlet.doService(DispatcherServlet.java:963) ~[spring-webmvc-5.3.21.jar:5.3.21]
	at org.springframework.web.servlet.FrameworkServlet.processRequest(FrameworkServlet.java:1006) ~[spring-webmvc-5.3.21.jar:5.3.21]
	at org.springframework.web.servlet.FrameworkServlet.doPost(FrameworkServlet.java:909) ~[spring-webmvc-5.3.21.jar:5.3.21]
	at javax.servlet.http.HttpServlet.service(HttpServlet.java:681) ~[tomcat-embed-core-9.0.64.jar:4.0.FR]
	at org.springframework.web.servlet.FrameworkServlet.service(FrameworkServlet.java:883) ~[spring-webmvc-5.3.21.jar:5.3.21]
	at javax.servlet.http.HttpServlet.service(HttpServlet.java:764) ~[tomcat-embed-core-9.0.64.jar:4.0.FR]
	at org.apache.catalina.core.ApplicationFilterChain.internalDoFilter(ApplicationFilterChain.java:227) ~[tomcat-embed-core-9.0.64.jar:9.0.64]
	at org.apache.catalina.core.ApplicationFilterChain.doFilter(ApplicationFilterChain.java:162) ~[tomcat-embed-core-9.0.64.jar:9.0.64]
	at org.apache.tomcat.websocket.server.WsFilter.doFilter(WsFilter.java:53) ~[tomcat-embed-websocket-9.0.64.jar:9.0.64]
	at org.apache.catalina.core.ApplicationFilterChain.internalDoFilter(ApplicationFilterChain.java:189) ~[tomcat-embed-core-9.0.64.jar:9.0.64]
	at org.apache.catalina.core.ApplicationFilterChain.doFilter(ApplicationFilterChain.java:162) ~[tomcat-embed-core-9.0.64.jar:9.0.64]
	at org.springframework.security.web.FilterChainProxy.doFilterInternal(FilterChainProxy.java:204) ~[spring-security-web-5.7.2.jar:5.7.2]
	at org.springframework.security.web.FilterChainProxy.doFilter(FilterChainProxy.java:183) ~[spring-security-web-5.7.2.jar:5.7.2]
	at org.springframework.web.filter.DelegatingFilterProxy.invokeDelegate(DelegatingFilterProxy.java:354) ~[spring-web-5.3.21.jar:5.3.21]
	at org.springframework.web.filter.DelegatingFilterProxy.doFilter(DelegatingFilterProxy.java:267) ~[spring-web-5.3.21.jar:5.3.21]
	at org.apache.catalina.core.ApplicationFilterChain.internalDoFilter(ApplicationFilterChain.java:189) ~[tomcat-embed-core-9.0.64.jar:9.0.64]
	at org.apache.catalina.core.ApplicationFilterChain.doFilter(ApplicationFilterChain.java:162) ~[tomcat-embed-core-9.0.64.jar:9.0.64]
	at org.springframework.web.filter.RequestContextFilter.doFilterInternal(RequestContextFilter.java:100) ~[spring-web-5.3.21.jar:5.3.21]
	at org.springframework.web.filter.OncePerRequestFilter.doFilter(OncePerRequestFilter.java:117) ~[spring-web-5.3.21.jar:5.3.21]
	at org.apache.catalina.core.ApplicationFilterChain.internalDoFilter(ApplicationFilterChain.java:189) ~[tomcat-embed-core-9.0.64.jar:9.0.64]
	at org.apache.catalina.core.ApplicationFilterChain.doFilter(ApplicationFilterChain.java:162) ~[tomcat-embed-core-9.0.64.jar:9.0.64]
	at org.springframework.web.filter.FormContentFilter.doFilterInternal(FormContentFilter.java:93) ~[spring-web-5.3.21.jar:5.3.21]
	at org.springframework.web.filter.OncePerRequestFilter.doFilter(OncePerRequestFilter.java:117) ~[spring-web-5.3.21.jar:5.3.21]
	at org.apache.catalina.core.ApplicationFilterChain.internalDoFilter(ApplicationFilterChain.java:189) ~[tomcat-embed-core-9.0.64.jar:9.0.64]
	at org.apache.catalina.core.ApplicationFilterChain.doFilter(ApplicationFilterChain.java:162) ~[tomcat-embed-core-9.0.64.jar:9.0.64]
	at org.springframework.boot.actuate.metrics.web.servlet.WebMvcMetricsFilter.doFilterInternal(WebMvcMetricsFilter.java:96) ~[spring-boot-actuator-2.7.1.jar:2.7.1]
	at org.springframework.web.filter.OncePerRequestFilter.doFilter(OncePerRequestFilter.java:117) ~[spring-web-5.3.21.jar:5.3.21]
	at org.apache.catalina.core.ApplicationFilterChain.internalDoFilter(ApplicationFilterChain.java:189) ~[tomcat-embed-core-9.0.64.jar:9.0.64]
	at org.apache.catalina.core.ApplicationFilterChain.doFilter(ApplicationFilterChain.java:162) ~[tomcat-embed-core-9.0.64.jar:9.0.64]
	at org.springframework.web.filter.CharacterEncodingFilter.doFilterInternal(CharacterEncodingFilter.java:201) ~[spring-web-5.3.21.jar:5.3.21]
	at org.springframework.web.filter.OncePerRequestFilter.doFilter(OncePerRequestFilter.java:117) ~[spring-web-5.3.21.jar:5.3.21]
	at org.apache.catalina.core.ApplicationFilterChain.internalDoFilter(ApplicationFilterChain.java:189) ~[tomcat-embed-core-9.0.64.jar:9.0.64]
	at org.apache.catalina.core.ApplicationFilterChain.doFilter(ApplicationFilterChain.java:162) ~[tomcat-embed-core-9.0.64.jar:9.0.64]
	at org.apache.catalina.core.StandardWrapperValve.invoke(StandardWrapperValve.java:197) ~[tomcat-embed-core-9.0.64.jar:9.0.64]
	at org.apache.catalina.core.StandardContextValve.invoke(StandardContextValve.java:97) ~[tomcat-embed-core-9.0.64.jar:9.0.64]
	at org.apache.catalina.authenticator.AuthenticatorBase.invoke(AuthenticatorBase.java:541) ~[tomcat-embed-core-9.0.64.jar:9.0.64]
	at org.apache.catalina.core.StandardHostValve.invoke(StandardHostValve.java:135) ~[tomcat-embed-core-9.0.64.jar:9.0.64]
	at org.apache.catalina.valves.ErrorReportValve.invoke(ErrorReportValve.java:92) ~[tomcat-embed-core-9.0.64.jar:9.0.64]
	at org.apache.catalina.core.StandardEngineValve.invoke(StandardEngineValve.java:78) ~[tomcat-embed-core-9.0.64.jar:9.0.64]
	at org.apache.catalina.connector.CoyoteAdapter.service(CoyoteAdapter.java:360) ~[tomcat-embed-core-9.0.64.jar:9.0.64]
	at org.apache.coyote.http11.Http11Processor.service(Http11Processor.java:399) ~[tomcat-embed-core-9.0.64.jar:9.0.64]
	at org.apache.coyote.AbstractProcessorLight.process(AbstractProcessorLight.java:65) ~[tomcat-embed-core-9.0.64.jar:9.0.64]
	at org.apache.coyote.AbstractProtocol$ConnectionHandler.process(AbstractProtocol.java:890) ~[tomcat-embed-core-9.0.64.jar:9.0.64]
	at org.apache.tomcat.util.net.NioEndpoint$SocketProcessor.doRun(NioEndpoint.java:1787) ~[tomcat-embed-core-9.0.64.jar:9.0.64]
	at org.apache.tomcat.util.net.SocketProcessorBase.run(SocketProcessorBase.java:49) ~[tomcat-embed-core-9.0.64.jar:9.0.64]
	at org.apache.tomcat.util.threads.ThreadPoolExecutor.runWorker(ThreadPoolExecutor.java:1191) ~[tomcat-embed-core-9.0.64.jar:9.0.64]
	at org.apache.tomcat.util.threads.ThreadPoolExecutor$Worker.run(ThreadPoolExecutor.java:659) ~[tomcat-embed-core-9.0.64.jar:9.0.64]
	at org.apache.tomcat.util.threads.TaskThread$WrappingRunnable.run(TaskThread.java:61) ~[tomcat-embed-core-9.0.64.jar:9.0.64]
	at java.lang.Thread.run(Thread.java:840) ~[?:?]
Caused by: java.sql.SQLIntegrityConstraintViolationException: (conn=167176) Cannot add or update a child row: a foreign key constraint fails (`ninimum`.`users`, CONSTRAINT `fk_users_region` FOREIGN KEY (`region_id`) REFERENCES `regions` (`id`))
	at org.mariadb.jdbc.internal.util.exceptions.ExceptionFactory.createException(ExceptionFactory.java:70) ~[mariadb-java-client-2.7.3.jar:?]
	at org.mariadb.jdbc.internal.util.exceptions.ExceptionFactory.create(ExceptionFactory.java:155) ~[mariadb-java-client-2.7.3.jar:?]
	at org.mariadb.jdbc.MariaDbStatement.executeExceptionEpilogue(MariaDbStatement.java:274) ~[mariadb-java-client-2.7.3.jar:?]
	at org.mariadb.jdbc.ClientSidePreparedStatement.executeInternal(ClientSidePreparedStatement.java:229) ~[mariadb-java-client-2.7.3.jar:?]
	at org.mariadb.jdbc.ClientSidePreparedStatement.execute(ClientSidePreparedStatement.java:149) ~[mariadb-java-client-2.7.3.jar:?]
	at com.zaxxer.hikari.pool.ProxyPreparedStatement.execute(ProxyPreparedStatement.java:44) ~[HikariCP-4.0.3.jar:?]
	at com.zaxxer.hikari.pool.HikariProxyPreparedStatement.execute(HikariProxyPreparedStatement.java) ~[HikariCP-4.0.3.jar:?]
	at org.apache.ibatis.executor.statement.PreparedStatementHandler.update(PreparedStatementHandler.java:47) ~[mybatis-3.5.9.jar:3.5.9]
	at org.apache.ibatis.executor.statement.RoutingStatementHandler.update(RoutingStatementHandler.java:74) ~[mybatis-3.5.9.jar:3.5.9]
	at org.apache.ibatis.executor.SimpleExecutor.doUpdate(SimpleExecutor.java:50) ~[mybatis-3.5.9.jar:3.5.9]
	at org.apache.ibatis.executor.BaseExecutor.update(BaseExecutor.java:117) ~[mybatis-3.5.9.jar:3.5.9]
	at org.apache.ibatis.executor.CachingExecutor.update(CachingExecutor.java:76) ~[mybatis-3.5.9.jar:3.5.9]
	at org.apache.ibatis.session.defaults.DefaultSqlSession.update(DefaultSqlSession.java:194) ~[mybatis-3.5.9.jar:3.5.9]
	at org.apache.ibatis.session.defaults.DefaultSqlSession.insert(DefaultSqlSession.java:181) ~[mybatis-3.5.9.jar:3.5.9]
	at jdk.internal.reflect.NativeMethodAccessorImpl.invoke0(Native Method) ~[?:?]
	at jdk.internal.reflect.NativeMethodAccessorImpl.invoke(NativeMethodAccessorImpl.java:77) ~[?:?]
	at jdk.internal.reflect.DelegatingMethodAccessorImpl.invoke(DelegatingMethodAccessorImpl.java:43) ~[?:?]
	at java.lang.reflect.Method.invoke(Method.java:569) ~[?:?]
	at org.mybatis.spring.SqlSessionTemplate$SqlSessionInterceptor.invoke(SqlSessionTemplate.java:427) ~[mybatis-spring-2.0.7.jar:2.0.7]
	... 68 more
Caused by: org.mariadb.jdbc.internal.util.exceptions.MariaDbSqlException: Cannot add or update a child row: a foreign key constraint fails (`ninimum`.`users`, CONSTRAINT `fk_users_region` FOREIGN KEY (`region_id`) REFERENCES `regions` (`id`))
	at org.mariadb.jdbc.internal.util.exceptions.MariaDbSqlException.of(MariaDbSqlException.java:34) ~[mariadb-java-client-2.7.3.jar:?]
	at org.mariadb.jdbc.internal.protocol.AbstractQueryProtocol.exceptionWithQuery(AbstractQueryProtocol.java:194) ~[mariadb-java-client-2.7.3.jar:?]
	at org.mariadb.jdbc.internal.protocol.AbstractQueryProtocol.exceptionWithQuery(AbstractQueryProtocol.java:177) ~[mariadb-java-client-2.7.3.jar:?]
	at org.mariadb.jdbc.internal.protocol.AbstractQueryProtocol.executeQuery(AbstractQueryProtocol.java:362) ~[mariadb-java-client-2.7.3.jar:?]
	at org.mariadb.jdbc.ClientSidePreparedStatement.executeInternal(ClientSidePreparedStatement.java:217) ~[mariadb-java-client-2.7.3.jar:?]
	at org.mariadb.jdbc.ClientSidePreparedStatement.execute(ClientSidePreparedStatement.java:149) ~[mariadb-java-client-2.7.3.jar:?]
	at com.zaxxer.hikari.pool.ProxyPreparedStatement.execute(ProxyPreparedStatement.java:44) ~[HikariCP-4.0.3.jar:?]
	at com.zaxxer.hikari.pool.HikariProxyPreparedStatement.execute(HikariProxyPreparedStatement.java) ~[HikariCP-4.0.3.jar:?]
	at org.apache.ibatis.executor.statement.PreparedStatementHandler.update(PreparedStatementHandler.java:47) ~[mybatis-3.5.9.jar:3.5.9]
	at org.apache.ibatis.executor.statement.RoutingStatementHandler.update(RoutingStatementHandler.java:74) ~[mybatis-3.5.9.jar:3.5.9]
	at org.apache.ibatis.executor.SimpleExecutor.doUpdate(SimpleExecutor.java:50) ~[mybatis-3.5.9.jar:3.5.9]
	at org.apache.ibatis.executor.BaseExecutor.update(BaseExecutor.java:117) ~[mybatis-3.5.9.jar:3.5.9]
	at org.apache.ibatis.executor.CachingExecutor.update(CachingExecutor.java:76) ~[mybatis-3.5.9.jar:3.5.9]
	at org.apache.ibatis.session.defaults.DefaultSqlSession.update(DefaultSqlSession.java:194) ~[mybatis-3.5.9.jar:3.5.9]
	at org.apache.ibatis.session.defaults.DefaultSqlSession.insert(DefaultSqlSession.java:181) ~[mybatis-3.5.9.jar:3.5.9]
	at jdk.internal.reflect.NativeMethodAccessorImpl.invoke0(Native Method) ~[?:?]
	at jdk.internal.reflect.NativeMethodAccessorImpl.invoke(NativeMethodAccessorImpl.java:77) ~[?:?]
	at jdk.internal.reflect.DelegatingMethodAccessorImpl.invoke(DelegatingMethodAccessorImpl.java:43) ~[?:?]
	at java.lang.reflect.Method.invoke(Method.java:569) ~[?:?]
	at org.mybatis.spring.SqlSessionTemplate$SqlSessionInterceptor.invoke(SqlSessionTemplate.java:427) ~[mybatis-spring-2.0.7.jar:2.0.7]
	... 68 more
Caused by: java.sql.SQLException: Cannot add or update a child row: a foreign key constraint fails (`ninimum`.`users`, CONSTRAINT `fk_users_region` FOREIGN KEY (`region_id`) REFERENCES `regions` (`id`))
	at org.mariadb.jdbc.internal.protocol.AbstractQueryProtocol.readErrorPacket(AbstractQueryProtocol.java:1694) ~[mariadb-java-client-2.7.3.jar:?]
	at org.mariadb.jdbc.internal.protocol.AbstractQueryProtocol.readPacket(AbstractQueryProtocol.java:1556) ~[mariadb-java-client-2.7.3.jar:?]
	at org.mariadb.jdbc.internal.protocol.AbstractQueryProtocol.getResult(AbstractQueryProtocol.java:1519) ~[mariadb-java-client-2.7.3.jar:?]
	at org.mariadb.jdbc.internal.protocol.AbstractQueryProtocol.executeQuery(AbstractQueryProtocol.java:359) ~[mariadb-java-client-2.7.3.jar:?]
	at org.mariadb.jdbc.ClientSidePreparedStatement.executeInternal(ClientSidePreparedStatement.java:217) ~[mariadb-java-client-2.7.3.jar:?]
	at org.mariadb.jdbc.ClientSidePreparedStatement.execute(ClientSidePreparedStatement.java:149) ~[mariadb-java-client-2.7.3.jar:?]
	at com.zaxxer.hikari.pool.ProxyPreparedStatement.execute(ProxyPreparedStatement.java:44) ~[HikariCP-4.0.3.jar:?]
	at com.zaxxer.hikari.pool.HikariProxyPreparedStatement.execute(HikariProxyPreparedStatement.java) ~[HikariCP-4.0.3.jar:?]
	at org.apache.ibatis.executor.statement.PreparedStatementHandler.update(PreparedStatementHandler.java:47) ~[mybatis-3.5.9.jar:3.5.9]
	at org.apache.ibatis.executor.statement.RoutingStatementHandler.update(RoutingStatementHandler.java:74) ~[mybatis-3.5.9.jar:3.5.9]
	at org.apache.ibatis.executor.SimpleExecutor.doUpdate(SimpleExecutor.java:50) ~[mybatis-3.5.9.jar:3.5.9]
	at org.apache.ibatis.executor.BaseExecutor.update(BaseExecutor.java:117) ~[mybatis-3.5.9.jar:3.5.9]
	at org.apache.ibatis.executor.CachingExecutor.update(CachingExecutor.java:76) ~[mybatis-3.5.9.jar:3.5.9]
	at org.apache.ibatis.session.defaults.DefaultSqlSession.update(DefaultSqlSession.java:194) ~[mybatis-3.5.9.jar:3.5.9]
	at org.apache.ibatis.session.defaults.DefaultSqlSession.insert(DefaultSqlSession.java:181) ~[mybatis-3.5.9.jar:3.5.9]
	at jdk.internal.reflect.NativeMethodAccessorImpl.invoke0(Native Method) ~[?:?]
	at jdk.internal.reflect.NativeMethodAccessorImpl.invoke(NativeMethodAccessorImpl.java:77) ~[?:?]
	at jdk.internal.reflect.DelegatingMethodAccessorImpl.invoke(DelegatingMethodAccessorImpl.java:43) ~[?:?]
	at java.lang.reflect.Method.invoke(Method.java:569) ~[?:?]
	at org.mybatis.spring.SqlSessionTemplate$SqlSessionInterceptor.invoke(SqlSessionTemplate.java:427) ~[mybatis-spring-2.0.7.jar:2.0.7]
	... 68 more
2026-05-22 20:56:47 [SpringApplicationShutdownHook] INFO  com.zaxxer.hikari.HikariDataSource - HikariPool-1 - Shutdown initiated...
2026-05-22 20:56:47 [SpringApplicationShutdownHook] INFO  com.zaxxer.hikari.HikariDataSource - HikariPool-1 - Shutdown completed.
2026-05-22 20:59:25 [restartedMain] INFO  com.ninimum.api.NinimumApplication - Starting NinimumApplication using Java 17.0.14 on Akmalui-MacBookPro.local with PID 91142 (/Users/akmalbukhariev/Projects/NinimumBackend/NinimumBackend/target/classes started by akmalbukhariev in /Users/akmalbukhariev/Projects/NinimumBackend/NinimumBackend)
2026-05-22 20:59:25 [restartedMain] INFO  com.ninimum.api.NinimumApplication - The following 1 profile is active: "default"
2026-05-22 20:59:25 [restartedMain] INFO  org.springframework.boot.devtools.env.DevToolsPropertyDefaultsPostProcessor - Devtools property defaults active! Set 'spring.devtools.add-properties' to 'false' to disable
2026-05-22 20:59:25 [restartedMain] INFO  org.springframework.boot.devtools.env.DevToolsPropertyDefaultsPostProcessor - For additional web related logging consider setting the 'logging.level.web' property to 'DEBUG'
2026-05-22 20:59:27 [restartedMain] INFO  org.springframework.data.repository.config.RepositoryConfigurationDelegate - Bootstrapping Spring Data JDBC repositories in DEFAULT mode.
2026-05-22 20:59:27 [restartedMain] INFO  org.springframework.data.repository.config.RepositoryConfigurationDelegate - Finished Spring Data repository scanning in 47 ms. Found 0 JDBC repository interfaces.
2026-05-22 20:59:27 [restartedMain] INFO  com.ulisesbocchio.jasyptspringboot.configuration.EnableEncryptablePropertiesBeanFactoryPostProcessor - Post-processing PropertySource instances
2026-05-22 20:59:27 [restartedMain] INFO  com.ulisesbocchio.jasyptspringboot.EncryptablePropertySourceConverter - Skipping PropertySource configurationProperties [class org.springframework.boot.context.properties.source.ConfigurationPropertySourcesPropertySource
2026-05-22 20:59:27 [restartedMain] INFO  com.ulisesbocchio.jasyptspringboot.EncryptablePropertySourceConverter - Skipping PropertySource servletConfigInitParams [class org.springframework.core.env.PropertySource$StubPropertySource
2026-05-22 20:59:27 [restartedMain] INFO  com.ulisesbocchio.jasyptspringboot.EncryptablePropertySourceConverter - Skipping PropertySource servletContextInitParams [class org.springframework.core.env.PropertySource$StubPropertySource
2026-05-22 20:59:27 [restartedMain] INFO  com.ulisesbocchio.jasyptspringboot.EncryptablePropertySourceConverter - Converting PropertySource systemProperties [org.springframework.core.env.PropertiesPropertySource] to EncryptableMapPropertySourceWrapper
2026-05-22 20:59:27 [restartedMain] INFO  com.ulisesbocchio.jasyptspringboot.EncryptablePropertySourceConverter - Converting PropertySource systemEnvironment [org.springframework.boot.env.SystemEnvironmentPropertySourceEnvironmentPostProcessor$OriginAwareSystemEnvironmentPropertySource] to EncryptableSystemEnvironmentPropertySourceWrapper
2026-05-22 20:59:27 [restartedMain] INFO  com.ulisesbocchio.jasyptspringboot.EncryptablePropertySourceConverter - Converting PropertySource random [org.springframework.boot.env.RandomValuePropertySource] to EncryptablePropertySourceWrapper
2026-05-22 20:59:27 [restartedMain] INFO  com.ulisesbocchio.jasyptspringboot.EncryptablePropertySourceConverter - Converting PropertySource Config resource 'class path resource [application.yaml]' via location 'optional:classpath:/' [org.springframework.boot.env.OriginTrackedMapPropertySource] to EncryptableMapPropertySourceWrapper
2026-05-22 20:59:27 [restartedMain] INFO  com.ulisesbocchio.jasyptspringboot.EncryptablePropertySourceConverter - Converting PropertySource devtools [org.springframework.core.env.MapPropertySource] to EncryptableMapPropertySourceWrapper
2026-05-22 20:59:27 [restartedMain] INFO  com.ulisesbocchio.jasyptspringboot.filter.DefaultLazyPropertyFilter - Property Filter custom Bean not found with name 'encryptablePropertyFilter'. Initializing Default Property Filter
2026-05-22 20:59:27 [restartedMain] INFO  com.ulisesbocchio.jasyptspringboot.resolver.DefaultLazyPropertyResolver - Property Resolver custom Bean not found with name 'encryptablePropertyResolver'. Initializing Default Property Resolver
2026-05-22 20:59:27 [restartedMain] INFO  com.ulisesbocchio.jasyptspringboot.detector.DefaultLazyPropertyDetector - Property Detector custom Bean not found with name 'encryptablePropertyDetector'. Initializing Default Property Detector
2026-05-22 20:59:28 [restartedMain] INFO  org.springframework.boot.web.embedded.tomcat.TomcatWebServer - Tomcat initialized with port(s): 8083 (http)
2026-05-22 20:59:28 [restartedMain] INFO  org.springframework.boot.web.servlet.context.ServletWebServerApplicationContext - Root WebApplicationContext: initialization completed in 2730 ms
2026-05-22 20:59:30 [restartedMain] INFO  org.springframework.boot.actuate.endpoint.web.EndpointLinksResolver - Exposing 2 endpoint(s) beneath base path '/actuator'
2026-05-22 20:59:30 [restartedMain] INFO  org.springframework.security.web.DefaultSecurityFilterChain - Will secure any request with [org.springframework.security.web.session.DisableEncodeUrlFilter@8625424, org.springframework.security.web.context.request.async.WebAsyncManagerIntegrationFilter@7a6363f1, org.springframework.security.web.context.SecurityContextPersistenceFilter@7cd2b5e, org.springframework.security.web.header.HeaderWriterFilter@402a2ad, org.springframework.web.filter.CorsFilter@1027e8e, org.springframework.security.web.authentication.logout.LogoutFilter@237e03b6, org.springframework.security.web.savedrequest.RequestCacheAwareFilter@6c7d3ad8, org.springframework.security.web.servletapi.SecurityContextHolderAwareRequestFilter@6f2fa7da, org.springframework.security.web.authentication.AnonymousAuthenticationFilter@ca13b6f, org.springframework.security.web.session.SessionManagementFilter@15e96a2d, org.springframework.security.web.access.ExceptionTranslationFilter@7430413d, org.springframework.security.web.access.intercept.AuthorizationFilter@2bdb251c]
2026-05-22 20:59:30 [restartedMain] WARN  org.springframework.security.config.annotation.web.builders.WebSecurity - You are asking Spring Security to ignore Ant [pattern='/**/webjars/**']. This is not recommended -- please use permitAll via HttpSecurity#authorizeHttpRequests instead.
2026-05-22 20:59:30 [restartedMain] INFO  org.springframework.security.web.DefaultSecurityFilterChain - Will not secure Ant [pattern='/**/webjars/**']
2026-05-22 20:59:30 [restartedMain] WARN  org.springframework.security.config.annotation.web.builders.WebSecurity - You are asking Spring Security to ignore Ant [pattern='/v2/api-docs']. This is not recommended -- please use permitAll via HttpSecurity#authorizeHttpRequests instead.
2026-05-22 20:59:30 [restartedMain] INFO  org.springframework.security.web.DefaultSecurityFilterChain - Will not secure Ant [pattern='/v2/api-docs']
2026-05-22 20:59:30 [restartedMain] WARN  org.springframework.security.config.annotation.web.builders.WebSecurity - You are asking Spring Security to ignore Ant [pattern='/swagger-resources']. This is not recommended -- please use permitAll via HttpSecurity#authorizeHttpRequests instead.
2026-05-22 20:59:30 [restartedMain] INFO  org.springframework.security.web.DefaultSecurityFilterChain - Will not secure Ant [pattern='/swagger-resources']
2026-05-22 20:59:30 [restartedMain] WARN  org.springframework.security.config.annotation.web.builders.WebSecurity - You are asking Spring Security to ignore Ant [pattern='/swagger-resources/**']. This is not recommended -- please use permitAll via HttpSecurity#authorizeHttpRequests instead.
2026-05-22 20:59:30 [restartedMain] INFO  org.springframework.security.web.DefaultSecurityFilterChain - Will not secure Ant [pattern='/swagger-resources/**']
2026-05-22 20:59:30 [restartedMain] WARN  org.springframework.security.config.annotation.web.builders.WebSecurity - You are asking Spring Security to ignore Ant [pattern='/configuration/ui']. This is not recommended -- please use permitAll via HttpSecurity#authorizeHttpRequests instead.
2026-05-22 20:59:30 [restartedMain] INFO  org.springframework.security.web.DefaultSecurityFilterChain - Will not secure Ant [pattern='/configuration/ui']
2026-05-22 20:59:30 [restartedMain] WARN  org.springframework.security.config.annotation.web.builders.WebSecurity - You are asking Spring Security to ignore Ant [pattern='/configuration/security']. This is not recommended -- please use permitAll via HttpSecurity#authorizeHttpRequests instead.
2026-05-22 20:59:30 [restartedMain] INFO  org.springframework.security.web.DefaultSecurityFilterChain - Will not secure Ant [pattern='/configuration/security']
2026-05-22 20:59:30 [restartedMain] WARN  org.springframework.security.config.annotation.web.builders.WebSecurity - You are asking Spring Security to ignore Ant [pattern='/swagger-ui/**']. This is not recommended -- please use permitAll via HttpSecurity#authorizeHttpRequests instead.
2026-05-22 20:59:30 [restartedMain] INFO  org.springframework.security.web.DefaultSecurityFilterChain - Will not secure Ant [pattern='/swagger-ui/**']
2026-05-22 20:59:30 [restartedMain] WARN  org.springframework.security.config.annotation.web.builders.WebSecurity - You are asking Spring Security to ignore Ant [pattern='/webjars/**']. This is not recommended -- please use permitAll via HttpSecurity#authorizeHttpRequests instead.
2026-05-22 20:59:30 [restartedMain] INFO  org.springframework.security.web.DefaultSecurityFilterChain - Will not secure Ant [pattern='/webjars/**']
2026-05-22 20:59:30 [restartedMain] WARN  org.springframework.security.config.annotation.web.builders.WebSecurity - You are asking Spring Security to ignore Ant [pattern='/v3/api-docs/**']. This is not recommended -- please use permitAll via HttpSecurity#authorizeHttpRequests instead.
2026-05-22 20:59:30 [restartedMain] INFO  org.springframework.security.web.DefaultSecurityFilterChain - Will not secure Ant [pattern='/v3/api-docs/**']
2026-05-22 20:59:30 [restartedMain] WARN  org.springframework.security.config.annotation.web.builders.WebSecurity - You are asking Spring Security to ignore Ant [pattern='/actuator/health/**']. This is not recommended -- please use permitAll via HttpSecurity#authorizeHttpRequests instead.
2026-05-22 20:59:30 [restartedMain] INFO  org.springframework.security.web.DefaultSecurityFilterChain - Will not secure Ant [pattern='/actuator/health/**']
2026-05-22 20:59:30 [restartedMain] WARN  org.springframework.security.config.annotation.web.builders.WebSecurity - You are asking Spring Security to ignore Ant [pattern='/actuator/info']. This is not recommended -- please use permitAll via HttpSecurity#authorizeHttpRequests instead.
2026-05-22 20:59:30 [restartedMain] INFO  org.springframework.security.web.DefaultSecurityFilterChain - Will not secure Ant [pattern='/actuator/info']
2026-05-22 20:59:30 [restartedMain] WARN  org.springframework.security.config.annotation.web.builders.WebSecurity - You are asking Spring Security to ignore Ant [pattern='/ninimum/actuator/**']. This is not recommended -- please use permitAll via HttpSecurity#authorizeHttpRequests instead.
2026-05-22 20:59:30 [restartedMain] INFO  org.springframework.security.web.DefaultSecurityFilterChain - Will not secure Ant [pattern='/ninimum/actuator/**']
2026-05-22 20:59:30 [restartedMain] WARN  org.springframework.security.config.annotation.web.builders.WebSecurity - You are asking Spring Security to ignore Ant [pattern='/api/v1/status']. This is not recommended -- please use permitAll via HttpSecurity#authorizeHttpRequests instead.
2026-05-22 20:59:30 [restartedMain] INFO  org.springframework.security.web.DefaultSecurityFilterChain - Will not secure Ant [pattern='/api/v1/status']
2026-05-22 20:59:30 [restartedMain] WARN  org.springframework.security.config.annotation.web.builders.WebSecurity - You are asking Spring Security to ignore Ant [pattern='/ninimum/api/v1/status']. This is not recommended -- please use permitAll via HttpSecurity#authorizeHttpRequests instead.
2026-05-22 20:59:30 [restartedMain] INFO  org.springframework.security.web.DefaultSecurityFilterChain - Will not secure Ant [pattern='/ninimum/api/v1/status']
2026-05-22 20:59:30 [restartedMain] WARN  org.springframework.security.config.annotation.web.builders.WebSecurity - You are asking Spring Security to ignore Ant [pattern='/ninimum/api/v1/user/checkUser/**']. This is not recommended -- please use permitAll via HttpSecurity#authorizeHttpRequests instead.
2026-05-22 20:59:30 [restartedMain] INFO  org.springframework.security.web.DefaultSecurityFilterChain - Will not secure Ant [pattern='/ninimum/api/v1/user/checkUser/**']
2026-05-22 20:59:30 [restartedMain] WARN  org.springframework.security.config.annotation.web.builders.WebSecurity - You are asking Spring Security to ignore Ant [pattern='/ninimum/api/v1/user/register']. This is not recommended -- please use permitAll via HttpSecurity#authorizeHttpRequests instead.
2026-05-22 20:59:30 [restartedMain] INFO  org.springframework.security.web.DefaultSecurityFilterChain - Will not secure Ant [pattern='/ninimum/api/v1/user/register']
2026-05-22 20:59:30 [restartedMain] WARN  org.springframework.security.config.annotation.web.builders.WebSecurity - You are asking Spring Security to ignore Ant [pattern='/error']. This is not recommended -- please use permitAll via HttpSecurity#authorizeHttpRequests instead.
2026-05-22 20:59:30 [restartedMain] INFO  org.springframework.security.web.DefaultSecurityFilterChain - Will not secure Ant [pattern='/error']
2026-05-22 20:59:31 [restartedMain] INFO  com.zaxxer.hikari.HikariDataSource - HikariPool-1 - Starting...
2026-05-22 20:59:32 [restartedMain] INFO  com.zaxxer.hikari.HikariDataSource - HikariPool-1 - Start completed.
2026-05-22 20:59:32 [restartedMain] INFO  org.springframework.boot.devtools.autoconfigure.OptionalLiveReloadServer - LiveReload server is running on port 35729
2026-05-22 20:59:32 [restartedMain] INFO  org.springframework.boot.web.embedded.tomcat.TomcatWebServer - Tomcat started on port(s): 8083 (http) with context path ''
2026-05-22 20:59:32 [restartedMain] INFO  com.ulisesbocchio.jasyptspringboot.caching.RefreshScopeRefreshedEventListener - Refreshing cached encryptable property sources on ServletWebServerInitializedEvent
2026-05-22 20:59:32 [restartedMain] INFO  com.ulisesbocchio.jasyptspringboot.caching.CachingDelegateEncryptablePropertySource - Property Source systemProperties refreshed
2026-05-22 20:59:32 [restartedMain] INFO  com.ulisesbocchio.jasyptspringboot.caching.CachingDelegateEncryptablePropertySource - Property Source systemEnvironment refreshed
2026-05-22 20:59:32 [restartedMain] INFO  com.ulisesbocchio.jasyptspringboot.caching.CachingDelegateEncryptablePropertySource - Property Source random refreshed
2026-05-22 20:59:32 [restartedMain] INFO  com.ulisesbocchio.jasyptspringboot.caching.CachingDelegateEncryptablePropertySource - Property Source Config resource 'class path resource [application.yaml]' via location 'optional:classpath:/' refreshed
2026-05-22 20:59:32 [restartedMain] INFO  com.ulisesbocchio.jasyptspringboot.caching.CachingDelegateEncryptablePropertySource - Property Source devtools refreshed
2026-05-22 20:59:32 [restartedMain] INFO  com.ulisesbocchio.jasyptspringboot.EncryptablePropertySourceConverter - Converting PropertySource server.ports [org.springframework.core.env.MapPropertySource] to EncryptableMapPropertySourceWrapper
2026-05-22 20:59:32 [restartedMain] INFO  com.ulisesbocchio.jasyptspringboot.EncryptablePropertySourceConverter - Skipping PropertySource configurationProperties [class org.springframework.boot.context.properties.source.ConfigurationPropertySourcesPropertySource
2026-05-22 20:59:32 [restartedMain] INFO  com.ulisesbocchio.jasyptspringboot.EncryptablePropertySourceConverter - Skipping PropertySource servletConfigInitParams [class org.springframework.core.env.PropertySource$StubPropertySource
2026-05-22 20:59:32 [restartedMain] INFO  com.ulisesbocchio.jasyptspringboot.EncryptablePropertySourceConverter - Converting PropertySource servletContextInitParams [org.springframework.web.context.support.ServletContextPropertySource] to EncryptableEnumerablePropertySourceWrapper
2026-05-22 20:59:32 [restartedMain] INFO  com.ulisesbocchio.jasyptspringboot.EncryptablePropertySourceConverter - Converting PropertySource Management Server [org.springframework.boot.actuate.autoconfigure.web.server.ManagementContextAutoConfiguration$SameManagementContextConfiguration$1] to EncryptablePropertySourceWrapper
2026-05-22 20:59:32 [restartedMain] INFO  com.ninimum.api.NinimumApplication - Started NinimumApplication in 7.486 seconds (JVM running for 9.141)
2026-05-22 21:02:34 [SpringApplicationShutdownHook] INFO  com.zaxxer.hikari.HikariDataSource - HikariPool-1 - Shutdown initiated...
2026-05-22 21:02:34 [SpringApplicationShutdownHook] INFO  com.zaxxer.hikari.HikariDataSource - HikariPool-1 - Shutdown completed.
2026-05-22 21:04:45 [restartedMain] INFO  com.ninimum.api.NinimumApplication - Starting NinimumApplication using Java 17.0.14 on Akmalui-MacBookPro.local with PID 91582 (/Users/akmalbukhariev/Projects/NinimumBackend/NinimumBackend/target/classes started by akmalbukhariev in /Users/akmalbukhariev/Projects/NinimumBackend/NinimumBackend)
2026-05-22 21:04:45 [restartedMain] INFO  com.ninimum.api.NinimumApplication - The following 1 profile is active: "default"
2026-05-22 21:04:46 [restartedMain] INFO  org.springframework.boot.devtools.env.DevToolsPropertyDefaultsPostProcessor - Devtools property defaults active! Set 'spring.devtools.add-properties' to 'false' to disable
2026-05-22 21:04:46 [restartedMain] INFO  org.springframework.boot.devtools.env.DevToolsPropertyDefaultsPostProcessor - For additional web related logging consider setting the 'logging.level.web' property to 'DEBUG'
2026-05-22 21:04:47 [restartedMain] INFO  org.springframework.data.repository.config.RepositoryConfigurationDelegate - Bootstrapping Spring Data JDBC repositories in DEFAULT mode.
2026-05-22 21:04:47 [restartedMain] INFO  org.springframework.data.repository.config.RepositoryConfigurationDelegate - Finished Spring Data repository scanning in 32 ms. Found 0 JDBC repository interfaces.
2026-05-22 21:04:47 [restartedMain] INFO  com.ulisesbocchio.jasyptspringboot.configuration.EnableEncryptablePropertiesBeanFactoryPostProcessor - Post-processing PropertySource instances
2026-05-22 21:04:47 [restartedMain] INFO  com.ulisesbocchio.jasyptspringboot.EncryptablePropertySourceConverter - Skipping PropertySource configurationProperties [class org.springframework.boot.context.properties.source.ConfigurationPropertySourcesPropertySource
2026-05-22 21:04:47 [restartedMain] INFO  com.ulisesbocchio.jasyptspringboot.EncryptablePropertySourceConverter - Skipping PropertySource servletConfigInitParams [class org.springframework.core.env.PropertySource$StubPropertySource
2026-05-22 21:04:47 [restartedMain] INFO  com.ulisesbocchio.jasyptspringboot.EncryptablePropertySourceConverter - Skipping PropertySource servletContextInitParams [class org.springframework.core.env.PropertySource$StubPropertySource
2026-05-22 21:04:47 [restartedMain] INFO  com.ulisesbocchio.jasyptspringboot.EncryptablePropertySourceConverter - Converting PropertySource systemProperties [org.springframework.core.env.PropertiesPropertySource] to EncryptableMapPropertySourceWrapper
2026-05-22 21:04:47 [restartedMain] INFO  com.ulisesbocchio.jasyptspringboot.EncryptablePropertySourceConverter - Converting PropertySource systemEnvironment [org.springframework.boot.env.SystemEnvironmentPropertySourceEnvironmentPostProcessor$OriginAwareSystemEnvironmentPropertySource] to EncryptableSystemEnvironmentPropertySourceWrapper
2026-05-22 21:04:47 [restartedMain] INFO  com.ulisesbocchio.jasyptspringboot.EncryptablePropertySourceConverter - Converting PropertySource random [org.springframework.boot.env.RandomValuePropertySource] to EncryptablePropertySourceWrapper
2026-05-22 21:04:47 [restartedMain] INFO  com.ulisesbocchio.jasyptspringboot.EncryptablePropertySourceConverter - Converting PropertySource Config resource 'class path resource [application.yaml]' via location 'optional:classpath:/' [org.springframework.boot.env.OriginTrackedMapPropertySource] to EncryptableMapPropertySourceWrapper
2026-05-22 21:04:47 [restartedMain] INFO  com.ulisesbocchio.jasyptspringboot.EncryptablePropertySourceConverter - Converting PropertySource devtools [org.springframework.core.env.MapPropertySource] to EncryptableMapPropertySourceWrapper
2026-05-22 21:04:47 [restartedMain] INFO  com.ulisesbocchio.jasyptspringboot.filter.DefaultLazyPropertyFilter - Property Filter custom Bean not found with name 'encryptablePropertyFilter'. Initializing Default Property Filter
2026-05-22 21:04:47 [restartedMain] INFO  com.ulisesbocchio.jasyptspringboot.resolver.DefaultLazyPropertyResolver - Property Resolver custom Bean not found with name 'encryptablePropertyResolver'. Initializing Default Property Resolver
2026-05-22 21:04:47 [restartedMain] INFO  com.ulisesbocchio.jasyptspringboot.detector.DefaultLazyPropertyDetector - Property Detector custom Bean not found with name 'encryptablePropertyDetector'. Initializing Default Property Detector
2026-05-22 21:04:48 [restartedMain] INFO  org.springframework.boot.web.embedded.tomcat.TomcatWebServer - Tomcat initialized with port(s): 8083 (http)
2026-05-22 21:04:48 [restartedMain] INFO  org.springframework.boot.web.servlet.context.ServletWebServerApplicationContext - Root WebApplicationContext: initialization completed in 2207 ms
2026-05-22 21:04:50 [restartedMain] INFO  org.springframework.boot.actuate.endpoint.web.EndpointLinksResolver - Exposing 2 endpoint(s) beneath base path '/actuator'
2026-05-22 21:04:50 [restartedMain] INFO  org.springframework.security.web.DefaultSecurityFilterChain - Will secure any request with [org.springframework.security.web.session.DisableEncodeUrlFilter@188b7127, org.springframework.security.web.context.request.async.WebAsyncManagerIntegrationFilter@7b88e81f, org.springframework.security.web.context.SecurityContextPersistenceFilter@6f660f6f, org.springframework.security.web.header.HeaderWriterFilter@53f4adf4, org.springframework.web.filter.CorsFilter@55d1843c, org.springframework.security.web.authentication.logout.LogoutFilter@3e3773c4, org.springframework.security.web.savedrequest.RequestCacheAwareFilter@4580cbf4, org.springframework.security.web.servletapi.SecurityContextHolderAwareRequestFilter@79269de4, org.springframework.security.web.authentication.AnonymousAuthenticationFilter@791898f6, org.springframework.security.web.session.SessionManagementFilter@2df4e276, org.springframework.security.web.access.ExceptionTranslationFilter@3fb718a5, org.springframework.security.web.access.intercept.AuthorizationFilter@54f6f2c3]
2026-05-22 21:04:50 [restartedMain] WARN  org.springframework.security.config.annotation.web.builders.WebSecurity - You are asking Spring Security to ignore Ant [pattern='/**/webjars/**']. This is not recommended -- please use permitAll via HttpSecurity#authorizeHttpRequests instead.
2026-05-22 21:04:50 [restartedMain] INFO  org.springframework.security.web.DefaultSecurityFilterChain - Will not secure Ant [pattern='/**/webjars/**']
2026-05-22 21:04:50 [restartedMain] WARN  org.springframework.security.config.annotation.web.builders.WebSecurity - You are asking Spring Security to ignore Ant [pattern='/v2/api-docs']. This is not recommended -- please use permitAll via HttpSecurity#authorizeHttpRequests instead.
2026-05-22 21:04:50 [restartedMain] INFO  org.springframework.security.web.DefaultSecurityFilterChain - Will not secure Ant [pattern='/v2/api-docs']
2026-05-22 21:04:50 [restartedMain] WARN  org.springframework.security.config.annotation.web.builders.WebSecurity - You are asking Spring Security to ignore Ant [pattern='/swagger-resources']. This is not recommended -- please use permitAll via HttpSecurity#authorizeHttpRequests instead.
2026-05-22 21:04:50 [restartedMain] INFO  org.springframework.security.web.DefaultSecurityFilterChain - Will not secure Ant [pattern='/swagger-resources']
2026-05-22 21:04:50 [restartedMain] WARN  org.springframework.security.config.annotation.web.builders.WebSecurity - You are asking Spring Security to ignore Ant [pattern='/swagger-resources/**']. This is not recommended -- please use permitAll via HttpSecurity#authorizeHttpRequests instead.
2026-05-22 21:04:50 [restartedMain] INFO  org.springframework.security.web.DefaultSecurityFilterChain - Will not secure Ant [pattern='/swagger-resources/**']
2026-05-22 21:04:50 [restartedMain] WARN  org.springframework.security.config.annotation.web.builders.WebSecurity - You are asking Spring Security to ignore Ant [pattern='/configuration/ui']. This is not recommended -- please use permitAll via HttpSecurity#authorizeHttpRequests instead.
2026-05-22 21:04:50 [restartedMain] INFO  org.springframework.security.web.DefaultSecurityFilterChain - Will not secure Ant [pattern='/configuration/ui']
2026-05-22 21:04:50 [restartedMain] WARN  org.springframework.security.config.annotation.web.builders.WebSecurity - You are asking Spring Security to ignore Ant [pattern='/configuration/security']. This is not recommended -- please use permitAll via HttpSecurity#authorizeHttpRequests instead.
2026-05-22 21:04:50 [restartedMain] INFO  org.springframework.security.web.DefaultSecurityFilterChain - Will not secure Ant [pattern='/configuration/security']
2026-05-22 21:04:50 [restartedMain] WARN  org.springframework.security.config.annotation.web.builders.WebSecurity - You are asking Spring Security to ignore Ant [pattern='/swagger-ui/**']. This is not recommended -- please use permitAll via HttpSecurity#authorizeHttpRequests instead.
2026-05-22 21:04:50 [restartedMain] INFO  org.springframework.security.web.DefaultSecurityFilterChain - Will not secure Ant [pattern='/swagger-ui/**']
2026-05-22 21:04:50 [restartedMain] WARN  org.springframework.security.config.annotation.web.builders.WebSecurity - You are asking Spring Security to ignore Ant [pattern='/webjars/**']. This is not recommended -- please use permitAll via HttpSecurity#authorizeHttpRequests instead.
2026-05-22 21:04:50 [restartedMain] INFO  org.springframework.security.web.DefaultSecurityFilterChain - Will not secure Ant [pattern='/webjars/**']
2026-05-22 21:04:50 [restartedMain] WARN  org.springframework.security.config.annotation.web.builders.WebSecurity - You are asking Spring Security to ignore Ant [pattern='/v3/api-docs/**']. This is not recommended -- please use permitAll via HttpSecurity#authorizeHttpRequests instead.
2026-05-22 21:04:50 [restartedMain] INFO  org.springframework.security.web.DefaultSecurityFilterChain - Will not secure Ant [pattern='/v3/api-docs/**']
2026-05-22 21:04:50 [restartedMain] WARN  org.springframework.security.config.annotation.web.builders.WebSecurity - You are asking Spring Security to ignore Ant [pattern='/actuator/health/**']. This is not recommended -- please use permitAll via HttpSecurity#authorizeHttpRequests instead.
2026-05-22 21:04:50 [restartedMain] INFO  org.springframework.security.web.DefaultSecurityFilterChain - Will not secure Ant [pattern='/actuator/health/**']
2026-05-22 21:04:50 [restartedMain] WARN  org.springframework.security.config.annotation.web.builders.WebSecurity - You are asking Spring Security to ignore Ant [pattern='/actuator/info']. This is not recommended -- please use permitAll via HttpSecurity#authorizeHttpRequests instead.
2026-05-22 21:04:50 [restartedMain] INFO  org.springframework.security.web.DefaultSecurityFilterChain - Will not secure Ant [pattern='/actuator/info']
2026-05-22 21:04:50 [restartedMain] WARN  org.springframework.security.config.annotation.web.builders.WebSecurity - You are asking Spring Security to ignore Ant [pattern='/ninimum/actuator/**']. This is not recommended -- please use permitAll via HttpSecurity#authorizeHttpRequests instead.
2026-05-22 21:04:50 [restartedMain] INFO  org.springframework.security.web.DefaultSecurityFilterChain - Will not secure Ant [pattern='/ninimum/actuator/**']
2026-05-22 21:04:50 [restartedMain] WARN  org.springframework.security.config.annotation.web.builders.WebSecurity - You are asking Spring Security to ignore Ant [pattern='/api/v1/status']. This is not recommended -- please use permitAll via HttpSecurity#authorizeHttpRequests instead.
2026-05-22 21:04:50 [restartedMain] INFO  org.springframework.security.web.DefaultSecurityFilterChain - Will not secure Ant [pattern='/api/v1/status']
2026-05-22 21:04:50 [restartedMain] WARN  org.springframework.security.config.annotation.web.builders.WebSecurity - You are asking Spring Security to ignore Ant [pattern='/ninimum/api/v1/status']. This is not recommended -- please use permitAll via HttpSecurity#authorizeHttpRequests instead.
2026-05-22 21:04:50 [restartedMain] INFO  org.springframework.security.web.DefaultSecurityFilterChain - Will not secure Ant [pattern='/ninimum/api/v1/status']
2026-05-22 21:04:50 [restartedMain] WARN  org.springframework.security.config.annotation.web.builders.WebSecurity - You are asking Spring Security to ignore Ant [pattern='/ninimum/api/v1/user/checkUser/**']. This is not recommended -- please use permitAll via HttpSecurity#authorizeHttpRequests instead.
2026-05-22 21:04:50 [restartedMain] INFO  org.springframework.security.web.DefaultSecurityFilterChain - Will not secure Ant [pattern='/ninimum/api/v1/user/checkUser/**']
2026-05-22 21:04:50 [restartedMain] WARN  org.springframework.security.config.annotation.web.builders.WebSecurity - You are asking Spring Security to ignore Ant [pattern='/ninimum/api/v1/user/register']. This is not recommended -- please use permitAll via HttpSecurity#authorizeHttpRequests instead.
2026-05-22 21:04:50 [restartedMain] INFO  org.springframework.security.web.DefaultSecurityFilterChain - Will not secure Ant [pattern='/ninimum/api/v1/user/register']
2026-05-22 21:04:50 [restartedMain] WARN  org.springframework.security.config.annotation.web.builders.WebSecurity - You are asking Spring Security to ignore Ant [pattern='/error']. This is not recommended -- please use permitAll via HttpSecurity#authorizeHttpRequests instead.
2026-05-22 21:04:50 [restartedMain] INFO  org.springframework.security.web.DefaultSecurityFilterChain - Will not secure Ant [pattern='/error']
2026-05-22 21:04:50 [restartedMain] INFO  com.zaxxer.hikari.HikariDataSource - HikariPool-1 - Starting...
2026-05-22 21:04:51 [restartedMain] INFO  com.zaxxer.hikari.HikariDataSource - HikariPool-1 - Start completed.
2026-05-22 21:04:51 [restartedMain] INFO  org.springframework.boot.devtools.autoconfigure.OptionalLiveReloadServer - LiveReload server is running on port 35729
2026-05-22 21:04:52 [restartedMain] INFO  org.springframework.boot.web.embedded.tomcat.TomcatWebServer - Tomcat started on port(s): 8083 (http) with context path ''
2026-05-22 21:04:52 [restartedMain] INFO  com.ulisesbocchio.jasyptspringboot.caching.RefreshScopeRefreshedEventListener - Refreshing cached encryptable property sources on ServletWebServerInitializedEvent
2026-05-22 21:04:52 [restartedMain] INFO  com.ulisesbocchio.jasyptspringboot.caching.CachingDelegateEncryptablePropertySource - Property Source systemProperties refreshed
2026-05-22 21:04:52 [restartedMain] INFO  com.ulisesbocchio.jasyptspringboot.caching.CachingDelegateEncryptablePropertySource - Property Source systemEnvironment refreshed
2026-05-22 21:04:52 [restartedMain] INFO  com.ulisesbocchio.jasyptspringboot.caching.CachingDelegateEncryptablePropertySource - Property Source random refreshed
2026-05-22 21:04:52 [restartedMain] INFO  com.ulisesbocchio.jasyptspringboot.caching.CachingDelegateEncryptablePropertySource - Property Source Config resource 'class path resource [application.yaml]' via location 'optional:classpath:/' refreshed
2026-05-22 21:04:52 [restartedMain] INFO  com.ulisesbocchio.jasyptspringboot.caching.CachingDelegateEncryptablePropertySource - Property Source devtools refreshed
2026-05-22 21:04:52 [restartedMain] INFO  com.ulisesbocchio.jasyptspringboot.EncryptablePropertySourceConverter - Converting PropertySource server.ports [org.springframework.core.env.MapPropertySource] to EncryptableMapPropertySourceWrapper
2026-05-22 21:04:52 [restartedMain] INFO  com.ulisesbocchio.jasyptspringboot.EncryptablePropertySourceConverter - Skipping PropertySource configurationProperties [class org.springframework.boot.context.properties.source.ConfigurationPropertySourcesPropertySource
2026-05-22 21:04:52 [restartedMain] INFO  com.ulisesbocchio.jasyptspringboot.EncryptablePropertySourceConverter - Skipping PropertySource servletConfigInitParams [class org.springframework.core.env.PropertySource$StubPropertySource
2026-05-22 21:04:52 [restartedMain] INFO  com.ulisesbocchio.jasyptspringboot.EncryptablePropertySourceConverter - Converting PropertySource servletContextInitParams [org.springframework.web.context.support.ServletContextPropertySource] to EncryptableEnumerablePropertySourceWrapper
2026-05-22 21:04:52 [restartedMain] INFO  com.ulisesbocchio.jasyptspringboot.EncryptablePropertySourceConverter - Converting PropertySource Management Server [org.springframework.boot.actuate.autoconfigure.web.server.ManagementContextAutoConfiguration$SameManagementContextConfiguration$1] to EncryptablePropertySourceWrapper
2026-05-22 21:04:52 [restartedMain] INFO  com.ninimum.api.NinimumApplication - Started NinimumApplication in 6.533 seconds (JVM running for 7.7)
2026-05-22 21:12:28 [http-nio-0.0.0.0-8083-exec-1] INFO  org.springframework.web.servlet.DispatcherServlet - Initializing Servlet 'dispatcherServlet'
2026-05-22 21:12:28 [http-nio-0.0.0.0-8083-exec-1] INFO  org.springframework.web.servlet.DispatcherServlet - Completed initialization in 20 ms
2026-05-22 21:16:41 [HikariPool-1 housekeeper] WARN  com.zaxxer.hikari.pool.HikariPool - HikariPool-1 - Thread starvation or clock leap detected (housekeeper delta=1m15s154ms).
2026-05-22 21:16:42 [http-nio-0.0.0.0-8083-exec-3] ERROR com.ninimum.api.user.controller.UserController - UserController => register: 
org.springframework.dao.DataIntegrityViolationException: 
### Error updating database.  Cause: java.sql.SQLIntegrityConstraintViolationException: (conn=167189) Column 'region_id' cannot be null
### The error may exist in file [/Users/akmalbukhariev/Projects/NinimumBackend/NinimumBackend/target/classes/mapper/User/UserMapper.xml]
### The error may involve defaultParameterMap
### The error occurred while setting parameters
### SQL: INSERT INTO users             (                 region_id,                 first_name,                 last_name,                 phone_number,                 password             )             VALUES             (                 ?,                 ?,                 ?,                 ?,                 ?             )
### Cause: java.sql.SQLIntegrityConstraintViolationException: (conn=167189) Column 'region_id' cannot be null
; (conn=167189) Column 'region_id' cannot be null; nested exception is java.sql.SQLIntegrityConstraintViolationException: (conn=167189) Column 'region_id' cannot be null
	at org.springframework.jdbc.support.SQLExceptionSubclassTranslator.doTranslate(SQLExceptionSubclassTranslator.java:87) ~[spring-jdbc-5.3.21.jar:5.3.21]
	at org.springframework.jdbc.support.AbstractFallbackSQLExceptionTranslator.translate(AbstractFallbackSQLExceptionTranslator.java:70) ~[spring-jdbc-5.3.21.jar:5.3.21]
	at org.springframework.jdbc.support.AbstractFallbackSQLExceptionTranslator.translate(AbstractFallbackSQLExceptionTranslator.java:79) ~[spring-jdbc-5.3.21.jar:5.3.21]
	at org.mybatis.spring.MyBatisExceptionTranslator.translateExceptionIfPossible(MyBatisExceptionTranslator.java:91) ~[mybatis-spring-2.0.7.jar:2.0.7]
	at org.mybatis.spring.SqlSessionTemplate$SqlSessionInterceptor.invoke(SqlSessionTemplate.java:441) ~[mybatis-spring-2.0.7.jar:2.0.7]
	at jdk.proxy2.$Proxy115.insert(Unknown Source) ~[?:?]
	at org.mybatis.spring.SqlSessionTemplate.insert(SqlSessionTemplate.java:272) ~[mybatis-spring-2.0.7.jar:2.0.7]
	at org.apache.ibatis.binding.MapperMethod.execute(MapperMethod.java:62) ~[mybatis-3.5.9.jar:3.5.9]
	at org.apache.ibatis.binding.MapperProxy$PlainMethodInvoker.invoke(MapperProxy.java:145) ~[mybatis-3.5.9.jar:3.5.9]
	at org.apache.ibatis.binding.MapperProxy.invoke(MapperProxy.java:86) ~[mybatis-3.5.9.jar:3.5.9]
	at jdk.proxy3.$Proxy122.insertUser(Unknown Source) ~[?:?]
	at com.ninimum.api.user.service.impl.UserService.register(UserService.java:38) ~[classes/:?]
	at com.ninimum.api.user.controller.UserController.register(UserController.java:64) ~[classes/:?]
	at jdk.internal.reflect.NativeMethodAccessorImpl.invoke0(Native Method) ~[?:?]
	at jdk.internal.reflect.NativeMethodAccessorImpl.invoke(NativeMethodAccessorImpl.java:77) ~[?:?]
	at jdk.internal.reflect.DelegatingMethodAccessorImpl.invoke(DelegatingMethodAccessorImpl.java:43) ~[?:?]
	at java.lang.reflect.Method.invoke(Method.java:569) ~[?:?]
	at org.springframework.web.method.support.InvocableHandlerMethod.doInvoke(InvocableHandlerMethod.java:205) ~[spring-web-5.3.21.jar:5.3.21]
	at org.springframework.web.method.support.InvocableHandlerMethod.invokeForRequest(InvocableHandlerMethod.java:150) ~[spring-web-5.3.21.jar:5.3.21]
	at org.springframework.web.servlet.mvc.method.annotation.ServletInvocableHandlerMethod.invokeAndHandle(ServletInvocableHandlerMethod.java:117) ~[spring-webmvc-5.3.21.jar:5.3.21]
	at org.springframework.web.servlet.mvc.method.annotation.RequestMappingHandlerAdapter.invokeHandlerMethod(RequestMappingHandlerAdapter.java:895) ~[spring-webmvc-5.3.21.jar:5.3.21]
	at org.springframework.web.servlet.mvc.method.annotation.RequestMappingHandlerAdapter.handleInternal(RequestMappingHandlerAdapter.java:808) ~[spring-webmvc-5.3.21.jar:5.3.21]
	at org.springframework.web.servlet.mvc.method.AbstractHandlerMethodAdapter.handle(AbstractHandlerMethodAdapter.java:87) ~[spring-webmvc-5.3.21.jar:5.3.21]
	at org.springframework.web.servlet.DispatcherServlet.doDispatch(DispatcherServlet.java:1067) ~[spring-webmvc-5.3.21.jar:5.3.21]
	at org.springframework.web.servlet.DispatcherServlet.doService(DispatcherServlet.java:963) ~[spring-webmvc-5.3.21.jar:5.3.21]
	at org.springframework.web.servlet.FrameworkServlet.processRequest(FrameworkServlet.java:1006) ~[spring-webmvc-5.3.21.jar:5.3.21]
	at org.springframework.web.servlet.FrameworkServlet.doPost(FrameworkServlet.java:909) ~[spring-webmvc-5.3.21.jar:5.3.21]
	at javax.servlet.http.HttpServlet.service(HttpServlet.java:681) ~[tomcat-embed-core-9.0.64.jar:4.0.FR]
	at org.springframework.web.servlet.FrameworkServlet.service(FrameworkServlet.java:883) ~[spring-webmvc-5.3.21.jar:5.3.21]
	at javax.servlet.http.HttpServlet.service(HttpServlet.java:764) ~[tomcat-embed-core-9.0.64.jar:4.0.FR]
	at org.apache.catalina.core.ApplicationFilterChain.internalDoFilter(ApplicationFilterChain.java:227) ~[tomcat-embed-core-9.0.64.jar:9.0.64]
	at org.apache.catalina.core.ApplicationFilterChain.doFilter(ApplicationFilterChain.java:162) ~[tomcat-embed-core-9.0.64.jar:9.0.64]
	at org.apache.tomcat.websocket.server.WsFilter.doFilter(WsFilter.java:53) ~[tomcat-embed-websocket-9.0.64.jar:9.0.64]
	at org.apache.catalina.core.ApplicationFilterChain.internalDoFilter(ApplicationFilterChain.java:189) ~[tomcat-embed-core-9.0.64.jar:9.0.64]
	at org.apache.catalina.core.ApplicationFilterChain.doFilter(ApplicationFilterChain.java:162) ~[tomcat-embed-core-9.0.64.jar:9.0.64]
	at org.springframework.security.web.FilterChainProxy.doFilterInternal(FilterChainProxy.java:204) ~[spring-security-web-5.7.2.jar:5.7.2]
	at org.springframework.security.web.FilterChainProxy.doFilter(FilterChainProxy.java:183) ~[spring-security-web-5.7.2.jar:5.7.2]
	at org.springframework.web.filter.DelegatingFilterProxy.invokeDelegate(DelegatingFilterProxy.java:354) ~[spring-web-5.3.21.jar:5.3.21]
	at org.springframework.web.filter.DelegatingFilterProxy.doFilter(DelegatingFilterProxy.java:267) ~[spring-web-5.3.21.jar:5.3.21]
	at org.apache.catalina.core.ApplicationFilterChain.internalDoFilter(ApplicationFilterChain.java:189) ~[tomcat-embed-core-9.0.64.jar:9.0.64]
	at org.apache.catalina.core.ApplicationFilterChain.doFilter(ApplicationFilterChain.java:162) ~[tomcat-embed-core-9.0.64.jar:9.0.64]
	at org.springframework.web.filter.RequestContextFilter.doFilterInternal(RequestContextFilter.java:100) ~[spring-web-5.3.21.jar:5.3.21]
	at org.springframework.web.filter.OncePerRequestFilter.doFilter(OncePerRequestFilter.java:117) ~[spring-web-5.3.21.jar:5.3.21]
	at org.apache.catalina.core.ApplicationFilterChain.internalDoFilter(ApplicationFilterChain.java:189) ~[tomcat-embed-core-9.0.64.jar:9.0.64]
	at org.apache.catalina.core.ApplicationFilterChain.doFilter(ApplicationFilterChain.java:162) ~[tomcat-embed-core-9.0.64.jar:9.0.64]
	at org.springframework.web.filter.FormContentFilter.doFilterInternal(FormContentFilter.java:93) ~[spring-web-5.3.21.jar:5.3.21]
	at org.springframework.web.filter.OncePerRequestFilter.doFilter(OncePerRequestFilter.java:117) ~[spring-web-5.3.21.jar:5.3.21]
	at org.apache.catalina.core.ApplicationFilterChain.internalDoFilter(ApplicationFilterChain.java:189) ~[tomcat-embed-core-9.0.64.jar:9.0.64]
	at org.apache.catalina.core.ApplicationFilterChain.doFilter(ApplicationFilterChain.java:162) ~[tomcat-embed-core-9.0.64.jar:9.0.64]
	at org.springframework.boot.actuate.metrics.web.servlet.WebMvcMetricsFilter.doFilterInternal(WebMvcMetricsFilter.java:96) ~[spring-boot-actuator-2.7.1.jar:2.7.1]
	at org.springframework.web.filter.OncePerRequestFilter.doFilter(OncePerRequestFilter.java:117) ~[spring-web-5.3.21.jar:5.3.21]
	at org.apache.catalina.core.ApplicationFilterChain.internalDoFilter(ApplicationFilterChain.java:189) ~[tomcat-embed-core-9.0.64.jar:9.0.64]
	at org.apache.catalina.core.ApplicationFilterChain.doFilter(ApplicationFilterChain.java:162) ~[tomcat-embed-core-9.0.64.jar:9.0.64]
	at org.springframework.web.filter.CharacterEncodingFilter.doFilterInternal(CharacterEncodingFilter.java:201) ~[spring-web-5.3.21.jar:5.3.21]
	at org.springframework.web.filter.OncePerRequestFilter.doFilter(OncePerRequestFilter.java:117) ~[spring-web-5.3.21.jar:5.3.21]
	at org.apache.catalina.core.ApplicationFilterChain.internalDoFilter(ApplicationFilterChain.java:189) ~[tomcat-embed-core-9.0.64.jar:9.0.64]
	at org.apache.catalina.core.ApplicationFilterChain.doFilter(ApplicationFilterChain.java:162) ~[tomcat-embed-core-9.0.64.jar:9.0.64]
	at org.apache.catalina.core.StandardWrapperValve.invoke(StandardWrapperValve.java:197) ~[tomcat-embed-core-9.0.64.jar:9.0.64]
	at org.apache.catalina.core.StandardContextValve.invoke(StandardContextValve.java:97) ~[tomcat-embed-core-9.0.64.jar:9.0.64]
	at org.apache.catalina.authenticator.AuthenticatorBase.invoke(AuthenticatorBase.java:541) ~[tomcat-embed-core-9.0.64.jar:9.0.64]
	at org.apache.catalina.core.StandardHostValve.invoke(StandardHostValve.java:135) ~[tomcat-embed-core-9.0.64.jar:9.0.64]
	at org.apache.catalina.valves.ErrorReportValve.invoke(ErrorReportValve.java:92) ~[tomcat-embed-core-9.0.64.jar:9.0.64]
	at org.apache.catalina.core.StandardEngineValve.invoke(StandardEngineValve.java:78) ~[tomcat-embed-core-9.0.64.jar:9.0.64]
	at org.apache.catalina.connector.CoyoteAdapter.service(CoyoteAdapter.java:360) ~[tomcat-embed-core-9.0.64.jar:9.0.64]
	at org.apache.coyote.http11.Http11Processor.service(Http11Processor.java:399) ~[tomcat-embed-core-9.0.64.jar:9.0.64]
	at org.apache.coyote.AbstractProcessorLight.process(AbstractProcessorLight.java:65) ~[tomcat-embed-core-9.0.64.jar:9.0.64]
	at org.apache.coyote.AbstractProtocol$ConnectionHandler.process(AbstractProtocol.java:890) ~[tomcat-embed-core-9.0.64.jar:9.0.64]
	at org.apache.tomcat.util.net.NioEndpoint$SocketProcessor.doRun(NioEndpoint.java:1787) ~[tomcat-embed-core-9.0.64.jar:9.0.64]
	at org.apache.tomcat.util.net.SocketProcessorBase.run(SocketProcessorBase.java:49) ~[tomcat-embed-core-9.0.64.jar:9.0.64]
	at org.apache.tomcat.util.threads.ThreadPoolExecutor.runWorker(ThreadPoolExecutor.java:1191) ~[tomcat-embed-core-9.0.64.jar:9.0.64]
	at org.apache.tomcat.util.threads.ThreadPoolExecutor$Worker.run(ThreadPoolExecutor.java:659) ~[tomcat-embed-core-9.0.64.jar:9.0.64]
	at org.apache.tomcat.util.threads.TaskThread$WrappingRunnable.run(TaskThread.java:61) ~[tomcat-embed-core-9.0.64.jar:9.0.64]
	at java.lang.Thread.run(Thread.java:840) ~[?:?]
Caused by: java.sql.SQLIntegrityConstraintViolationException: (conn=167189) Column 'region_id' cannot be null
	at org.mariadb.jdbc.internal.util.exceptions.ExceptionFactory.createException(ExceptionFactory.java:70) ~[mariadb-java-client-2.7.3.jar:?]
	at org.mariadb.jdbc.internal.util.exceptions.ExceptionFactory.create(ExceptionFactory.java:155) ~[mariadb-java-client-2.7.3.jar:?]
	at org.mariadb.jdbc.MariaDbStatement.executeExceptionEpilogue(MariaDbStatement.java:274) ~[mariadb-java-client-2.7.3.jar:?]
	at org.mariadb.jdbc.ClientSidePreparedStatement.executeInternal(ClientSidePreparedStatement.java:229) ~[mariadb-java-client-2.7.3.jar:?]
	at org.mariadb.jdbc.ClientSidePreparedStatement.execute(ClientSidePreparedStatement.java:149) ~[mariadb-java-client-2.7.3.jar:?]
	at com.zaxxer.hikari.pool.ProxyPreparedStatement.execute(ProxyPreparedStatement.java:44) ~[HikariCP-4.0.3.jar:?]
	at com.zaxxer.hikari.pool.HikariProxyPreparedStatement.execute(HikariProxyPreparedStatement.java) ~[HikariCP-4.0.3.jar:?]
	at org.apache.ibatis.executor.statement.PreparedStatementHandler.update(PreparedStatementHandler.java:47) ~[mybatis-3.5.9.jar:3.5.9]
	at org.apache.ibatis.executor.statement.RoutingStatementHandler.update(RoutingStatementHandler.java:74) ~[mybatis-3.5.9.jar:3.5.9]
	at org.apache.ibatis.executor.SimpleExecutor.doUpdate(SimpleExecutor.java:50) ~[mybatis-3.5.9.jar:3.5.9]
	at org.apache.ibatis.executor.BaseExecutor.update(BaseExecutor.java:117) ~[mybatis-3.5.9.jar:3.5.9]
	at org.apache.ibatis.executor.CachingExecutor.update(CachingExecutor.java:76) ~[mybatis-3.5.9.jar:3.5.9]
	at org.apache.ibatis.session.defaults.DefaultSqlSession.update(DefaultSqlSession.java:194) ~[mybatis-3.5.9.jar:3.5.9]
	at org.apache.ibatis.session.defaults.DefaultSqlSession.insert(DefaultSqlSession.java:181) ~[mybatis-3.5.9.jar:3.5.9]
	at jdk.internal.reflect.NativeMethodAccessorImpl.invoke0(Native Method) ~[?:?]
	at jdk.internal.reflect.NativeMethodAccessorImpl.invoke(NativeMethodAccessorImpl.java:77) ~[?:?]
	at jdk.internal.reflect.DelegatingMethodAccessorImpl.invoke(DelegatingMethodAccessorImpl.java:43) ~[?:?]
	at java.lang.reflect.Method.invoke(Method.java:569) ~[?:?]
	at org.mybatis.spring.SqlSessionTemplate$SqlSessionInterceptor.invoke(SqlSessionTemplate.java:427) ~[mybatis-spring-2.0.7.jar:2.0.7]
	... 68 more
Caused by: org.mariadb.jdbc.internal.util.exceptions.MariaDbSqlException: Column 'region_id' cannot be null
	at org.mariadb.jdbc.internal.util.exceptions.MariaDbSqlException.of(MariaDbSqlException.java:34) ~[mariadb-java-client-2.7.3.jar:?]
	at org.mariadb.jdbc.internal.protocol.AbstractQueryProtocol.exceptionWithQuery(AbstractQueryProtocol.java:194) ~[mariadb-java-client-2.7.3.jar:?]
	at org.mariadb.jdbc.internal.protocol.AbstractQueryProtocol.exceptionWithQuery(AbstractQueryProtocol.java:177) ~[mariadb-java-client-2.7.3.jar:?]
	at org.mariadb.jdbc.internal.protocol.AbstractQueryProtocol.executeQuery(AbstractQueryProtocol.java:362) ~[mariadb-java-client-2.7.3.jar:?]
	at org.mariadb.jdbc.ClientSidePreparedStatement.executeInternal(ClientSidePreparedStatement.java:217) ~[mariadb-java-client-2.7.3.jar:?]
	at org.mariadb.jdbc.ClientSidePreparedStatement.execute(ClientSidePreparedStatement.java:149) ~[mariadb-java-client-2.7.3.jar:?]
	at com.zaxxer.hikari.pool.ProxyPreparedStatement.execute(ProxyPreparedStatement.java:44) ~[HikariCP-4.0.3.jar:?]
	at com.zaxxer.hikari.pool.HikariProxyPreparedStatement.execute(HikariProxyPreparedStatement.java) ~[HikariCP-4.0.3.jar:?]
	at org.apache.ibatis.executor.statement.PreparedStatementHandler.update(PreparedStatementHandler.java:47) ~[mybatis-3.5.9.jar:3.5.9]
	at org.apache.ibatis.executor.statement.RoutingStatementHandler.update(RoutingStatementHandler.java:74) ~[mybatis-3.5.9.jar:3.5.9]
	at org.apache.ibatis.executor.SimpleExecutor.doUpdate(SimpleExecutor.java:50) ~[mybatis-3.5.9.jar:3.5.9]
	at org.apache.ibatis.executor.BaseExecutor.update(BaseExecutor.java:117) ~[mybatis-3.5.9.jar:3.5.9]
	at org.apache.ibatis.executor.CachingExecutor.update(CachingExecutor.java:76) ~[mybatis-3.5.9.jar:3.5.9]
	at org.apache.ibatis.session.defaults.DefaultSqlSession.update(DefaultSqlSession.java:194) ~[mybatis-3.5.9.jar:3.5.9]
	at org.apache.ibatis.session.defaults.DefaultSqlSession.insert(DefaultSqlSession.java:181) ~[mybatis-3.5.9.jar:3.5.9]
	at jdk.internal.reflect.NativeMethodAccessorImpl.invoke0(Native Method) ~[?:?]
	at jdk.internal.reflect.NativeMethodAccessorImpl.invoke(NativeMethodAccessorImpl.java:77) ~[?:?]
	at jdk.internal.reflect.DelegatingMethodAccessorImpl.invoke(DelegatingMethodAccessorImpl.java:43) ~[?:?]
	at java.lang.reflect.Method.invoke(Method.java:569) ~[?:?]
	at org.mybatis.spring.SqlSessionTemplate$SqlSessionInterceptor.invoke(SqlSessionTemplate.java:427) ~[mybatis-spring-2.0.7.jar:2.0.7]
	... 68 more
Caused by: java.sql.SQLException: Column 'region_id' cannot be null
	at org.mariadb.jdbc.internal.protocol.AbstractQueryProtocol.readErrorPacket(AbstractQueryProtocol.java:1694) ~[mariadb-java-client-2.7.3.jar:?]
	at org.mariadb.jdbc.internal.protocol.AbstractQueryProtocol.readPacket(AbstractQueryProtocol.java:1556) ~[mariadb-java-client-2.7.3.jar:?]
	at org.mariadb.jdbc.internal.protocol.AbstractQueryProtocol.getResult(AbstractQueryProtocol.java:1519) ~[mariadb-java-client-2.7.3.jar:?]
	at org.mariadb.jdbc.internal.protocol.AbstractQueryProtocol.executeQuery(AbstractQueryProtocol.java:359) ~[mariadb-java-client-2.7.3.jar:?]
	at org.mariadb.jdbc.ClientSidePreparedStatement.executeInternal(ClientSidePreparedStatement.java:217) ~[mariadb-java-client-2.7.3.jar:?]
	at org.mariadb.jdbc.ClientSidePreparedStatement.execute(ClientSidePreparedStatement.java:149) ~[mariadb-java-client-2.7.3.jar:?]
	at com.zaxxer.hikari.pool.ProxyPreparedStatement.execute(ProxyPreparedStatement.java:44) ~[HikariCP-4.0.3.jar:?]
	at com.zaxxer.hikari.pool.HikariProxyPreparedStatement.execute(HikariProxyPreparedStatement.java) ~[HikariCP-4.0.3.jar:?]
	at org.apache.ibatis.executor.statement.PreparedStatementHandler.update(PreparedStatementHandler.java:47) ~[mybatis-3.5.9.jar:3.5.9]
	at org.apache.ibatis.executor.statement.RoutingStatementHandler.update(RoutingStatementHandler.java:74) ~[mybatis-3.5.9.jar:3.5.9]
	at org.apache.ibatis.executor.SimpleExecutor.doUpdate(SimpleExecutor.java:50) ~[mybatis-3.5.9.jar:3.5.9]
	at org.apache.ibatis.executor.BaseExecutor.update(BaseExecutor.java:117) ~[mybatis-3.5.9.jar:3.5.9]
	at org.apache.ibatis.executor.CachingExecutor.update(CachingExecutor.java:76) ~[mybatis-3.5.9.jar:3.5.9]
	at org.apache.ibatis.session.defaults.DefaultSqlSession.update(DefaultSqlSession.java:194) ~[mybatis-3.5.9.jar:3.5.9]
	at org.apache.ibatis.session.defaults.DefaultSqlSession.insert(DefaultSqlSession.java:181) ~[mybatis-3.5.9.jar:3.5.9]
	at jdk.internal.reflect.NativeMethodAccessorImpl.invoke0(Native Method) ~[?:?]
	at jdk.internal.reflect.NativeMethodAccessorImpl.invoke(NativeMethodAccessorImpl.java:77) ~[?:?]
	at jdk.internal.reflect.DelegatingMethodAccessorImpl.invoke(DelegatingMethodAccessorImpl.java:43) ~[?:?]
	at java.lang.reflect.Method.invoke(Method.java:569) ~[?:?]
	at org.mybatis.spring.SqlSessionTemplate$SqlSessionInterceptor.invoke(SqlSessionTemplate.java:427) ~[mybatis-spring-2.0.7.jar:2.0.7]
	... 68 more
2026-05-22 21:16:42 [SpringApplicationShutdownHook] INFO  com.zaxxer.hikari.HikariDataSource - HikariPool-1 - Shutdown initiated...
2026-05-22 21:16:42 [SpringApplicationShutdownHook] INFO  com.zaxxer.hikari.HikariDataSource - HikariPool-1 - Shutdown completed.
2026-05-22 21:20:15 [restartedMain] INFO  com.ninimum.api.NinimumApplication - Starting NinimumApplication using Java 17.0.14 on Akmalui-MacBookPro.local with PID 93150 (/Users/akmalbukhariev/Projects/NinimumBackend/NinimumBackend/target/classes started by akmalbukhariev in /Users/akmalbukhariev/Projects/NinimumBackend/NinimumBackend)
2026-05-22 21:20:15 [restartedMain] INFO  com.ninimum.api.NinimumApplication - The following 1 profile is active: "default"
2026-05-22 21:20:15 [restartedMain] INFO  org.springframework.boot.devtools.env.DevToolsPropertyDefaultsPostProcessor - Devtools property defaults active! Set 'spring.devtools.add-properties' to 'false' to disable
2026-05-22 21:20:15 [restartedMain] INFO  org.springframework.boot.devtools.env.DevToolsPropertyDefaultsPostProcessor - For additional web related logging consider setting the 'logging.level.web' property to 'DEBUG'
2026-05-22 21:20:17 [restartedMain] INFO  org.springframework.data.repository.config.RepositoryConfigurationDelegate - Bootstrapping Spring Data JDBC repositories in DEFAULT mode.
2026-05-22 21:20:17 [restartedMain] INFO  org.springframework.data.repository.config.RepositoryConfigurationDelegate - Finished Spring Data repository scanning in 52 ms. Found 0 JDBC repository interfaces.
2026-05-22 21:20:18 [restartedMain] INFO  com.ulisesbocchio.jasyptspringboot.configuration.EnableEncryptablePropertiesBeanFactoryPostProcessor - Post-processing PropertySource instances
2026-05-22 21:20:18 [restartedMain] INFO  com.ulisesbocchio.jasyptspringboot.EncryptablePropertySourceConverter - Skipping PropertySource configurationProperties [class org.springframework.boot.context.properties.source.ConfigurationPropertySourcesPropertySource
2026-05-22 21:20:18 [restartedMain] INFO  com.ulisesbocchio.jasyptspringboot.EncryptablePropertySourceConverter - Skipping PropertySource servletConfigInitParams [class org.springframework.core.env.PropertySource$StubPropertySource
2026-05-22 21:20:18 [restartedMain] INFO  com.ulisesbocchio.jasyptspringboot.EncryptablePropertySourceConverter - Skipping PropertySource servletContextInitParams [class org.springframework.core.env.PropertySource$StubPropertySource
2026-05-22 21:20:18 [restartedMain] INFO  com.ulisesbocchio.jasyptspringboot.EncryptablePropertySourceConverter - Converting PropertySource systemProperties [org.springframework.core.env.PropertiesPropertySource] to EncryptableMapPropertySourceWrapper
2026-05-22 21:20:18 [restartedMain] INFO  com.ulisesbocchio.jasyptspringboot.EncryptablePropertySourceConverter - Converting PropertySource systemEnvironment [org.springframework.boot.env.SystemEnvironmentPropertySourceEnvironmentPostProcessor$OriginAwareSystemEnvironmentPropertySource] to EncryptableSystemEnvironmentPropertySourceWrapper
2026-05-22 21:20:18 [restartedMain] INFO  com.ulisesbocchio.jasyptspringboot.EncryptablePropertySourceConverter - Converting PropertySource random [org.springframework.boot.env.RandomValuePropertySource] to EncryptablePropertySourceWrapper
2026-05-22 21:20:18 [restartedMain] INFO  com.ulisesbocchio.jasyptspringboot.EncryptablePropertySourceConverter - Converting PropertySource Config resource 'class path resource [application.yaml]' via location 'optional:classpath:/' [org.springframework.boot.env.OriginTrackedMapPropertySource] to EncryptableMapPropertySourceWrapper
2026-05-22 21:20:18 [restartedMain] INFO  com.ulisesbocchio.jasyptspringboot.EncryptablePropertySourceConverter - Converting PropertySource devtools [org.springframework.core.env.MapPropertySource] to EncryptableMapPropertySourceWrapper
2026-05-22 21:20:18 [restartedMain] INFO  com.ulisesbocchio.jasyptspringboot.filter.DefaultLazyPropertyFilter - Property Filter custom Bean not found with name 'encryptablePropertyFilter'. Initializing Default Property Filter
2026-05-22 21:20:18 [restartedMain] INFO  com.ulisesbocchio.jasyptspringboot.resolver.DefaultLazyPropertyResolver - Property Resolver custom Bean not found with name 'encryptablePropertyResolver'. Initializing Default Property Resolver
2026-05-22 21:20:18 [restartedMain] INFO  com.ulisesbocchio.jasyptspringboot.detector.DefaultLazyPropertyDetector - Property Detector custom Bean not found with name 'encryptablePropertyDetector'. Initializing Default Property Detector
2026-05-22 21:20:19 [restartedMain] INFO  org.springframework.boot.web.embedded.tomcat.TomcatWebServer - Tomcat initialized with port(s): 8083 (http)
2026-05-22 21:20:19 [restartedMain] INFO  org.springframework.boot.web.servlet.context.ServletWebServerApplicationContext - Root WebApplicationContext: initialization completed in 3348 ms
2026-05-22 21:20:21 [restartedMain] INFO  org.springframework.boot.actuate.endpoint.web.EndpointLinksResolver - Exposing 2 endpoint(s) beneath base path '/actuator'
2026-05-22 21:20:21 [restartedMain] INFO  org.springframework.security.web.DefaultSecurityFilterChain - Will secure any request with [org.springframework.security.web.session.DisableEncodeUrlFilter@7e004f78, org.springframework.security.web.context.request.async.WebAsyncManagerIntegrationFilter@71bd5326, org.springframework.security.web.context.SecurityContextPersistenceFilter@379a833a, org.springframework.security.web.header.HeaderWriterFilter@29e3a7eb, org.springframework.web.filter.CorsFilter@1219dbd4, org.springframework.security.web.authentication.logout.LogoutFilter@12371c48, org.springframework.security.web.savedrequest.RequestCacheAwareFilter@14a0652, org.springframework.security.web.servletapi.SecurityContextHolderAwareRequestFilter@14e55876, org.springframework.security.web.authentication.AnonymousAuthenticationFilter@3bc110b8, org.springframework.security.web.session.SessionManagementFilter@55cccce8, org.springframework.security.web.access.ExceptionTranslationFilter@7d152ecc, org.springframework.security.web.access.intercept.AuthorizationFilter@51fbc92f]
2026-05-22 21:20:21 [restartedMain] WARN  org.springframework.security.config.annotation.web.builders.WebSecurity - You are asking Spring Security to ignore Ant [pattern='/**/webjars/**']. This is not recommended -- please use permitAll via HttpSecurity#authorizeHttpRequests instead.
2026-05-22 21:20:21 [restartedMain] INFO  org.springframework.security.web.DefaultSecurityFilterChain - Will not secure Ant [pattern='/**/webjars/**']
2026-05-22 21:20:21 [restartedMain] WARN  org.springframework.security.config.annotation.web.builders.WebSecurity - You are asking Spring Security to ignore Ant [pattern='/v2/api-docs']. This is not recommended -- please use permitAll via HttpSecurity#authorizeHttpRequests instead.
2026-05-22 21:20:21 [restartedMain] INFO  org.springframework.security.web.DefaultSecurityFilterChain - Will not secure Ant [pattern='/v2/api-docs']
2026-05-22 21:20:21 [restartedMain] WARN  org.springframework.security.config.annotation.web.builders.WebSecurity - You are asking Spring Security to ignore Ant [pattern='/swagger-resources']. This is not recommended -- please use permitAll via HttpSecurity#authorizeHttpRequests instead.
2026-05-22 21:20:21 [restartedMain] INFO  org.springframework.security.web.DefaultSecurityFilterChain - Will not secure Ant [pattern='/swagger-resources']
2026-05-22 21:20:21 [restartedMain] WARN  org.springframework.security.config.annotation.web.builders.WebSecurity - You are asking Spring Security to ignore Ant [pattern='/swagger-resources/**']. This is not recommended -- please use permitAll via HttpSecurity#authorizeHttpRequests instead.
2026-05-22 21:20:21 [restartedMain] INFO  org.springframework.security.web.DefaultSecurityFilterChain - Will not secure Ant [pattern='/swagger-resources/**']
2026-05-22 21:20:21 [restartedMain] WARN  org.springframework.security.config.annotation.web.builders.WebSecurity - You are asking Spring Security to ignore Ant [pattern='/configuration/ui']. This is not recommended -- please use permitAll via HttpSecurity#authorizeHttpRequests instead.
2026-05-22 21:20:21 [restartedMain] INFO  org.springframework.security.web.DefaultSecurityFilterChain - Will not secure Ant [pattern='/configuration/ui']
2026-05-22 21:20:21 [restartedMain] WARN  org.springframework.security.config.annotation.web.builders.WebSecurity - You are asking Spring Security to ignore Ant [pattern='/configuration/security']. This is not recommended -- please use permitAll via HttpSecurity#authorizeHttpRequests instead.
2026-05-22 21:20:21 [restartedMain] INFO  org.springframework.security.web.DefaultSecurityFilterChain - Will not secure Ant [pattern='/configuration/security']
2026-05-22 21:20:21 [restartedMain] WARN  org.springframework.security.config.annotation.web.builders.WebSecurity - You are asking Spring Security to ignore Ant [pattern='/swagger-ui/**']. This is not recommended -- please use permitAll via HttpSecurity#authorizeHttpRequests instead.
2026-05-22 21:20:21 [restartedMain] INFO  org.springframework.security.web.DefaultSecurityFilterChain - Will not secure Ant [pattern='/swagger-ui/**']
2026-05-22 21:20:21 [restartedMain] WARN  org.springframework.security.config.annotation.web.builders.WebSecurity - You are asking Spring Security to ignore Ant [pattern='/webjars/**']. This is not recommended -- please use permitAll via HttpSecurity#authorizeHttpRequests instead.
2026-05-22 21:20:21 [restartedMain] INFO  org.springframework.security.web.DefaultSecurityFilterChain - Will not secure Ant [pattern='/webjars/**']
2026-05-22 21:20:21 [restartedMain] WARN  org.springframework.security.config.annotation.web.builders.WebSecurity - You are asking Spring Security to ignore Ant [pattern='/v3/api-docs/**']. This is not recommended -- please use permitAll via HttpSecurity#authorizeHttpRequests instead.
2026-05-22 21:20:21 [restartedMain] INFO  org.springframework.security.web.DefaultSecurityFilterChain - Will not secure Ant [pattern='/v3/api-docs/**']
2026-05-22 21:20:21 [restartedMain] WARN  org.springframework.security.config.annotation.web.builders.WebSecurity - You are asking Spring Security to ignore Ant [pattern='/actuator/health/**']. This is not recommended -- please use permitAll via HttpSecurity#authorizeHttpRequests instead.
2026-05-22 21:20:21 [restartedMain] INFO  org.springframework.security.web.DefaultSecurityFilterChain - Will not secure Ant [pattern='/actuator/health/**']
2026-05-22 21:20:21 [restartedMain] WARN  org.springframework.security.config.annotation.web.builders.WebSecurity - You are asking Spring Security to ignore Ant [pattern='/actuator/info']. This is not recommended -- please use permitAll via HttpSecurity#authorizeHttpRequests instead.
2026-05-22 21:20:21 [restartedMain] INFO  org.springframework.security.web.DefaultSecurityFilterChain - Will not secure Ant [pattern='/actuator/info']
2026-05-22 21:20:21 [restartedMain] WARN  org.springframework.security.config.annotation.web.builders.WebSecurity - You are asking Spring Security to ignore Ant [pattern='/ninimum/actuator/**']. This is not recommended -- please use permitAll via HttpSecurity#authorizeHttpRequests instead.
2026-05-22 21:20:21 [restartedMain] INFO  org.springframework.security.web.DefaultSecurityFilterChain - Will not secure Ant [pattern='/ninimum/actuator/**']
2026-05-22 21:20:21 [restartedMain] WARN  org.springframework.security.config.annotation.web.builders.WebSecurity - You are asking Spring Security to ignore Ant [pattern='/api/v1/status']. This is not recommended -- please use permitAll via HttpSecurity#authorizeHttpRequests instead.
2026-05-22 21:20:21 [restartedMain] INFO  org.springframework.security.web.DefaultSecurityFilterChain - Will not secure Ant [pattern='/api/v1/status']
2026-05-22 21:20:21 [restartedMain] WARN  org.springframework.security.config.annotation.web.builders.WebSecurity - You are asking Spring Security to ignore Ant [pattern='/ninimum/api/v1/status']. This is not recommended -- please use permitAll via HttpSecurity#authorizeHttpRequests instead.
2026-05-22 21:20:21 [restartedMain] INFO  org.springframework.security.web.DefaultSecurityFilterChain - Will not secure Ant [pattern='/ninimum/api/v1/status']
2026-05-22 21:20:21 [restartedMain] WARN  org.springframework.security.config.annotation.web.builders.WebSecurity - You are asking Spring Security to ignore Ant [pattern='/ninimum/api/v1/user/checkUser/**']. This is not recommended -- please use permitAll via HttpSecurity#authorizeHttpRequests instead.
2026-05-22 21:20:21 [restartedMain] INFO  org.springframework.security.web.DefaultSecurityFilterChain - Will not secure Ant [pattern='/ninimum/api/v1/user/checkUser/**']
2026-05-22 21:20:21 [restartedMain] WARN  org.springframework.security.config.annotation.web.builders.WebSecurity - You are asking Spring Security to ignore Ant [pattern='/ninimum/api/v1/user/register']. This is not recommended -- please use permitAll via HttpSecurity#authorizeHttpRequests instead.
2026-05-22 21:20:22 [restartedMain] INFO  org.springframework.security.web.DefaultSecurityFilterChain - Will not secure Ant [pattern='/ninimum/api/v1/user/register']
2026-05-22 21:20:22 [restartedMain] WARN  org.springframework.security.config.annotation.web.builders.WebSecurity - You are asking Spring Security to ignore Ant [pattern='/error']. This is not recommended -- please use permitAll via HttpSecurity#authorizeHttpRequests instead.
2026-05-22 21:20:22 [restartedMain] INFO  org.springframework.security.web.DefaultSecurityFilterChain - Will not secure Ant [pattern='/error']
2026-05-22 21:20:22 [restartedMain] INFO  com.zaxxer.hikari.HikariDataSource - HikariPool-1 - Starting...
2026-05-22 21:20:24 [restartedMain] INFO  com.zaxxer.hikari.HikariDataSource - HikariPool-1 - Start completed.
2026-05-22 21:20:25 [restartedMain] INFO  org.springframework.boot.devtools.autoconfigure.OptionalLiveReloadServer - LiveReload server is running on port 35729
2026-05-22 21:20:25 [restartedMain] INFO  org.springframework.boot.web.embedded.tomcat.TomcatWebServer - Tomcat started on port(s): 8083 (http) with context path ''
2026-05-22 21:20:25 [restartedMain] INFO  com.ulisesbocchio.jasyptspringboot.caching.RefreshScopeRefreshedEventListener - Refreshing cached encryptable property sources on ServletWebServerInitializedEvent
2026-05-22 21:20:25 [restartedMain] INFO  com.ulisesbocchio.jasyptspringboot.caching.CachingDelegateEncryptablePropertySource - Property Source systemProperties refreshed
2026-05-22 21:20:25 [restartedMain] INFO  com.ulisesbocchio.jasyptspringboot.caching.CachingDelegateEncryptablePropertySource - Property Source systemEnvironment refreshed
2026-05-22 21:20:25 [restartedMain] INFO  com.ulisesbocchio.jasyptspringboot.caching.CachingDelegateEncryptablePropertySource - Property Source random refreshed
2026-05-22 21:20:25 [restartedMain] INFO  com.ulisesbocchio.jasyptspringboot.caching.CachingDelegateEncryptablePropertySource - Property Source Config resource 'class path resource [application.yaml]' via location 'optional:classpath:/' refreshed
2026-05-22 21:20:25 [restartedMain] INFO  com.ulisesbocchio.jasyptspringboot.caching.CachingDelegateEncryptablePropertySource - Property Source devtools refreshed
2026-05-22 21:20:25 [restartedMain] INFO  com.ulisesbocchio.jasyptspringboot.EncryptablePropertySourceConverter - Converting PropertySource server.ports [org.springframework.core.env.MapPropertySource] to EncryptableMapPropertySourceWrapper
2026-05-22 21:20:25 [restartedMain] INFO  com.ulisesbocchio.jasyptspringboot.EncryptablePropertySourceConverter - Skipping PropertySource configurationProperties [class org.springframework.boot.context.properties.source.ConfigurationPropertySourcesPropertySource
2026-05-22 21:20:25 [restartedMain] INFO  com.ulisesbocchio.jasyptspringboot.EncryptablePropertySourceConverter - Skipping PropertySource servletConfigInitParams [class org.springframework.core.env.PropertySource$StubPropertySource
2026-05-22 21:20:25 [restartedMain] INFO  com.ulisesbocchio.jasyptspringboot.EncryptablePropertySourceConverter - Converting PropertySource servletContextInitParams [org.springframework.web.context.support.ServletContextPropertySource] to EncryptableEnumerablePropertySourceWrapper
2026-05-22 21:20:25 [restartedMain] INFO  com.ulisesbocchio.jasyptspringboot.EncryptablePropertySourceConverter - Converting PropertySource Management Server [org.springframework.boot.actuate.autoconfigure.web.server.ManagementContextAutoConfiguration$SameManagementContextConfiguration$1] to EncryptablePropertySourceWrapper
2026-05-22 21:20:25 [restartedMain] INFO  com.ninimum.api.NinimumApplication - Started NinimumApplication in 9.99 seconds (JVM running for 11.77)
2026-05-22 22:06:36 [HikariPool-1 housekeeper] WARN  com.zaxxer.hikari.pool.HikariPool - HikariPool-1 - Thread starvation or clock leap detected (housekeeper delta=26m41s344ms).
2026-05-22 22:17:22 [http-nio-0.0.0.0-8083-exec-1] INFO  org.springframework.web.servlet.DispatcherServlet - Initializing Servlet 'dispatcherServlet'
2026-05-22 22:17:22 [http-nio-0.0.0.0-8083-exec-1] INFO  org.springframework.web.servlet.DispatcherServlet - Completed initialization in 33 ms
2026-05-22 22:17:23 [http-nio-0.0.0.0-8083-exec-1] ERROR com.ninimum.api.user.controller.UserController - UserController => register: 
org.springframework.dao.DataIntegrityViolationException: 
### Error updating database.  Cause: java.sql.SQLIntegrityConstraintViolationException: (conn=167236) Column 'region_id' cannot be null
### The error may exist in file [/Users/akmalbukhariev/Projects/NinimumBackend/NinimumBackend/target/classes/mapper/User/UserMapper.xml]
### The error may involve defaultParameterMap
### The error occurred while setting parameters
### SQL: INSERT INTO users             (                 region_id,                 first_name,                 last_name,                 phone_number,                 password             )             VALUES             (                 ?,                 ?,                 ?,                 ?,                 ?             )
### Cause: java.sql.SQLIntegrityConstraintViolationException: (conn=167236) Column 'region_id' cannot be null
; (conn=167236) Column 'region_id' cannot be null; nested exception is java.sql.SQLIntegrityConstraintViolationException: (conn=167236) Column 'region_id' cannot be null
	at org.springframework.jdbc.support.SQLExceptionSubclassTranslator.doTranslate(SQLExceptionSubclassTranslator.java:87) ~[spring-jdbc-5.3.21.jar:5.3.21]
	at org.springframework.jdbc.support.AbstractFallbackSQLExceptionTranslator.translate(AbstractFallbackSQLExceptionTranslator.java:70) ~[spring-jdbc-5.3.21.jar:5.3.21]
	at org.springframework.jdbc.support.AbstractFallbackSQLExceptionTranslator.translate(AbstractFallbackSQLExceptionTranslator.java:79) ~[spring-jdbc-5.3.21.jar:5.3.21]
	at org.mybatis.spring.MyBatisExceptionTranslator.translateExceptionIfPossible(MyBatisExceptionTranslator.java:91) ~[mybatis-spring-2.0.7.jar:2.0.7]
	at org.mybatis.spring.SqlSessionTemplate$SqlSessionInterceptor.invoke(SqlSessionTemplate.java:441) ~[mybatis-spring-2.0.7.jar:2.0.7]
	at jdk.proxy2.$Proxy115.insert(Unknown Source) ~[?:?]
	at org.mybatis.spring.SqlSessionTemplate.insert(SqlSessionTemplate.java:272) ~[mybatis-spring-2.0.7.jar:2.0.7]
	at org.apache.ibatis.binding.MapperMethod.execute(MapperMethod.java:62) ~[mybatis-3.5.9.jar:3.5.9]
	at org.apache.ibatis.binding.MapperProxy$PlainMethodInvoker.invoke(MapperProxy.java:145) ~[mybatis-3.5.9.jar:3.5.9]
	at org.apache.ibatis.binding.MapperProxy.invoke(MapperProxy.java:86) ~[mybatis-3.5.9.jar:3.5.9]
	at jdk.proxy3.$Proxy122.insertUser(Unknown Source) ~[?:?]
	at com.ninimum.api.user.service.impl.UserService.register(UserService.java:38) ~[classes/:?]
	at com.ninimum.api.user.controller.UserController.register(UserController.java:64) ~[classes/:?]
	at jdk.internal.reflect.NativeMethodAccessorImpl.invoke0(Native Method) ~[?:?]
	at jdk.internal.reflect.NativeMethodAccessorImpl.invoke(NativeMethodAccessorImpl.java:77) ~[?:?]
	at jdk.internal.reflect.DelegatingMethodAccessorImpl.invoke(DelegatingMethodAccessorImpl.java:43) ~[?:?]
	at java.lang.reflect.Method.invoke(Method.java:569) ~[?:?]
	at org.springframework.web.method.support.InvocableHandlerMethod.doInvoke(InvocableHandlerMethod.java:205) ~[spring-web-5.3.21.jar:5.3.21]
	at org.springframework.web.method.support.InvocableHandlerMethod.invokeForRequest(InvocableHandlerMethod.java:150) ~[spring-web-5.3.21.jar:5.3.21]
	at org.springframework.web.servlet.mvc.method.annotation.ServletInvocableHandlerMethod.invokeAndHandle(ServletInvocableHandlerMethod.java:117) ~[spring-webmvc-5.3.21.jar:5.3.21]
	at org.springframework.web.servlet.mvc.method.annotation.RequestMappingHandlerAdapter.invokeHandlerMethod(RequestMappingHandlerAdapter.java:895) ~[spring-webmvc-5.3.21.jar:5.3.21]
	at org.springframework.web.servlet.mvc.method.annotation.RequestMappingHandlerAdapter.handleInternal(RequestMappingHandlerAdapter.java:808) ~[spring-webmvc-5.3.21.jar:5.3.21]
	at org.springframework.web.servlet.mvc.method.AbstractHandlerMethodAdapter.handle(AbstractHandlerMethodAdapter.java:87) ~[spring-webmvc-5.3.21.jar:5.3.21]
	at org.springframework.web.servlet.DispatcherServlet.doDispatch(DispatcherServlet.java:1067) ~[spring-webmvc-5.3.21.jar:5.3.21]
	at org.springframework.web.servlet.DispatcherServlet.doService(DispatcherServlet.java:963) ~[spring-webmvc-5.3.21.jar:5.3.21]
	at org.springframework.web.servlet.FrameworkServlet.processRequest(FrameworkServlet.java:1006) ~[spring-webmvc-5.3.21.jar:5.3.21]
	at org.springframework.web.servlet.FrameworkServlet.doPost(FrameworkServlet.java:909) ~[spring-webmvc-5.3.21.jar:5.3.21]
	at javax.servlet.http.HttpServlet.service(HttpServlet.java:681) ~[tomcat-embed-core-9.0.64.jar:4.0.FR]
	at org.springframework.web.servlet.FrameworkServlet.service(FrameworkServlet.java:883) ~[spring-webmvc-5.3.21.jar:5.3.21]
	at javax.servlet.http.HttpServlet.service(HttpServlet.java:764) ~[tomcat-embed-core-9.0.64.jar:4.0.FR]
	at org.apache.catalina.core.ApplicationFilterChain.internalDoFilter(ApplicationFilterChain.java:227) ~[tomcat-embed-core-9.0.64.jar:9.0.64]
	at org.apache.catalina.core.ApplicationFilterChain.doFilter(ApplicationFilterChain.java:162) ~[tomcat-embed-core-9.0.64.jar:9.0.64]
	at org.apache.tomcat.websocket.server.WsFilter.doFilter(WsFilter.java:53) ~[tomcat-embed-websocket-9.0.64.jar:9.0.64]
	at org.apache.catalina.core.ApplicationFilterChain.internalDoFilter(ApplicationFilterChain.java:189) ~[tomcat-embed-core-9.0.64.jar:9.0.64]
	at org.apache.catalina.core.ApplicationFilterChain.doFilter(ApplicationFilterChain.java:162) ~[tomcat-embed-core-9.0.64.jar:9.0.64]
	at org.springframework.security.web.FilterChainProxy.doFilterInternal(FilterChainProxy.java:204) ~[spring-security-web-5.7.2.jar:5.7.2]
	at org.springframework.security.web.FilterChainProxy.doFilter(FilterChainProxy.java:183) ~[spring-security-web-5.7.2.jar:5.7.2]
	at org.springframework.web.filter.DelegatingFilterProxy.invokeDelegate(DelegatingFilterProxy.java:354) ~[spring-web-5.3.21.jar:5.3.21]
	at org.springframework.web.filter.DelegatingFilterProxy.doFilter(DelegatingFilterProxy.java:267) ~[spring-web-5.3.21.jar:5.3.21]
	at org.apache.catalina.core.ApplicationFilterChain.internalDoFilter(ApplicationFilterChain.java:189) ~[tomcat-embed-core-9.0.64.jar:9.0.64]
	at org.apache.catalina.core.ApplicationFilterChain.doFilter(ApplicationFilterChain.java:162) ~[tomcat-embed-core-9.0.64.jar:9.0.64]
	at org.springframework.web.filter.RequestContextFilter.doFilterInternal(RequestContextFilter.java:100) ~[spring-web-5.3.21.jar:5.3.21]
	at org.springframework.web.filter.OncePerRequestFilter.doFilter(OncePerRequestFilter.java:117) ~[spring-web-5.3.21.jar:5.3.21]
	at org.apache.catalina.core.ApplicationFilterChain.internalDoFilter(ApplicationFilterChain.java:189) ~[tomcat-embed-core-9.0.64.jar:9.0.64]
	at org.apache.catalina.core.ApplicationFilterChain.doFilter(ApplicationFilterChain.java:162) ~[tomcat-embed-core-9.0.64.jar:9.0.64]
	at org.springframework.web.filter.FormContentFilter.doFilterInternal(FormContentFilter.java:93) ~[spring-web-5.3.21.jar:5.3.21]
	at org.springframework.web.filter.OncePerRequestFilter.doFilter(OncePerRequestFilter.java:117) ~[spring-web-5.3.21.jar:5.3.21]
	at org.apache.catalina.core.ApplicationFilterChain.internalDoFilter(ApplicationFilterChain.java:189) ~[tomcat-embed-core-9.0.64.jar:9.0.64]
	at org.apache.catalina.core.ApplicationFilterChain.doFilter(ApplicationFilterChain.java:162) ~[tomcat-embed-core-9.0.64.jar:9.0.64]
	at org.springframework.boot.actuate.metrics.web.servlet.WebMvcMetricsFilter.doFilterInternal(WebMvcMetricsFilter.java:96) ~[spring-boot-actuator-2.7.1.jar:2.7.1]
	at org.springframework.web.filter.OncePerRequestFilter.doFilter(OncePerRequestFilter.java:117) ~[spring-web-5.3.21.jar:5.3.21]
	at org.apache.catalina.core.ApplicationFilterChain.internalDoFilter(ApplicationFilterChain.java:189) ~[tomcat-embed-core-9.0.64.jar:9.0.64]
	at org.apache.catalina.core.ApplicationFilterChain.doFilter(ApplicationFilterChain.java:162) ~[tomcat-embed-core-9.0.64.jar:9.0.64]
	at org.springframework.web.filter.CharacterEncodingFilter.doFilterInternal(CharacterEncodingFilter.java:201) ~[spring-web-5.3.21.jar:5.3.21]
	at org.springframework.web.filter.OncePerRequestFilter.doFilter(OncePerRequestFilter.java:117) ~[spring-web-5.3.21.jar:5.3.21]
	at org.apache.catalina.core.ApplicationFilterChain.internalDoFilter(ApplicationFilterChain.java:189) ~[tomcat-embed-core-9.0.64.jar:9.0.64]
	at org.apache.catalina.core.ApplicationFilterChain.doFilter(ApplicationFilterChain.java:162) ~[tomcat-embed-core-9.0.64.jar:9.0.64]
	at org.apache.catalina.core.StandardWrapperValve.invoke(StandardWrapperValve.java:197) ~[tomcat-embed-core-9.0.64.jar:9.0.64]
	at org.apache.catalina.core.StandardContextValve.invoke(StandardContextValve.java:97) ~[tomcat-embed-core-9.0.64.jar:9.0.64]
	at org.apache.catalina.authenticator.AuthenticatorBase.invoke(AuthenticatorBase.java:541) ~[tomcat-embed-core-9.0.64.jar:9.0.64]
	at org.apache.catalina.core.StandardHostValve.invoke(StandardHostValve.java:135) ~[tomcat-embed-core-9.0.64.jar:9.0.64]
	at org.apache.catalina.valves.ErrorReportValve.invoke(ErrorReportValve.java:92) ~[tomcat-embed-core-9.0.64.jar:9.0.64]
	at org.apache.catalina.core.StandardEngineValve.invoke(StandardEngineValve.java:78) ~[tomcat-embed-core-9.0.64.jar:9.0.64]
	at org.apache.catalina.connector.CoyoteAdapter.service(CoyoteAdapter.java:360) ~[tomcat-embed-core-9.0.64.jar:9.0.64]
	at org.apache.coyote.http11.Http11Processor.service(Http11Processor.java:399) ~[tomcat-embed-core-9.0.64.jar:9.0.64]
	at org.apache.coyote.AbstractProcessorLight.process(AbstractProcessorLight.java:65) ~[tomcat-embed-core-9.0.64.jar:9.0.64]
	at org.apache.coyote.AbstractProtocol$ConnectionHandler.process(AbstractProtocol.java:890) ~[tomcat-embed-core-9.0.64.jar:9.0.64]
	at org.apache.tomcat.util.net.NioEndpoint$SocketProcessor.doRun(NioEndpoint.java:1787) ~[tomcat-embed-core-9.0.64.jar:9.0.64]
	at org.apache.tomcat.util.net.SocketProcessorBase.run(SocketProcessorBase.java:49) ~[tomcat-embed-core-9.0.64.jar:9.0.64]
	at org.apache.tomcat.util.threads.ThreadPoolExecutor.runWorker(ThreadPoolExecutor.java:1191) ~[tomcat-embed-core-9.0.64.jar:9.0.64]
	at org.apache.tomcat.util.threads.ThreadPoolExecutor$Worker.run(ThreadPoolExecutor.java:659) ~[tomcat-embed-core-9.0.64.jar:9.0.64]
	at org.apache.tomcat.util.threads.TaskThread$WrappingRunnable.run(TaskThread.java:61) ~[tomcat-embed-core-9.0.64.jar:9.0.64]
	at java.lang.Thread.run(Thread.java:840) ~[?:?]
Caused by: java.sql.SQLIntegrityConstraintViolationException: (conn=167236) Column 'region_id' cannot be null
	at org.mariadb.jdbc.internal.util.exceptions.ExceptionFactory.createException(ExceptionFactory.java:70) ~[mariadb-java-client-2.7.3.jar:?]
	at org.mariadb.jdbc.internal.util.exceptions.ExceptionFactory.create(ExceptionFactory.java:155) ~[mariadb-java-client-2.7.3.jar:?]
	at org.mariadb.jdbc.MariaDbStatement.executeExceptionEpilogue(MariaDbStatement.java:274) ~[mariadb-java-client-2.7.3.jar:?]
	at org.mariadb.jdbc.ClientSidePreparedStatement.executeInternal(ClientSidePreparedStatement.java:229) ~[mariadb-java-client-2.7.3.jar:?]
	at org.mariadb.jdbc.ClientSidePreparedStatement.execute(ClientSidePreparedStatement.java:149) ~[mariadb-java-client-2.7.3.jar:?]
	at com.zaxxer.hikari.pool.ProxyPreparedStatement.execute(ProxyPreparedStatement.java:44) ~[HikariCP-4.0.3.jar:?]
	at com.zaxxer.hikari.pool.HikariProxyPreparedStatement.execute(HikariProxyPreparedStatement.java) ~[HikariCP-4.0.3.jar:?]
	at org.apache.ibatis.executor.statement.PreparedStatementHandler.update(PreparedStatementHandler.java:47) ~[mybatis-3.5.9.jar:3.5.9]
	at org.apache.ibatis.executor.statement.RoutingStatementHandler.update(RoutingStatementHandler.java:74) ~[mybatis-3.5.9.jar:3.5.9]
	at org.apache.ibatis.executor.SimpleExecutor.doUpdate(SimpleExecutor.java:50) ~[mybatis-3.5.9.jar:3.5.9]
	at org.apache.ibatis.executor.BaseExecutor.update(BaseExecutor.java:117) ~[mybatis-3.5.9.jar:3.5.9]
	at org.apache.ibatis.executor.CachingExecutor.update(CachingExecutor.java:76) ~[mybatis-3.5.9.jar:3.5.9]
	at org.apache.ibatis.session.defaults.DefaultSqlSession.update(DefaultSqlSession.java:194) ~[mybatis-3.5.9.jar:3.5.9]
	at org.apache.ibatis.session.defaults.DefaultSqlSession.insert(DefaultSqlSession.java:181) ~[mybatis-3.5.9.jar:3.5.9]
	at jdk.internal.reflect.NativeMethodAccessorImpl.invoke0(Native Method) ~[?:?]
	at jdk.internal.reflect.NativeMethodAccessorImpl.invoke(NativeMethodAccessorImpl.java:77) ~[?:?]
	at jdk.internal.reflect.DelegatingMethodAccessorImpl.invoke(DelegatingMethodAccessorImpl.java:43) ~[?:?]
	at java.lang.reflect.Method.invoke(Method.java:569) ~[?:?]
	at org.mybatis.spring.SqlSessionTemplate$SqlSessionInterceptor.invoke(SqlSessionTemplate.java:427) ~[mybatis-spring-2.0.7.jar:2.0.7]
	... 68 more
Caused by: org.mariadb.jdbc.internal.util.exceptions.MariaDbSqlException: Column 'region_id' cannot be null
	at org.mariadb.jdbc.internal.util.exceptions.MariaDbSqlException.of(MariaDbSqlException.java:34) ~[mariadb-java-client-2.7.3.jar:?]
	at org.mariadb.jdbc.internal.protocol.AbstractQueryProtocol.exceptionWithQuery(AbstractQueryProtocol.java:194) ~[mariadb-java-client-2.7.3.jar:?]
	at org.mariadb.jdbc.internal.protocol.AbstractQueryProtocol.exceptionWithQuery(AbstractQueryProtocol.java:177) ~[mariadb-java-client-2.7.3.jar:?]
	at org.mariadb.jdbc.internal.protocol.AbstractQueryProtocol.executeQuery(AbstractQueryProtocol.java:362) ~[mariadb-java-client-2.7.3.jar:?]
	at org.mariadb.jdbc.ClientSidePreparedStatement.executeInternal(ClientSidePreparedStatement.java:217) ~[mariadb-java-client-2.7.3.jar:?]
	at org.mariadb.jdbc.ClientSidePreparedStatement.execute(ClientSidePreparedStatement.java:149) ~[mariadb-java-client-2.7.3.jar:?]
	at com.zaxxer.hikari.pool.ProxyPreparedStatement.execute(ProxyPreparedStatement.java:44) ~[HikariCP-4.0.3.jar:?]
	at com.zaxxer.hikari.pool.HikariProxyPreparedStatement.execute(HikariProxyPreparedStatement.java) ~[HikariCP-4.0.3.jar:?]
	at org.apache.ibatis.executor.statement.PreparedStatementHandler.update(PreparedStatementHandler.java:47) ~[mybatis-3.5.9.jar:3.5.9]
	at org.apache.ibatis.executor.statement.RoutingStatementHandler.update(RoutingStatementHandler.java:74) ~[mybatis-3.5.9.jar:3.5.9]
	at org.apache.ibatis.executor.SimpleExecutor.doUpdate(SimpleExecutor.java:50) ~[mybatis-3.5.9.jar:3.5.9]
	at org.apache.ibatis.executor.BaseExecutor.update(BaseExecutor.java:117) ~[mybatis-3.5.9.jar:3.5.9]
	at org.apache.ibatis.executor.CachingExecutor.update(CachingExecutor.java:76) ~[mybatis-3.5.9.jar:3.5.9]
	at org.apache.ibatis.session.defaults.DefaultSqlSession.update(DefaultSqlSession.java:194) ~[mybatis-3.5.9.jar:3.5.9]
	at org.apache.ibatis.session.defaults.DefaultSqlSession.insert(DefaultSqlSession.java:181) ~[mybatis-3.5.9.jar:3.5.9]
	at jdk.internal.reflect.NativeMethodAccessorImpl.invoke0(Native Method) ~[?:?]
	at jdk.internal.reflect.NativeMethodAccessorImpl.invoke(NativeMethodAccessorImpl.java:77) ~[?:?]
	at jdk.internal.reflect.DelegatingMethodAccessorImpl.invoke(DelegatingMethodAccessorImpl.java:43) ~[?:?]
	at java.lang.reflect.Method.invoke(Method.java:569) ~[?:?]
	at org.mybatis.spring.SqlSessionTemplate$SqlSessionInterceptor.invoke(SqlSessionTemplate.java:427) ~[mybatis-spring-2.0.7.jar:2.0.7]
	... 68 more
Caused by: java.sql.SQLException: Column 'region_id' cannot be null
	at org.mariadb.jdbc.internal.protocol.AbstractQueryProtocol.readErrorPacket(AbstractQueryProtocol.java:1694) ~[mariadb-java-client-2.7.3.jar:?]
	at org.mariadb.jdbc.internal.protocol.AbstractQueryProtocol.readPacket(AbstractQueryProtocol.java:1556) ~[mariadb-java-client-2.7.3.jar:?]
	at org.mariadb.jdbc.internal.protocol.AbstractQueryProtocol.getResult(AbstractQueryProtocol.java:1519) ~[mariadb-java-client-2.7.3.jar:?]
	at org.mariadb.jdbc.internal.protocol.AbstractQueryProtocol.executeQuery(AbstractQueryProtocol.java:359) ~[mariadb-java-client-2.7.3.jar:?]
	at org.mariadb.jdbc.ClientSidePreparedStatement.executeInternal(ClientSidePreparedStatement.java:217) ~[mariadb-java-client-2.7.3.jar:?]
	at org.mariadb.jdbc.ClientSidePreparedStatement.execute(ClientSidePreparedStatement.java:149) ~[mariadb-java-client-2.7.3.jar:?]
	at com.zaxxer.hikari.pool.ProxyPreparedStatement.execute(ProxyPreparedStatement.java:44) ~[HikariCP-4.0.3.jar:?]
	at com.zaxxer.hikari.pool.HikariProxyPreparedStatement.execute(HikariProxyPreparedStatement.java) ~[HikariCP-4.0.3.jar:?]
	at org.apache.ibatis.executor.statement.PreparedStatementHandler.update(PreparedStatementHandler.java:47) ~[mybatis-3.5.9.jar:3.5.9]
	at org.apache.ibatis.executor.statement.RoutingStatementHandler.update(RoutingStatementHandler.java:74) ~[mybatis-3.5.9.jar:3.5.9]
	at org.apache.ibatis.executor.SimpleExecutor.doUpdate(SimpleExecutor.java:50) ~[mybatis-3.5.9.jar:3.5.9]
	at org.apache.ibatis.executor.BaseExecutor.update(BaseExecutor.java:117) ~[mybatis-3.5.9.jar:3.5.9]
	at org.apache.ibatis.executor.CachingExecutor.update(CachingExecutor.java:76) ~[mybatis-3.5.9.jar:3.5.9]
	at org.apache.ibatis.session.defaults.DefaultSqlSession.update(DefaultSqlSession.java:194) ~[mybatis-3.5.9.jar:3.5.9]
	at org.apache.ibatis.session.defaults.DefaultSqlSession.insert(DefaultSqlSession.java:181) ~[mybatis-3.5.9.jar:3.5.9]
	at jdk.internal.reflect.NativeMethodAccessorImpl.invoke0(Native Method) ~[?:?]
	at jdk.internal.reflect.NativeMethodAccessorImpl.invoke(NativeMethodAccessorImpl.java:77) ~[?:?]
	at jdk.internal.reflect.DelegatingMethodAccessorImpl.invoke(DelegatingMethodAccessorImpl.java:43) ~[?:?]
	at java.lang.reflect.Method.invoke(Method.java:569) ~[?:?]
	at org.mybatis.spring.SqlSessionTemplate$SqlSessionInterceptor.invoke(SqlSessionTemplate.java:427) ~[mybatis-spring-2.0.7.jar:2.0.7]
	... 68 more
2026-05-22 22:17:32 [SpringApplicationShutdownHook] INFO  com.zaxxer.hikari.HikariDataSource - HikariPool-1 - Shutdown initiated...
2026-05-22 22:17:32 [SpringApplicationShutdownHook] INFO  com.zaxxer.hikari.HikariDataSource - HikariPool-1 - Shutdown completed.
2026-05-22 22:17:41 [restartedMain] INFO  com.ninimum.api.NinimumApplication - Starting NinimumApplication using Java 17.0.14 on Akmalui-MacBookPro.local with PID 95884 (/Users/akmalbukhariev/Projects/NinimumBackend/NinimumBackend/target/classes started by akmalbukhariev in /Users/akmalbukhariev/Projects/NinimumBackend/NinimumBackend)
2026-05-22 22:17:41 [restartedMain] INFO  com.ninimum.api.NinimumApplication - The following 1 profile is active: "default"
2026-05-22 22:17:41 [restartedMain] INFO  org.springframework.boot.devtools.env.DevToolsPropertyDefaultsPostProcessor - Devtools property defaults active! Set 'spring.devtools.add-properties' to 'false' to disable
2026-05-22 22:17:41 [restartedMain] INFO  org.springframework.boot.devtools.env.DevToolsPropertyDefaultsPostProcessor - For additional web related logging consider setting the 'logging.level.web' property to 'DEBUG'
2026-05-22 22:17:44 [restartedMain] INFO  org.springframework.data.repository.config.RepositoryConfigurationDelegate - Bootstrapping Spring Data JDBC repositories in DEFAULT mode.
2026-05-22 22:17:44 [restartedMain] INFO  org.springframework.data.repository.config.RepositoryConfigurationDelegate - Finished Spring Data repository scanning in 88 ms. Found 0 JDBC repository interfaces.
2026-05-22 22:17:45 [restartedMain] INFO  com.ulisesbocchio.jasyptspringboot.configuration.EnableEncryptablePropertiesBeanFactoryPostProcessor - Post-processing PropertySource instances
2026-05-22 22:17:45 [restartedMain] INFO  com.ulisesbocchio.jasyptspringboot.EncryptablePropertySourceConverter - Skipping PropertySource configurationProperties [class org.springframework.boot.context.properties.source.ConfigurationPropertySourcesPropertySource
2026-05-22 22:17:45 [restartedMain] INFO  com.ulisesbocchio.jasyptspringboot.EncryptablePropertySourceConverter - Skipping PropertySource servletConfigInitParams [class org.springframework.core.env.PropertySource$StubPropertySource
2026-05-22 22:17:45 [restartedMain] INFO  com.ulisesbocchio.jasyptspringboot.EncryptablePropertySourceConverter - Skipping PropertySource servletContextInitParams [class org.springframework.core.env.PropertySource$StubPropertySource
2026-05-22 22:17:45 [restartedMain] INFO  com.ulisesbocchio.jasyptspringboot.EncryptablePropertySourceConverter - Converting PropertySource systemProperties [org.springframework.core.env.PropertiesPropertySource] to EncryptableMapPropertySourceWrapper
2026-05-22 22:17:45 [restartedMain] INFO  com.ulisesbocchio.jasyptspringboot.EncryptablePropertySourceConverter - Converting PropertySource systemEnvironment [org.springframework.boot.env.SystemEnvironmentPropertySourceEnvironmentPostProcessor$OriginAwareSystemEnvironmentPropertySource] to EncryptableSystemEnvironmentPropertySourceWrapper
2026-05-22 22:17:45 [restartedMain] INFO  com.ulisesbocchio.jasyptspringboot.EncryptablePropertySourceConverter - Converting PropertySource random [org.springframework.boot.env.RandomValuePropertySource] to EncryptablePropertySourceWrapper
2026-05-22 22:17:45 [restartedMain] INFO  com.ulisesbocchio.jasyptspringboot.EncryptablePropertySourceConverter - Converting PropertySource Config resource 'class path resource [application.yaml]' via location 'optional:classpath:/' [org.springframework.boot.env.OriginTrackedMapPropertySource] to EncryptableMapPropertySourceWrapper
2026-05-22 22:17:45 [restartedMain] INFO  com.ulisesbocchio.jasyptspringboot.EncryptablePropertySourceConverter - Converting PropertySource devtools [org.springframework.core.env.MapPropertySource] to EncryptableMapPropertySourceWrapper
2026-05-22 22:17:46 [restartedMain] INFO  com.ulisesbocchio.jasyptspringboot.filter.DefaultLazyPropertyFilter - Property Filter custom Bean not found with name 'encryptablePropertyFilter'. Initializing Default Property Filter
2026-05-22 22:17:46 [restartedMain] INFO  com.ulisesbocchio.jasyptspringboot.resolver.DefaultLazyPropertyResolver - Property Resolver custom Bean not found with name 'encryptablePropertyResolver'. Initializing Default Property Resolver
2026-05-22 22:17:46 [restartedMain] INFO  com.ulisesbocchio.jasyptspringboot.detector.DefaultLazyPropertyDetector - Property Detector custom Bean not found with name 'encryptablePropertyDetector'. Initializing Default Property Detector
2026-05-22 22:17:48 [restartedMain] INFO  org.springframework.boot.web.embedded.tomcat.TomcatWebServer - Tomcat initialized with port(s): 8083 (http)
2026-05-22 22:17:48 [restartedMain] INFO  org.springframework.boot.web.servlet.context.ServletWebServerApplicationContext - Root WebApplicationContext: initialization completed in 7458 ms
2026-05-22 22:17:54 [restartedMain] INFO  org.springframework.boot.actuate.endpoint.web.EndpointLinksResolver - Exposing 2 endpoint(s) beneath base path '/actuator'
2026-05-22 22:17:54 [restartedMain] INFO  org.springframework.security.web.DefaultSecurityFilterChain - Will secure any request with [org.springframework.security.web.session.DisableEncodeUrlFilter@7a6363f1, org.springframework.security.web.context.request.async.WebAsyncManagerIntegrationFilter@1027e8e, org.springframework.security.web.context.SecurityContextPersistenceFilter@59ab8188, org.springframework.security.web.header.HeaderWriterFilter@14a0652, org.springframework.web.filter.CorsFilter@ca13b6f, org.springframework.security.web.authentication.logout.LogoutFilter@7c04d63e, org.springframework.security.web.savedrequest.RequestCacheAwareFilter@156fb75, org.springframework.security.web.servletapi.SecurityContextHolderAwareRequestFilter@6a8dcc76, org.springframework.security.web.authentication.AnonymousAuthenticationFilter@16788dab, org.springframework.security.web.session.SessionManagementFilter@467e63b6, org.springframework.security.web.access.ExceptionTranslationFilter@379a833a, org.springframework.security.web.access.intercept.AuthorizationFilter@211b402b]
2026-05-22 22:17:54 [restartedMain] WARN  org.springframework.security.config.annotation.web.builders.WebSecurity - You are asking Spring Security to ignore Ant [pattern='/**/webjars/**']. This is not recommended -- please use permitAll via HttpSecurity#authorizeHttpRequests instead.
2026-05-22 22:17:54 [restartedMain] INFO  org.springframework.security.web.DefaultSecurityFilterChain - Will not secure Ant [pattern='/**/webjars/**']
2026-05-22 22:17:54 [restartedMain] WARN  org.springframework.security.config.annotation.web.builders.WebSecurity - You are asking Spring Security to ignore Ant [pattern='/v2/api-docs']. This is not recommended -- please use permitAll via HttpSecurity#authorizeHttpRequests instead.
2026-05-22 22:17:54 [restartedMain] INFO  org.springframework.security.web.DefaultSecurityFilterChain - Will not secure Ant [pattern='/v2/api-docs']
2026-05-22 22:17:54 [restartedMain] WARN  org.springframework.security.config.annotation.web.builders.WebSecurity - You are asking Spring Security to ignore Ant [pattern='/swagger-resources']. This is not recommended -- please use permitAll via HttpSecurity#authorizeHttpRequests instead.
2026-05-22 22:17:54 [restartedMain] INFO  org.springframework.security.web.DefaultSecurityFilterChain - Will not secure Ant [pattern='/swagger-resources']
2026-05-22 22:17:54 [restartedMain] WARN  org.springframework.security.config.annotation.web.builders.WebSecurity - You are asking Spring Security to ignore Ant [pattern='/swagger-resources/**']. This is not recommended -- please use permitAll via HttpSecurity#authorizeHttpRequests instead.
2026-05-22 22:17:54 [restartedMain] INFO  org.springframework.security.web.DefaultSecurityFilterChain - Will not secure Ant [pattern='/swagger-resources/**']
2026-05-22 22:17:54 [restartedMain] WARN  org.springframework.security.config.annotation.web.builders.WebSecurity - You are asking Spring Security to ignore Ant [pattern='/configuration/ui']. This is not recommended -- please use permitAll via HttpSecurity#authorizeHttpRequests instead.
2026-05-22 22:17:54 [restartedMain] INFO  org.springframework.security.web.DefaultSecurityFilterChain - Will not secure Ant [pattern='/configuration/ui']
2026-05-22 22:17:54 [restartedMain] WARN  org.springframework.security.config.annotation.web.builders.WebSecurity - You are asking Spring Security to ignore Ant [pattern='/configuration/security']. This is not recommended -- please use permitAll via HttpSecurity#authorizeHttpRequests instead.
2026-05-22 22:17:54 [restartedMain] INFO  org.springframework.security.web.DefaultSecurityFilterChain - Will not secure Ant [pattern='/configuration/security']
2026-05-22 22:17:54 [restartedMain] WARN  org.springframework.security.config.annotation.web.builders.WebSecurity - You are asking Spring Security to ignore Ant [pattern='/swagger-ui/**']. This is not recommended -- please use permitAll via HttpSecurity#authorizeHttpRequests instead.
2026-05-22 22:17:54 [restartedMain] INFO  org.springframework.security.web.DefaultSecurityFilterChain - Will not secure Ant [pattern='/swagger-ui/**']
2026-05-22 22:17:54 [restartedMain] WARN  org.springframework.security.config.annotation.web.builders.WebSecurity - You are asking Spring Security to ignore Ant [pattern='/webjars/**']. This is not recommended -- please use permitAll via HttpSecurity#authorizeHttpRequests instead.
2026-05-22 22:17:54 [restartedMain] INFO  org.springframework.security.web.DefaultSecurityFilterChain - Will not secure Ant [pattern='/webjars/**']
2026-05-22 22:17:54 [restartedMain] WARN  org.springframework.security.config.annotation.web.builders.WebSecurity - You are asking Spring Security to ignore Ant [pattern='/v3/api-docs/**']. This is not recommended -- please use permitAll via HttpSecurity#authorizeHttpRequests instead.
2026-05-22 22:17:54 [restartedMain] INFO  org.springframework.security.web.DefaultSecurityFilterChain - Will not secure Ant [pattern='/v3/api-docs/**']
2026-05-22 22:17:54 [restartedMain] WARN  org.springframework.security.config.annotation.web.builders.WebSecurity - You are asking Spring Security to ignore Ant [pattern='/actuator/health/**']. This is not recommended -- please use permitAll via HttpSecurity#authorizeHttpRequests instead.
2026-05-22 22:17:54 [restartedMain] INFO  org.springframework.security.web.DefaultSecurityFilterChain - Will not secure Ant [pattern='/actuator/health/**']
2026-05-22 22:17:54 [restartedMain] WARN  org.springframework.security.config.annotation.web.builders.WebSecurity - You are asking Spring Security to ignore Ant [pattern='/actuator/info']. This is not recommended -- please use permitAll via HttpSecurity#authorizeHttpRequests instead.
2026-05-22 22:17:54 [restartedMain] INFO  org.springframework.security.web.DefaultSecurityFilterChain - Will not secure Ant [pattern='/actuator/info']
2026-05-22 22:17:54 [restartedMain] WARN  org.springframework.security.config.annotation.web.builders.WebSecurity - You are asking Spring Security to ignore Ant [pattern='/ninimum/actuator/**']. This is not recommended -- please use permitAll via HttpSecurity#authorizeHttpRequests instead.
2026-05-22 22:17:54 [restartedMain] INFO  org.springframework.security.web.DefaultSecurityFilterChain - Will not secure Ant [pattern='/ninimum/actuator/**']
2026-05-22 22:17:54 [restartedMain] WARN  org.springframework.security.config.annotation.web.builders.WebSecurity - You are asking Spring Security to ignore Ant [pattern='/api/v1/status']. This is not recommended -- please use permitAll via HttpSecurity#authorizeHttpRequests instead.
2026-05-22 22:17:54 [restartedMain] INFO  org.springframework.security.web.DefaultSecurityFilterChain - Will not secure Ant [pattern='/api/v1/status']
2026-05-22 22:17:54 [restartedMain] WARN  org.springframework.security.config.annotation.web.builders.WebSecurity - You are asking Spring Security to ignore Ant [pattern='/ninimum/api/v1/status']. This is not recommended -- please use permitAll via HttpSecurity#authorizeHttpRequests instead.
2026-05-22 22:17:54 [restartedMain] INFO  org.springframework.security.web.DefaultSecurityFilterChain - Will not secure Ant [pattern='/ninimum/api/v1/status']
2026-05-22 22:17:54 [restartedMain] WARN  org.springframework.security.config.annotation.web.builders.WebSecurity - You are asking Spring Security to ignore Ant [pattern='/ninimum/api/v1/user/checkUser/**']. This is not recommended -- please use permitAll via HttpSecurity#authorizeHttpRequests instead.
2026-05-22 22:17:54 [restartedMain] INFO  org.springframework.security.web.DefaultSecurityFilterChain - Will not secure Ant [pattern='/ninimum/api/v1/user/checkUser/**']
2026-05-22 22:17:54 [restartedMain] WARN  org.springframework.security.config.annotation.web.builders.WebSecurity - You are asking Spring Security to ignore Ant [pattern='/ninimum/api/v1/user/register']. This is not recommended -- please use permitAll via HttpSecurity#authorizeHttpRequests instead.
2026-05-22 22:17:54 [restartedMain] INFO  org.springframework.security.web.DefaultSecurityFilterChain - Will not secure Ant [pattern='/ninimum/api/v1/user/register']
2026-05-22 22:17:54 [restartedMain] WARN  org.springframework.security.config.annotation.web.builders.WebSecurity - You are asking Spring Security to ignore Ant [pattern='/error']. This is not recommended -- please use permitAll via HttpSecurity#authorizeHttpRequests instead.
2026-05-22 22:17:54 [restartedMain] INFO  org.springframework.security.web.DefaultSecurityFilterChain - Will not secure Ant [pattern='/error']
2026-05-22 22:17:55 [restartedMain] INFO  com.zaxxer.hikari.HikariDataSource - HikariPool-1 - Starting...
2026-05-22 22:17:56 [restartedMain] INFO  com.zaxxer.hikari.HikariDataSource - HikariPool-1 - Start completed.
2026-05-22 22:17:57 [restartedMain] INFO  org.springframework.boot.devtools.autoconfigure.OptionalLiveReloadServer - LiveReload server is running on port 35729
2026-05-22 22:17:57 [restartedMain] INFO  org.springframework.boot.web.embedded.tomcat.TomcatWebServer - Tomcat started on port(s): 8083 (http) with context path ''
2026-05-22 22:17:57 [restartedMain] INFO  com.ulisesbocchio.jasyptspringboot.caching.RefreshScopeRefreshedEventListener - Refreshing cached encryptable property sources on ServletWebServerInitializedEvent
2026-05-22 22:17:57 [restartedMain] INFO  com.ulisesbocchio.jasyptspringboot.caching.CachingDelegateEncryptablePropertySource - Property Source systemProperties refreshed
2026-05-22 22:17:57 [restartedMain] INFO  com.ulisesbocchio.jasyptspringboot.caching.CachingDelegateEncryptablePropertySource - Property Source systemEnvironment refreshed
2026-05-22 22:17:57 [restartedMain] INFO  com.ulisesbocchio.jasyptspringboot.caching.CachingDelegateEncryptablePropertySource - Property Source random refreshed
2026-05-22 22:17:57 [restartedMain] INFO  com.ulisesbocchio.jasyptspringboot.caching.CachingDelegateEncryptablePropertySource - Property Source Config resource 'class path resource [application.yaml]' via location 'optional:classpath:/' refreshed
2026-05-22 22:17:57 [restartedMain] INFO  com.ulisesbocchio.jasyptspringboot.caching.CachingDelegateEncryptablePropertySource - Property Source devtools refreshed
2026-05-22 22:17:57 [restartedMain] INFO  com.ulisesbocchio.jasyptspringboot.EncryptablePropertySourceConverter - Converting PropertySource server.ports [org.springframework.core.env.MapPropertySource] to EncryptableMapPropertySourceWrapper
2026-05-22 22:17:57 [restartedMain] INFO  com.ulisesbocchio.jasyptspringboot.EncryptablePropertySourceConverter - Skipping PropertySource configurationProperties [class org.springframework.boot.context.properties.source.ConfigurationPropertySourcesPropertySource
2026-05-22 22:17:57 [restartedMain] INFO  com.ulisesbocchio.jasyptspringboot.EncryptablePropertySourceConverter - Skipping PropertySource servletConfigInitParams [class org.springframework.core.env.PropertySource$StubPropertySource
2026-05-22 22:17:57 [restartedMain] INFO  com.ulisesbocchio.jasyptspringboot.EncryptablePropertySourceConverter - Converting PropertySource servletContextInitParams [org.springframework.web.context.support.ServletContextPropertySource] to EncryptableEnumerablePropertySourceWrapper
2026-05-22 22:17:57 [restartedMain] INFO  com.ulisesbocchio.jasyptspringboot.EncryptablePropertySourceConverter - Converting PropertySource Management Server [org.springframework.boot.actuate.autoconfigure.web.server.ManagementContextAutoConfiguration$SameManagementContextConfiguration$1] to EncryptablePropertySourceWrapper
2026-05-22 22:17:57 [restartedMain] INFO  com.ninimum.api.NinimumApplication - Started NinimumApplication in 17.421 seconds (JVM running for 21.264)
2026-05-22 22:18:25 [http-nio-0.0.0.0-8083-exec-1] INFO  org.springframework.web.servlet.DispatcherServlet - Initializing Servlet 'dispatcherServlet'
2026-05-22 22:18:25 [http-nio-0.0.0.0-8083-exec-1] INFO  org.springframework.web.servlet.DispatcherServlet - Completed initialization in 9 ms
2026-05-22 22:18:26 [http-nio-0.0.0.0-8083-exec-1] ERROR com.ninimum.api.user.controller.UserController - UserController => register: 
org.springframework.dao.DataIntegrityViolationException: 
### Error updating database.  Cause: java.sql.SQLIntegrityConstraintViolationException: (conn=167238) Column 'region_id' cannot be null
### The error may exist in file [/Users/akmalbukhariev/Projects/NinimumBackend/NinimumBackend/target/classes/mapper/User/UserMapper.xml]
### The error may involve defaultParameterMap
### The error occurred while setting parameters
### SQL: INSERT INTO users             (                 region_id,                 first_name,                 last_name,                 phone_number,                 password             )             VALUES             (                 ?,                 ?,                 ?,                 ?,                 ?             )
### Cause: java.sql.SQLIntegrityConstraintViolationException: (conn=167238) Column 'region_id' cannot be null
; (conn=167238) Column 'region_id' cannot be null; nested exception is java.sql.SQLIntegrityConstraintViolationException: (conn=167238) Column 'region_id' cannot be null
	at org.springframework.jdbc.support.SQLExceptionSubclassTranslator.doTranslate(SQLExceptionSubclassTranslator.java:87) ~[spring-jdbc-5.3.21.jar:5.3.21]
	at org.springframework.jdbc.support.AbstractFallbackSQLExceptionTranslator.translate(AbstractFallbackSQLExceptionTranslator.java:70) ~[spring-jdbc-5.3.21.jar:5.3.21]
	at org.springframework.jdbc.support.AbstractFallbackSQLExceptionTranslator.translate(AbstractFallbackSQLExceptionTranslator.java:79) ~[spring-jdbc-5.3.21.jar:5.3.21]
	at org.mybatis.spring.MyBatisExceptionTranslator.translateExceptionIfPossible(MyBatisExceptionTranslator.java:91) ~[mybatis-spring-2.0.7.jar:2.0.7]
	at org.mybatis.spring.SqlSessionTemplate$SqlSessionInterceptor.invoke(SqlSessionTemplate.java:441) ~[mybatis-spring-2.0.7.jar:2.0.7]
	at jdk.proxy2.$Proxy115.insert(Unknown Source) ~[?:?]
	at org.mybatis.spring.SqlSessionTemplate.insert(SqlSessionTemplate.java:272) ~[mybatis-spring-2.0.7.jar:2.0.7]
	at org.apache.ibatis.binding.MapperMethod.execute(MapperMethod.java:62) ~[mybatis-3.5.9.jar:3.5.9]
	at org.apache.ibatis.binding.MapperProxy$PlainMethodInvoker.invoke(MapperProxy.java:145) ~[mybatis-3.5.9.jar:3.5.9]
	at org.apache.ibatis.binding.MapperProxy.invoke(MapperProxy.java:86) ~[mybatis-3.5.9.jar:3.5.9]
	at jdk.proxy3.$Proxy122.insertUser(Unknown Source) ~[?:?]
	at com.ninimum.api.user.service.impl.UserService.register(UserService.java:38) ~[classes/:?]
	at com.ninimum.api.user.controller.UserController.register(UserController.java:64) ~[classes/:?]
	at jdk.internal.reflect.NativeMethodAccessorImpl.invoke0(Native Method) ~[?:?]
	at jdk.internal.reflect.NativeMethodAccessorImpl.invoke(NativeMethodAccessorImpl.java:77) ~[?:?]
	at jdk.internal.reflect.DelegatingMethodAccessorImpl.invoke(DelegatingMethodAccessorImpl.java:43) ~[?:?]
	at java.lang.reflect.Method.invoke(Method.java:569) ~[?:?]
	at org.springframework.web.method.support.InvocableHandlerMethod.doInvoke(InvocableHandlerMethod.java:205) ~[spring-web-5.3.21.jar:5.3.21]
	at org.springframework.web.method.support.InvocableHandlerMethod.invokeForRequest(InvocableHandlerMethod.java:150) ~[spring-web-5.3.21.jar:5.3.21]
	at org.springframework.web.servlet.mvc.method.annotation.ServletInvocableHandlerMethod.invokeAndHandle(ServletInvocableHandlerMethod.java:117) ~[spring-webmvc-5.3.21.jar:5.3.21]
	at org.springframework.web.servlet.mvc.method.annotation.RequestMappingHandlerAdapter.invokeHandlerMethod(RequestMappingHandlerAdapter.java:895) ~[spring-webmvc-5.3.21.jar:5.3.21]
	at org.springframework.web.servlet.mvc.method.annotation.RequestMappingHandlerAdapter.handleInternal(RequestMappingHandlerAdapter.java:808) ~[spring-webmvc-5.3.21.jar:5.3.21]
	at org.springframework.web.servlet.mvc.method.AbstractHandlerMethodAdapter.handle(AbstractHandlerMethodAdapter.java:87) ~[spring-webmvc-5.3.21.jar:5.3.21]
	at org.springframework.web.servlet.DispatcherServlet.doDispatch(DispatcherServlet.java:1067) ~[spring-webmvc-5.3.21.jar:5.3.21]
	at org.springframework.web.servlet.DispatcherServlet.doService(DispatcherServlet.java:963) ~[spring-webmvc-5.3.21.jar:5.3.21]
	at org.springframework.web.servlet.FrameworkServlet.processRequest(FrameworkServlet.java:1006) ~[spring-webmvc-5.3.21.jar:5.3.21]
	at org.springframework.web.servlet.FrameworkServlet.doPost(FrameworkServlet.java:909) ~[spring-webmvc-5.3.21.jar:5.3.21]
	at javax.servlet.http.HttpServlet.service(HttpServlet.java:681) ~[tomcat-embed-core-9.0.64.jar:4.0.FR]
	at org.springframework.web.servlet.FrameworkServlet.service(FrameworkServlet.java:883) ~[spring-webmvc-5.3.21.jar:5.3.21]
	at javax.servlet.http.HttpServlet.service(HttpServlet.java:764) ~[tomcat-embed-core-9.0.64.jar:4.0.FR]
	at org.apache.catalina.core.ApplicationFilterChain.internalDoFilter(ApplicationFilterChain.java:227) ~[tomcat-embed-core-9.0.64.jar:9.0.64]
	at org.apache.catalina.core.ApplicationFilterChain.doFilter(ApplicationFilterChain.java:162) ~[tomcat-embed-core-9.0.64.jar:9.0.64]
	at org.apache.tomcat.websocket.server.WsFilter.doFilter(WsFilter.java:53) ~[tomcat-embed-websocket-9.0.64.jar:9.0.64]
	at org.apache.catalina.core.ApplicationFilterChain.internalDoFilter(ApplicationFilterChain.java:189) ~[tomcat-embed-core-9.0.64.jar:9.0.64]
	at org.apache.catalina.core.ApplicationFilterChain.doFilter(ApplicationFilterChain.java:162) ~[tomcat-embed-core-9.0.64.jar:9.0.64]
	at org.springframework.security.web.FilterChainProxy.doFilterInternal(FilterChainProxy.java:204) ~[spring-security-web-5.7.2.jar:5.7.2]
	at org.springframework.security.web.FilterChainProxy.doFilter(FilterChainProxy.java:183) ~[spring-security-web-5.7.2.jar:5.7.2]
	at org.springframework.web.filter.DelegatingFilterProxy.invokeDelegate(DelegatingFilterProxy.java:354) ~[spring-web-5.3.21.jar:5.3.21]
	at org.springframework.web.filter.DelegatingFilterProxy.doFilter(DelegatingFilterProxy.java:267) ~[spring-web-5.3.21.jar:5.3.21]
	at org.apache.catalina.core.ApplicationFilterChain.internalDoFilter(ApplicationFilterChain.java:189) ~[tomcat-embed-core-9.0.64.jar:9.0.64]
	at org.apache.catalina.core.ApplicationFilterChain.doFilter(ApplicationFilterChain.java:162) ~[tomcat-embed-core-9.0.64.jar:9.0.64]
	at org.springframework.web.filter.RequestContextFilter.doFilterInternal(RequestContextFilter.java:100) ~[spring-web-5.3.21.jar:5.3.21]
	at org.springframework.web.filter.OncePerRequestFilter.doFilter(OncePerRequestFilter.java:117) ~[spring-web-5.3.21.jar:5.3.21]
	at org.apache.catalina.core.ApplicationFilterChain.internalDoFilter(ApplicationFilterChain.java:189) ~[tomcat-embed-core-9.0.64.jar:9.0.64]
	at org.apache.catalina.core.ApplicationFilterChain.doFilter(ApplicationFilterChain.java:162) ~[tomcat-embed-core-9.0.64.jar:9.0.64]
	at org.springframework.web.filter.FormContentFilter.doFilterInternal(FormContentFilter.java:93) ~[spring-web-5.3.21.jar:5.3.21]
	at org.springframework.web.filter.OncePerRequestFilter.doFilter(OncePerRequestFilter.java:117) ~[spring-web-5.3.21.jar:5.3.21]
	at org.apache.catalina.core.ApplicationFilterChain.internalDoFilter(ApplicationFilterChain.java:189) ~[tomcat-embed-core-9.0.64.jar:9.0.64]
	at org.apache.catalina.core.ApplicationFilterChain.doFilter(ApplicationFilterChain.java:162) ~[tomcat-embed-core-9.0.64.jar:9.0.64]
	at org.springframework.boot.actuate.metrics.web.servlet.WebMvcMetricsFilter.doFilterInternal(WebMvcMetricsFilter.java:96) ~[spring-boot-actuator-2.7.1.jar:2.7.1]
	at org.springframework.web.filter.OncePerRequestFilter.doFilter(OncePerRequestFilter.java:117) ~[spring-web-5.3.21.jar:5.3.21]
	at org.apache.catalina.core.ApplicationFilterChain.internalDoFilter(ApplicationFilterChain.java:189) ~[tomcat-embed-core-9.0.64.jar:9.0.64]
	at org.apache.catalina.core.ApplicationFilterChain.doFilter(ApplicationFilterChain.java:162) ~[tomcat-embed-core-9.0.64.jar:9.0.64]
	at org.springframework.web.filter.CharacterEncodingFilter.doFilterInternal(CharacterEncodingFilter.java:201) ~[spring-web-5.3.21.jar:5.3.21]
	at org.springframework.web.filter.OncePerRequestFilter.doFilter(OncePerRequestFilter.java:117) ~[spring-web-5.3.21.jar:5.3.21]
	at org.apache.catalina.core.ApplicationFilterChain.internalDoFilter(ApplicationFilterChain.java:189) ~[tomcat-embed-core-9.0.64.jar:9.0.64]
	at org.apache.catalina.core.ApplicationFilterChain.doFilter(ApplicationFilterChain.java:162) ~[tomcat-embed-core-9.0.64.jar:9.0.64]
	at org.apache.catalina.core.StandardWrapperValve.invoke(StandardWrapperValve.java:197) ~[tomcat-embed-core-9.0.64.jar:9.0.64]
	at org.apache.catalina.core.StandardContextValve.invoke(StandardContextValve.java:97) ~[tomcat-embed-core-9.0.64.jar:9.0.64]
	at org.apache.catalina.authenticator.AuthenticatorBase.invoke(AuthenticatorBase.java:541) ~[tomcat-embed-core-9.0.64.jar:9.0.64]
	at org.apache.catalina.core.StandardHostValve.invoke(StandardHostValve.java:135) ~[tomcat-embed-core-9.0.64.jar:9.0.64]
	at org.apache.catalina.valves.ErrorReportValve.invoke(ErrorReportValve.java:92) ~[tomcat-embed-core-9.0.64.jar:9.0.64]
	at org.apache.catalina.core.StandardEngineValve.invoke(StandardEngineValve.java:78) ~[tomcat-embed-core-9.0.64.jar:9.0.64]
	at org.apache.catalina.connector.CoyoteAdapter.service(CoyoteAdapter.java:360) ~[tomcat-embed-core-9.0.64.jar:9.0.64]
	at org.apache.coyote.http11.Http11Processor.service(Http11Processor.java:399) ~[tomcat-embed-core-9.0.64.jar:9.0.64]
	at org.apache.coyote.AbstractProcessorLight.process(AbstractProcessorLight.java:65) ~[tomcat-embed-core-9.0.64.jar:9.0.64]
	at org.apache.coyote.AbstractProtocol$ConnectionHandler.process(AbstractProtocol.java:890) ~[tomcat-embed-core-9.0.64.jar:9.0.64]
	at org.apache.tomcat.util.net.NioEndpoint$SocketProcessor.doRun(NioEndpoint.java:1787) ~[tomcat-embed-core-9.0.64.jar:9.0.64]
	at org.apache.tomcat.util.net.SocketProcessorBase.run(SocketProcessorBase.java:49) ~[tomcat-embed-core-9.0.64.jar:9.0.64]
	at org.apache.tomcat.util.threads.ThreadPoolExecutor.runWorker(ThreadPoolExecutor.java:1191) ~[tomcat-embed-core-9.0.64.jar:9.0.64]
	at org.apache.tomcat.util.threads.ThreadPoolExecutor$Worker.run(ThreadPoolExecutor.java:659) ~[tomcat-embed-core-9.0.64.jar:9.0.64]
	at org.apache.tomcat.util.threads.TaskThread$WrappingRunnable.run(TaskThread.java:61) ~[tomcat-embed-core-9.0.64.jar:9.0.64]
	at java.lang.Thread.run(Thread.java:840) ~[?:?]
Caused by: java.sql.SQLIntegrityConstraintViolationException: (conn=167238) Column 'region_id' cannot be null
	at org.mariadb.jdbc.internal.util.exceptions.ExceptionFactory.createException(ExceptionFactory.java:70) ~[mariadb-java-client-2.7.3.jar:?]
	at org.mariadb.jdbc.internal.util.exceptions.ExceptionFactory.create(ExceptionFactory.java:155) ~[mariadb-java-client-2.7.3.jar:?]
	at org.mariadb.jdbc.MariaDbStatement.executeExceptionEpilogue(MariaDbStatement.java:274) ~[mariadb-java-client-2.7.3.jar:?]
	at org.mariadb.jdbc.ClientSidePreparedStatement.executeInternal(ClientSidePreparedStatement.java:229) ~[mariadb-java-client-2.7.3.jar:?]
	at org.mariadb.jdbc.ClientSidePreparedStatement.execute(ClientSidePreparedStatement.java:149) ~[mariadb-java-client-2.7.3.jar:?]
	at com.zaxxer.hikari.pool.ProxyPreparedStatement.execute(ProxyPreparedStatement.java:44) ~[HikariCP-4.0.3.jar:?]
	at com.zaxxer.hikari.pool.HikariProxyPreparedStatement.execute(HikariProxyPreparedStatement.java) ~[HikariCP-4.0.3.jar:?]
	at org.apache.ibatis.executor.statement.PreparedStatementHandler.update(PreparedStatementHandler.java:47) ~[mybatis-3.5.9.jar:3.5.9]
	at org.apache.ibatis.executor.statement.RoutingStatementHandler.update(RoutingStatementHandler.java:74) ~[mybatis-3.5.9.jar:3.5.9]
	at org.apache.ibatis.executor.SimpleExecutor.doUpdate(SimpleExecutor.java:50) ~[mybatis-3.5.9.jar:3.5.9]
	at org.apache.ibatis.executor.BaseExecutor.update(BaseExecutor.java:117) ~[mybatis-3.5.9.jar:3.5.9]
	at org.apache.ibatis.executor.CachingExecutor.update(CachingExecutor.java:76) ~[mybatis-3.5.9.jar:3.5.9]
	at org.apache.ibatis.session.defaults.DefaultSqlSession.update(DefaultSqlSession.java:194) ~[mybatis-3.5.9.jar:3.5.9]
	at org.apache.ibatis.session.defaults.DefaultSqlSession.insert(DefaultSqlSession.java:181) ~[mybatis-3.5.9.jar:3.5.9]
	at jdk.internal.reflect.NativeMethodAccessorImpl.invoke0(Native Method) ~[?:?]
	at jdk.internal.reflect.NativeMethodAccessorImpl.invoke(NativeMethodAccessorImpl.java:77) ~[?:?]
	at jdk.internal.reflect.DelegatingMethodAccessorImpl.invoke(DelegatingMethodAccessorImpl.java:43) ~[?:?]
	at java.lang.reflect.Method.invoke(Method.java:569) ~[?:?]
	at org.mybatis.spring.SqlSessionTemplate$SqlSessionInterceptor.invoke(SqlSessionTemplate.java:427) ~[mybatis-spring-2.0.7.jar:2.0.7]
	... 68 more
Caused by: org.mariadb.jdbc.internal.util.exceptions.MariaDbSqlException: Column 'region_id' cannot be null
	at org.mariadb.jdbc.internal.util.exceptions.MariaDbSqlException.of(MariaDbSqlException.java:34) ~[mariadb-java-client-2.7.3.jar:?]
	at org.mariadb.jdbc.internal.protocol.AbstractQueryProtocol.exceptionWithQuery(AbstractQueryProtocol.java:194) ~[mariadb-java-client-2.7.3.jar:?]
	at org.mariadb.jdbc.internal.protocol.AbstractQueryProtocol.exceptionWithQuery(AbstractQueryProtocol.java:177) ~[mariadb-java-client-2.7.3.jar:?]
	at org.mariadb.jdbc.internal.protocol.AbstractQueryProtocol.executeQuery(AbstractQueryProtocol.java:362) ~[mariadb-java-client-2.7.3.jar:?]
	at org.mariadb.jdbc.ClientSidePreparedStatement.executeInternal(ClientSidePreparedStatement.java:217) ~[mariadb-java-client-2.7.3.jar:?]
	at org.mariadb.jdbc.ClientSidePreparedStatement.execute(ClientSidePreparedStatement.java:149) ~[mariadb-java-client-2.7.3.jar:?]
	at com.zaxxer.hikari.pool.ProxyPreparedStatement.execute(ProxyPreparedStatement.java:44) ~[HikariCP-4.0.3.jar:?]
	at com.zaxxer.hikari.pool.HikariProxyPreparedStatement.execute(HikariProxyPreparedStatement.java) ~[HikariCP-4.0.3.jar:?]
	at org.apache.ibatis.executor.statement.PreparedStatementHandler.update(PreparedStatementHandler.java:47) ~[mybatis-3.5.9.jar:3.5.9]
	at org.apache.ibatis.executor.statement.RoutingStatementHandler.update(RoutingStatementHandler.java:74) ~[mybatis-3.5.9.jar:3.5.9]
	at org.apache.ibatis.executor.SimpleExecutor.doUpdate(SimpleExecutor.java:50) ~[mybatis-3.5.9.jar:3.5.9]
	at org.apache.ibatis.executor.BaseExecutor.update(BaseExecutor.java:117) ~[mybatis-3.5.9.jar:3.5.9]
	at org.apache.ibatis.executor.CachingExecutor.update(CachingExecutor.java:76) ~[mybatis-3.5.9.jar:3.5.9]
	at org.apache.ibatis.session.defaults.DefaultSqlSession.update(DefaultSqlSession.java:194) ~[mybatis-3.5.9.jar:3.5.9]
	at org.apache.ibatis.session.defaults.DefaultSqlSession.insert(DefaultSqlSession.java:181) ~[mybatis-3.5.9.jar:3.5.9]
	at jdk.internal.reflect.NativeMethodAccessorImpl.invoke0(Native Method) ~[?:?]
	at jdk.internal.reflect.NativeMethodAccessorImpl.invoke(NativeMethodAccessorImpl.java:77) ~[?:?]
	at jdk.internal.reflect.DelegatingMethodAccessorImpl.invoke(DelegatingMethodAccessorImpl.java:43) ~[?:?]
	at java.lang.reflect.Method.invoke(Method.java:569) ~[?:?]
	at org.mybatis.spring.SqlSessionTemplate$SqlSessionInterceptor.invoke(SqlSessionTemplate.java:427) ~[mybatis-spring-2.0.7.jar:2.0.7]
	... 68 more
Caused by: java.sql.SQLException: Column 'region_id' cannot be null
	at org.mariadb.jdbc.internal.protocol.AbstractQueryProtocol.readErrorPacket(AbstractQueryProtocol.java:1694) ~[mariadb-java-client-2.7.3.jar:?]
	at org.mariadb.jdbc.internal.protocol.AbstractQueryProtocol.readPacket(AbstractQueryProtocol.java:1556) ~[mariadb-java-client-2.7.3.jar:?]
	at org.mariadb.jdbc.internal.protocol.AbstractQueryProtocol.getResult(AbstractQueryProtocol.java:1519) ~[mariadb-java-client-2.7.3.jar:?]
	at org.mariadb.jdbc.internal.protocol.AbstractQueryProtocol.executeQuery(AbstractQueryProtocol.java:359) ~[mariadb-java-client-2.7.3.jar:?]
	at org.mariadb.jdbc.ClientSidePreparedStatement.executeInternal(ClientSidePreparedStatement.java:217) ~[mariadb-java-client-2.7.3.jar:?]
	at org.mariadb.jdbc.ClientSidePreparedStatement.execute(ClientSidePreparedStatement.java:149) ~[mariadb-java-client-2.7.3.jar:?]
	at com.zaxxer.hikari.pool.ProxyPreparedStatement.execute(ProxyPreparedStatement.java:44) ~[HikariCP-4.0.3.jar:?]
	at com.zaxxer.hikari.pool.HikariProxyPreparedStatement.execute(HikariProxyPreparedStatement.java) ~[HikariCP-4.0.3.jar:?]
	at org.apache.ibatis.executor.statement.PreparedStatementHandler.update(PreparedStatementHandler.java:47) ~[mybatis-3.5.9.jar:3.5.9]
	at org.apache.ibatis.executor.statement.RoutingStatementHandler.update(RoutingStatementHandler.java:74) ~[mybatis-3.5.9.jar:3.5.9]
	at org.apache.ibatis.executor.SimpleExecutor.doUpdate(SimpleExecutor.java:50) ~[mybatis-3.5.9.jar:3.5.9]
	at org.apache.ibatis.executor.BaseExecutor.update(BaseExecutor.java:117) ~[mybatis-3.5.9.jar:3.5.9]
	at org.apache.ibatis.executor.CachingExecutor.update(CachingExecutor.java:76) ~[mybatis-3.5.9.jar:3.5.9]
	at org.apache.ibatis.session.defaults.DefaultSqlSession.update(DefaultSqlSession.java:194) ~[mybatis-3.5.9.jar:3.5.9]
	at org.apache.ibatis.session.defaults.DefaultSqlSession.insert(DefaultSqlSession.java:181) ~[mybatis-3.5.9.jar:3.5.9]
	at jdk.internal.reflect.NativeMethodAccessorImpl.invoke0(Native Method) ~[?:?]
	at jdk.internal.reflect.NativeMethodAccessorImpl.invoke(NativeMethodAccessorImpl.java:77) ~[?:?]
	at jdk.internal.reflect.DelegatingMethodAccessorImpl.invoke(DelegatingMethodAccessorImpl.java:43) ~[?:?]
	at java.lang.reflect.Method.invoke(Method.java:569) ~[?:?]
	at org.mybatis.spring.SqlSessionTemplate$SqlSessionInterceptor.invoke(SqlSessionTemplate.java:427) ~[mybatis-spring-2.0.7.jar:2.0.7]
	... 68 more
2026-05-22 22:19:37 [HikariPool-1 housekeeper] WARN  com.zaxxer.hikari.pool.HikariPool - HikariPool-1 - Thread starvation or clock leap detected (housekeeper delta=1m10s984ms).
2026-05-22 22:19:38 [http-nio-0.0.0.0-8083-exec-2] ERROR com.ninimum.api.user.controller.UserController - UserController => register: 
org.springframework.dao.DataIntegrityViolationException: 
### Error updating database.  Cause: java.sql.SQLIntegrityConstraintViolationException: (conn=167238) Column 'region_id' cannot be null
### The error may exist in file [/Users/akmalbukhariev/Projects/NinimumBackend/NinimumBackend/target/classes/mapper/User/UserMapper.xml]
### The error may involve defaultParameterMap
### The error occurred while setting parameters
### SQL: INSERT INTO users             (                 region_id,                 first_name,                 last_name,                 phone_number,                 password             )             VALUES             (                 ?,                 ?,                 ?,                 ?,                 ?             )
### Cause: java.sql.SQLIntegrityConstraintViolationException: (conn=167238) Column 'region_id' cannot be null
; (conn=167238) Column 'region_id' cannot be null; nested exception is java.sql.SQLIntegrityConstraintViolationException: (conn=167238) Column 'region_id' cannot be null
	at org.springframework.jdbc.support.SQLExceptionSubclassTranslator.doTranslate(SQLExceptionSubclassTranslator.java:87) ~[spring-jdbc-5.3.21.jar:5.3.21]
	at org.springframework.jdbc.support.AbstractFallbackSQLExceptionTranslator.translate(AbstractFallbackSQLExceptionTranslator.java:70) ~[spring-jdbc-5.3.21.jar:5.3.21]
	at org.springframework.jdbc.support.AbstractFallbackSQLExceptionTranslator.translate(AbstractFallbackSQLExceptionTranslator.java:79) ~[spring-jdbc-5.3.21.jar:5.3.21]
	at org.mybatis.spring.MyBatisExceptionTranslator.translateExceptionIfPossible(MyBatisExceptionTranslator.java:91) ~[mybatis-spring-2.0.7.jar:2.0.7]
	at org.mybatis.spring.SqlSessionTemplate$SqlSessionInterceptor.invoke(SqlSessionTemplate.java:441) ~[mybatis-spring-2.0.7.jar:2.0.7]
	at jdk.proxy2.$Proxy115.insert(Unknown Source) ~[?:?]
	at org.mybatis.spring.SqlSessionTemplate.insert(SqlSessionTemplate.java:272) ~[mybatis-spring-2.0.7.jar:2.0.7]
	at org.apache.ibatis.binding.MapperMethod.execute(MapperMethod.java:62) ~[mybatis-3.5.9.jar:3.5.9]
	at org.apache.ibatis.binding.MapperProxy$PlainMethodInvoker.invoke(MapperProxy.java:145) ~[mybatis-3.5.9.jar:3.5.9]
	at org.apache.ibatis.binding.MapperProxy.invoke(MapperProxy.java:86) ~[mybatis-3.5.9.jar:3.5.9]
	at jdk.proxy3.$Proxy122.insertUser(Unknown Source) ~[?:?]
	at com.ninimum.api.user.service.impl.UserService.register(UserService.java:38) ~[classes/:?]
	at com.ninimum.api.user.controller.UserController.register(UserController.java:64) ~[classes/:?]
	at jdk.internal.reflect.NativeMethodAccessorImpl.invoke0(Native Method) ~[?:?]
	at jdk.internal.reflect.NativeMethodAccessorImpl.invoke(NativeMethodAccessorImpl.java:77) ~[?:?]
	at jdk.internal.reflect.DelegatingMethodAccessorImpl.invoke(DelegatingMethodAccessorImpl.java:43) ~[?:?]
	at java.lang.reflect.Method.invoke(Method.java:569) ~[?:?]
	at org.springframework.web.method.support.InvocableHandlerMethod.doInvoke(InvocableHandlerMethod.java:205) ~[spring-web-5.3.21.jar:5.3.21]
	at org.springframework.web.method.support.InvocableHandlerMethod.invokeForRequest(InvocableHandlerMethod.java:150) ~[spring-web-5.3.21.jar:5.3.21]
	at org.springframework.web.servlet.mvc.method.annotation.ServletInvocableHandlerMethod.invokeAndHandle(ServletInvocableHandlerMethod.java:117) ~[spring-webmvc-5.3.21.jar:5.3.21]
	at org.springframework.web.servlet.mvc.method.annotation.RequestMappingHandlerAdapter.invokeHandlerMethod(RequestMappingHandlerAdapter.java:895) ~[spring-webmvc-5.3.21.jar:5.3.21]
	at org.springframework.web.servlet.mvc.method.annotation.RequestMappingHandlerAdapter.handleInternal(RequestMappingHandlerAdapter.java:808) ~[spring-webmvc-5.3.21.jar:5.3.21]
	at org.springframework.web.servlet.mvc.method.AbstractHandlerMethodAdapter.handle(AbstractHandlerMethodAdapter.java:87) ~[spring-webmvc-5.3.21.jar:5.3.21]
	at org.springframework.web.servlet.DispatcherServlet.doDispatch(DispatcherServlet.java:1067) ~[spring-webmvc-5.3.21.jar:5.3.21]
	at org.springframework.web.servlet.DispatcherServlet.doService(DispatcherServlet.java:963) ~[spring-webmvc-5.3.21.jar:5.3.21]
	at org.springframework.web.servlet.FrameworkServlet.processRequest(FrameworkServlet.java:1006) ~[spring-webmvc-5.3.21.jar:5.3.21]
	at org.springframework.web.servlet.FrameworkServlet.doPost(FrameworkServlet.java:909) ~[spring-webmvc-5.3.21.jar:5.3.21]
	at javax.servlet.http.HttpServlet.service(HttpServlet.java:681) ~[tomcat-embed-core-9.0.64.jar:4.0.FR]
	at org.springframework.web.servlet.FrameworkServlet.service(FrameworkServlet.java:883) ~[spring-webmvc-5.3.21.jar:5.3.21]
	at javax.servlet.http.HttpServlet.service(HttpServlet.java:764) ~[tomcat-embed-core-9.0.64.jar:4.0.FR]
	at org.apache.catalina.core.ApplicationFilterChain.internalDoFilter(ApplicationFilterChain.java:227) ~[tomcat-embed-core-9.0.64.jar:9.0.64]
	at org.apache.catalina.core.ApplicationFilterChain.doFilter(ApplicationFilterChain.java:162) ~[tomcat-embed-core-9.0.64.jar:9.0.64]
	at org.apache.tomcat.websocket.server.WsFilter.doFilter(WsFilter.java:53) ~[tomcat-embed-websocket-9.0.64.jar:9.0.64]
	at org.apache.catalina.core.ApplicationFilterChain.internalDoFilter(ApplicationFilterChain.java:189) ~[tomcat-embed-core-9.0.64.jar:9.0.64]
	at org.apache.catalina.core.ApplicationFilterChain.doFilter(ApplicationFilterChain.java:162) ~[tomcat-embed-core-9.0.64.jar:9.0.64]
	at org.springframework.security.web.FilterChainProxy.doFilterInternal(FilterChainProxy.java:204) ~[spring-security-web-5.7.2.jar:5.7.2]
	at org.springframework.security.web.FilterChainProxy.doFilter(FilterChainProxy.java:183) ~[spring-security-web-5.7.2.jar:5.7.2]
	at org.springframework.web.filter.DelegatingFilterProxy.invokeDelegate(DelegatingFilterProxy.java:354) ~[spring-web-5.3.21.jar:5.3.21]
	at org.springframework.web.filter.DelegatingFilterProxy.doFilter(DelegatingFilterProxy.java:267) ~[spring-web-5.3.21.jar:5.3.21]
	at org.apache.catalina.core.ApplicationFilterChain.internalDoFilter(ApplicationFilterChain.java:189) ~[tomcat-embed-core-9.0.64.jar:9.0.64]
	at org.apache.catalina.core.ApplicationFilterChain.doFilter(ApplicationFilterChain.java:162) ~[tomcat-embed-core-9.0.64.jar:9.0.64]
	at org.springframework.web.filter.RequestContextFilter.doFilterInternal(RequestContextFilter.java:100) ~[spring-web-5.3.21.jar:5.3.21]
	at org.springframework.web.filter.OncePerRequestFilter.doFilter(OncePerRequestFilter.java:117) ~[spring-web-5.3.21.jar:5.3.21]
	at org.apache.catalina.core.ApplicationFilterChain.internalDoFilter(ApplicationFilterChain.java:189) ~[tomcat-embed-core-9.0.64.jar:9.0.64]
	at org.apache.catalina.core.ApplicationFilterChain.doFilter(ApplicationFilterChain.java:162) ~[tomcat-embed-core-9.0.64.jar:9.0.64]
	at org.springframework.web.filter.FormContentFilter.doFilterInternal(FormContentFilter.java:93) ~[spring-web-5.3.21.jar:5.3.21]
	at org.springframework.web.filter.OncePerRequestFilter.doFilter(OncePerRequestFilter.java:117) ~[spring-web-5.3.21.jar:5.3.21]
	at org.apache.catalina.core.ApplicationFilterChain.internalDoFilter(ApplicationFilterChain.java:189) ~[tomcat-embed-core-9.0.64.jar:9.0.64]
	at org.apache.catalina.core.ApplicationFilterChain.doFilter(ApplicationFilterChain.java:162) ~[tomcat-embed-core-9.0.64.jar:9.0.64]
	at org.springframework.boot.actuate.metrics.web.servlet.WebMvcMetricsFilter.doFilterInternal(WebMvcMetricsFilter.java:96) ~[spring-boot-actuator-2.7.1.jar:2.7.1]
	at org.springframework.web.filter.OncePerRequestFilter.doFilter(OncePerRequestFilter.java:117) ~[spring-web-5.3.21.jar:5.3.21]
	at org.apache.catalina.core.ApplicationFilterChain.internalDoFilter(ApplicationFilterChain.java:189) ~[tomcat-embed-core-9.0.64.jar:9.0.64]
	at org.apache.catalina.core.ApplicationFilterChain.doFilter(ApplicationFilterChain.java:162) ~[tomcat-embed-core-9.0.64.jar:9.0.64]
	at org.springframework.web.filter.CharacterEncodingFilter.doFilterInternal(CharacterEncodingFilter.java:201) ~[spring-web-5.3.21.jar:5.3.21]
	at org.springframework.web.filter.OncePerRequestFilter.doFilter(OncePerRequestFilter.java:117) ~[spring-web-5.3.21.jar:5.3.21]
	at org.apache.catalina.core.ApplicationFilterChain.internalDoFilter(ApplicationFilterChain.java:189) ~[tomcat-embed-core-9.0.64.jar:9.0.64]
	at org.apache.catalina.core.ApplicationFilterChain.doFilter(ApplicationFilterChain.java:162) ~[tomcat-embed-core-9.0.64.jar:9.0.64]
	at org.apache.catalina.core.StandardWrapperValve.invoke(StandardWrapperValve.java:197) ~[tomcat-embed-core-9.0.64.jar:9.0.64]
	at org.apache.catalina.core.StandardContextValve.invoke(StandardContextValve.java:97) ~[tomcat-embed-core-9.0.64.jar:9.0.64]
	at org.apache.catalina.authenticator.AuthenticatorBase.invoke(AuthenticatorBase.java:541) ~[tomcat-embed-core-9.0.64.jar:9.0.64]
	at org.apache.catalina.core.StandardHostValve.invoke(StandardHostValve.java:135) ~[tomcat-embed-core-9.0.64.jar:9.0.64]
	at org.apache.catalina.valves.ErrorReportValve.invoke(ErrorReportValve.java:92) ~[tomcat-embed-core-9.0.64.jar:9.0.64]
	at org.apache.catalina.core.StandardEngineValve.invoke(StandardEngineValve.java:78) ~[tomcat-embed-core-9.0.64.jar:9.0.64]
	at org.apache.catalina.connector.CoyoteAdapter.service(CoyoteAdapter.java:360) ~[tomcat-embed-core-9.0.64.jar:9.0.64]
	at org.apache.coyote.http11.Http11Processor.service(Http11Processor.java:399) ~[tomcat-embed-core-9.0.64.jar:9.0.64]
	at org.apache.coyote.AbstractProcessorLight.process(AbstractProcessorLight.java:65) ~[tomcat-embed-core-9.0.64.jar:9.0.64]
	at org.apache.coyote.AbstractProtocol$ConnectionHandler.process(AbstractProtocol.java:890) ~[tomcat-embed-core-9.0.64.jar:9.0.64]
	at org.apache.tomcat.util.net.NioEndpoint$SocketProcessor.doRun(NioEndpoint.java:1787) ~[tomcat-embed-core-9.0.64.jar:9.0.64]
	at org.apache.tomcat.util.net.SocketProcessorBase.run(SocketProcessorBase.java:49) ~[tomcat-embed-core-9.0.64.jar:9.0.64]
	at org.apache.tomcat.util.threads.ThreadPoolExecutor.runWorker(ThreadPoolExecutor.java:1191) ~[tomcat-embed-core-9.0.64.jar:9.0.64]
	at org.apache.tomcat.util.threads.ThreadPoolExecutor$Worker.run(ThreadPoolExecutor.java:659) ~[tomcat-embed-core-9.0.64.jar:9.0.64]
	at org.apache.tomcat.util.threads.TaskThread$WrappingRunnable.run(TaskThread.java:61) ~[tomcat-embed-core-9.0.64.jar:9.0.64]
	at java.lang.Thread.run(Thread.java:840) ~[?:?]
Caused by: java.sql.SQLIntegrityConstraintViolationException: (conn=167238) Column 'region_id' cannot be null
	at org.mariadb.jdbc.internal.util.exceptions.ExceptionFactory.createException(ExceptionFactory.java:70) ~[mariadb-java-client-2.7.3.jar:?]
	at org.mariadb.jdbc.internal.util.exceptions.ExceptionFactory.create(ExceptionFactory.java:155) ~[mariadb-java-client-2.7.3.jar:?]
	at org.mariadb.jdbc.MariaDbStatement.executeExceptionEpilogue(MariaDbStatement.java:274) ~[mariadb-java-client-2.7.3.jar:?]
	at org.mariadb.jdbc.ClientSidePreparedStatement.executeInternal(ClientSidePreparedStatement.java:229) ~[mariadb-java-client-2.7.3.jar:?]
	at org.mariadb.jdbc.ClientSidePreparedStatement.execute(ClientSidePreparedStatement.java:149) ~[mariadb-java-client-2.7.3.jar:?]
	at com.zaxxer.hikari.pool.ProxyPreparedStatement.execute(ProxyPreparedStatement.java:44) ~[HikariCP-4.0.3.jar:?]
	at com.zaxxer.hikari.pool.HikariProxyPreparedStatement.execute(HikariProxyPreparedStatement.java) ~[HikariCP-4.0.3.jar:?]
	at org.apache.ibatis.executor.statement.PreparedStatementHandler.update(PreparedStatementHandler.java:47) ~[mybatis-3.5.9.jar:3.5.9]
	at org.apache.ibatis.executor.statement.RoutingStatementHandler.update(RoutingStatementHandler.java:74) ~[mybatis-3.5.9.jar:3.5.9]
	at org.apache.ibatis.executor.SimpleExecutor.doUpdate(SimpleExecutor.java:50) ~[mybatis-3.5.9.jar:3.5.9]
	at org.apache.ibatis.executor.BaseExecutor.update(BaseExecutor.java:117) ~[mybatis-3.5.9.jar:3.5.9]
	at org.apache.ibatis.executor.CachingExecutor.update(CachingExecutor.java:76) ~[mybatis-3.5.9.jar:3.5.9]
	at org.apache.ibatis.session.defaults.DefaultSqlSession.update(DefaultSqlSession.java:194) ~[mybatis-3.5.9.jar:3.5.9]
	at org.apache.ibatis.session.defaults.DefaultSqlSession.insert(DefaultSqlSession.java:181) ~[mybatis-3.5.9.jar:3.5.9]
	at jdk.internal.reflect.NativeMethodAccessorImpl.invoke0(Native Method) ~[?:?]
	at jdk.internal.reflect.NativeMethodAccessorImpl.invoke(NativeMethodAccessorImpl.java:77) ~[?:?]
	at jdk.internal.reflect.DelegatingMethodAccessorImpl.invoke(DelegatingMethodAccessorImpl.java:43) ~[?:?]
	at java.lang.reflect.Method.invoke(Method.java:569) ~[?:?]
	at org.mybatis.spring.SqlSessionTemplate$SqlSessionInterceptor.invoke(SqlSessionTemplate.java:427) ~[mybatis-spring-2.0.7.jar:2.0.7]
	... 68 more
Caused by: org.mariadb.jdbc.internal.util.exceptions.MariaDbSqlException: Column 'region_id' cannot be null
	at org.mariadb.jdbc.internal.util.exceptions.MariaDbSqlException.of(MariaDbSqlException.java:34) ~[mariadb-java-client-2.7.3.jar:?]
	at org.mariadb.jdbc.internal.protocol.AbstractQueryProtocol.exceptionWithQuery(AbstractQueryProtocol.java:194) ~[mariadb-java-client-2.7.3.jar:?]
	at org.mariadb.jdbc.internal.protocol.AbstractQueryProtocol.exceptionWithQuery(AbstractQueryProtocol.java:177) ~[mariadb-java-client-2.7.3.jar:?]
	at org.mariadb.jdbc.internal.protocol.AbstractQueryProtocol.executeQuery(AbstractQueryProtocol.java:362) ~[mariadb-java-client-2.7.3.jar:?]
	at org.mariadb.jdbc.ClientSidePreparedStatement.executeInternal(ClientSidePreparedStatement.java:217) ~[mariadb-java-client-2.7.3.jar:?]
	at org.mariadb.jdbc.ClientSidePreparedStatement.execute(ClientSidePreparedStatement.java:149) ~[mariadb-java-client-2.7.3.jar:?]
	at com.zaxxer.hikari.pool.ProxyPreparedStatement.execute(ProxyPreparedStatement.java:44) ~[HikariCP-4.0.3.jar:?]
	at com.zaxxer.hikari.pool.HikariProxyPreparedStatement.execute(HikariProxyPreparedStatement.java) ~[HikariCP-4.0.3.jar:?]
	at org.apache.ibatis.executor.statement.PreparedStatementHandler.update(PreparedStatementHandler.java:47) ~[mybatis-3.5.9.jar:3.5.9]
	at org.apache.ibatis.executor.statement.RoutingStatementHandler.update(RoutingStatementHandler.java:74) ~[mybatis-3.5.9.jar:3.5.9]
	at org.apache.ibatis.executor.SimpleExecutor.doUpdate(SimpleExecutor.java:50) ~[mybatis-3.5.9.jar:3.5.9]
	at org.apache.ibatis.executor.BaseExecutor.update(BaseExecutor.java:117) ~[mybatis-3.5.9.jar:3.5.9]
	at org.apache.ibatis.executor.CachingExecutor.update(CachingExecutor.java:76) ~[mybatis-3.5.9.jar:3.5.9]
	at org.apache.ibatis.session.defaults.DefaultSqlSession.update(DefaultSqlSession.java:194) ~[mybatis-3.5.9.jar:3.5.9]
	at org.apache.ibatis.session.defaults.DefaultSqlSession.insert(DefaultSqlSession.java:181) ~[mybatis-3.5.9.jar:3.5.9]
	at jdk.internal.reflect.NativeMethodAccessorImpl.invoke0(Native Method) ~[?:?]
	at jdk.internal.reflect.NativeMethodAccessorImpl.invoke(NativeMethodAccessorImpl.java:77) ~[?:?]
	at jdk.internal.reflect.DelegatingMethodAccessorImpl.invoke(DelegatingMethodAccessorImpl.java:43) ~[?:?]
	at java.lang.reflect.Method.invoke(Method.java:569) ~[?:?]
	at org.mybatis.spring.SqlSessionTemplate$SqlSessionInterceptor.invoke(SqlSessionTemplate.java:427) ~[mybatis-spring-2.0.7.jar:2.0.7]
	... 68 more
Caused by: java.sql.SQLException: Column 'region_id' cannot be null
	at org.mariadb.jdbc.internal.protocol.AbstractQueryProtocol.readErrorPacket(AbstractQueryProtocol.java:1694) ~[mariadb-java-client-2.7.3.jar:?]
	at org.mariadb.jdbc.internal.protocol.AbstractQueryProtocol.readPacket(AbstractQueryProtocol.java:1556) ~[mariadb-java-client-2.7.3.jar:?]
	at org.mariadb.jdbc.internal.protocol.AbstractQueryProtocol.getResult(AbstractQueryProtocol.java:1519) ~[mariadb-java-client-2.7.3.jar:?]
	at org.mariadb.jdbc.internal.protocol.AbstractQueryProtocol.executeQuery(AbstractQueryProtocol.java:359) ~[mariadb-java-client-2.7.3.jar:?]
	at org.mariadb.jdbc.ClientSidePreparedStatement.executeInternal(ClientSidePreparedStatement.java:217) ~[mariadb-java-client-2.7.3.jar:?]
	at org.mariadb.jdbc.ClientSidePreparedStatement.execute(ClientSidePreparedStatement.java:149) ~[mariadb-java-client-2.7.3.jar:?]
	at com.zaxxer.hikari.pool.ProxyPreparedStatement.execute(ProxyPreparedStatement.java:44) ~[HikariCP-4.0.3.jar:?]
	at com.zaxxer.hikari.pool.HikariProxyPreparedStatement.execute(HikariProxyPreparedStatement.java) ~[HikariCP-4.0.3.jar:?]
	at org.apache.ibatis.executor.statement.PreparedStatementHandler.update(PreparedStatementHandler.java:47) ~[mybatis-3.5.9.jar:3.5.9]
	at org.apache.ibatis.executor.statement.RoutingStatementHandler.update(RoutingStatementHandler.java:74) ~[mybatis-3.5.9.jar:3.5.9]
	at org.apache.ibatis.executor.SimpleExecutor.doUpdate(SimpleExecutor.java:50) ~[mybatis-3.5.9.jar:3.5.9]
	at org.apache.ibatis.executor.BaseExecutor.update(BaseExecutor.java:117) ~[mybatis-3.5.9.jar:3.5.9]
	at org.apache.ibatis.executor.CachingExecutor.update(CachingExecutor.java:76) ~[mybatis-3.5.9.jar:3.5.9]
	at org.apache.ibatis.session.defaults.DefaultSqlSession.update(DefaultSqlSession.java:194) ~[mybatis-3.5.9.jar:3.5.9]
	at org.apache.ibatis.session.defaults.DefaultSqlSession.insert(DefaultSqlSession.java:181) ~[mybatis-3.5.9.jar:3.5.9]
	at jdk.internal.reflect.NativeMethodAccessorImpl.invoke0(Native Method) ~[?:?]
	at jdk.internal.reflect.NativeMethodAccessorImpl.invoke(NativeMethodAccessorImpl.java:77) ~[?:?]
	at jdk.internal.reflect.DelegatingMethodAccessorImpl.invoke(DelegatingMethodAccessorImpl.java:43) ~[?:?]
	at java.lang.reflect.Method.invoke(Method.java:569) ~[?:?]
	at org.mybatis.spring.SqlSessionTemplate$SqlSessionInterceptor.invoke(SqlSessionTemplate.java:427) ~[mybatis-spring-2.0.7.jar:2.0.7]
	... 68 more
2026-05-22 22:26:49 [SpringApplicationShutdownHook] INFO  com.zaxxer.hikari.HikariDataSource - HikariPool-1 - Shutdown initiated...
2026-05-22 22:26:49 [SpringApplicationShutdownHook] INFO  com.zaxxer.hikari.HikariDataSource - HikariPool-1 - Shutdown completed.
