2026-06-03 09:11:07 [restartedMain] INFO  com.ninimum.api.NinimumApplication - Starting NinimumApplication using Java 17.0.14 on Akmalui-MacBookPro.local with PID 3360 (/Users/akmalbukhariev/Projects/NinimumBackend/NinimumBackend/target/classes started by akmalbukhariev in /Users/akmalbukhariev/Projects/NinimumBackend/NinimumBackend)
2026-06-03 09:11:07 [restartedMain] INFO  com.ninimum.api.NinimumApplication - The following 1 profile is active: "default"
2026-06-03 09:11:07 [restartedMain] INFO  org.springframework.boot.devtools.env.DevToolsPropertyDefaultsPostProcessor - Devtools property defaults active! Set 'spring.devtools.add-properties' to 'false' to disable
2026-06-03 09:11:07 [restartedMain] INFO  org.springframework.boot.devtools.env.DevToolsPropertyDefaultsPostProcessor - For additional web related logging consider setting the 'logging.level.web' property to 'DEBUG'
2026-06-03 09:11:09 [restartedMain] INFO  org.springframework.data.repository.config.RepositoryConfigurationDelegate - Bootstrapping Spring Data JDBC repositories in DEFAULT mode.
2026-06-03 09:11:09 [restartedMain] INFO  org.springframework.data.repository.config.RepositoryConfigurationDelegate - Finished Spring Data repository scanning in 27 ms. Found 0 JDBC repository interfaces.
2026-06-03 09:11:09 [restartedMain] INFO  com.ulisesbocchio.jasyptspringboot.configuration.EnableEncryptablePropertiesBeanFactoryPostProcessor - Post-processing PropertySource instances
2026-06-03 09:11:09 [restartedMain] INFO  com.ulisesbocchio.jasyptspringboot.EncryptablePropertySourceConverter - Skipping PropertySource configurationProperties [class org.springframework.boot.context.properties.source.ConfigurationPropertySourcesPropertySource
2026-06-03 09:11:09 [restartedMain] INFO  com.ulisesbocchio.jasyptspringboot.EncryptablePropertySourceConverter - Skipping PropertySource servletConfigInitParams [class org.springframework.core.env.PropertySource$StubPropertySource
2026-06-03 09:11:09 [restartedMain] INFO  com.ulisesbocchio.jasyptspringboot.EncryptablePropertySourceConverter - Skipping PropertySource servletContextInitParams [class org.springframework.core.env.PropertySource$StubPropertySource
2026-06-03 09:11:09 [restartedMain] INFO  com.ulisesbocchio.jasyptspringboot.EncryptablePropertySourceConverter - Converting PropertySource systemProperties [org.springframework.core.env.PropertiesPropertySource] to EncryptableMapPropertySourceWrapper
2026-06-03 09:11:09 [restartedMain] INFO  com.ulisesbocchio.jasyptspringboot.EncryptablePropertySourceConverter - Converting PropertySource systemEnvironment [org.springframework.boot.env.SystemEnvironmentPropertySourceEnvironmentPostProcessor$OriginAwareSystemEnvironmentPropertySource] to EncryptableSystemEnvironmentPropertySourceWrapper
2026-06-03 09:11:09 [restartedMain] INFO  com.ulisesbocchio.jasyptspringboot.EncryptablePropertySourceConverter - Converting PropertySource random [org.springframework.boot.env.RandomValuePropertySource] to EncryptablePropertySourceWrapper
2026-06-03 09:11:09 [restartedMain] INFO  com.ulisesbocchio.jasyptspringboot.EncryptablePropertySourceConverter - Converting PropertySource Config resource 'class path resource [application.yaml]' via location 'optional:classpath:/' [org.springframework.boot.env.OriginTrackedMapPropertySource] to EncryptableMapPropertySourceWrapper
2026-06-03 09:11:09 [restartedMain] INFO  com.ulisesbocchio.jasyptspringboot.EncryptablePropertySourceConverter - Converting PropertySource devtools [org.springframework.core.env.MapPropertySource] to EncryptableMapPropertySourceWrapper
2026-06-03 09:11:10 [restartedMain] INFO  com.ulisesbocchio.jasyptspringboot.filter.DefaultLazyPropertyFilter - Property Filter custom Bean not found with name 'encryptablePropertyFilter'. Initializing Default Property Filter
2026-06-03 09:11:10 [restartedMain] INFO  com.ulisesbocchio.jasyptspringboot.resolver.DefaultLazyPropertyResolver - Property Resolver custom Bean not found with name 'encryptablePropertyResolver'. Initializing Default Property Resolver
2026-06-03 09:11:10 [restartedMain] INFO  com.ulisesbocchio.jasyptspringboot.detector.DefaultLazyPropertyDetector - Property Detector custom Bean not found with name 'encryptablePropertyDetector'. Initializing Default Property Detector
2026-06-03 09:11:10 [restartedMain] INFO  org.springframework.boot.web.embedded.tomcat.TomcatWebServer - Tomcat initialized with port(s): 8083 (http)
2026-06-03 09:11:10 [restartedMain] INFO  org.springframework.boot.web.servlet.context.ServletWebServerApplicationContext - Root WebApplicationContext: initialization completed in 2635 ms
2026-06-03 09:11:12 [restartedMain] INFO  org.springframework.boot.actuate.endpoint.web.EndpointLinksResolver - Exposing 2 endpoint(s) beneath base path '/actuator'
2026-06-03 09:11:12 [restartedMain] INFO  org.springframework.security.web.DefaultSecurityFilterChain - Will secure any request with [org.springframework.security.web.session.DisableEncodeUrlFilter@51871062, org.springframework.security.web.context.request.async.WebAsyncManagerIntegrationFilter@1d31dc3d, org.springframework.security.web.context.SecurityContextPersistenceFilter@17aa8777, org.springframework.security.web.header.HeaderWriterFilter@620655e2, org.springframework.web.filter.CorsFilter@1dba397a, org.springframework.security.web.authentication.logout.LogoutFilter@44cc6cb, com.ninimum.api.security.jwt.JwtAuthenticationFilter@abbaf7f, com.ninimum.api.security.filter.UserAuthenticationFilter@6356aa4a, com.ninimum.api.security.filter.AdminAuthenticationFilter@70955229, org.springframework.security.web.savedrequest.RequestCacheAwareFilter@db51dc7, org.springframework.security.web.servletapi.SecurityContextHolderAwareRequestFilter@3a378692, org.springframework.security.web.authentication.AnonymousAuthenticationFilter@3ca8d4a8, org.springframework.security.web.session.SessionManagementFilter@34a8aa6b, org.springframework.security.web.access.ExceptionTranslationFilter@79f27d64, org.springframework.security.web.access.intercept.AuthorizationFilter@d583443]
2026-06-03 09:11:12 [restartedMain] WARN  org.springframework.security.config.annotation.web.builders.WebSecurity - You are asking Spring Security to ignore Ant [pattern='/**/webjars/**']. This is not recommended -- please use permitAll via HttpSecurity#authorizeHttpRequests instead.
2026-06-03 09:11:12 [restartedMain] INFO  org.springframework.security.web.DefaultSecurityFilterChain - Will not secure Ant [pattern='/**/webjars/**']
2026-06-03 09:11:12 [restartedMain] WARN  org.springframework.security.config.annotation.web.builders.WebSecurity - You are asking Spring Security to ignore Ant [pattern='/uploads/**']. This is not recommended -- please use permitAll via HttpSecurity#authorizeHttpRequests instead.
2026-06-03 09:11:12 [restartedMain] INFO  org.springframework.security.web.DefaultSecurityFilterChain - Will not secure Ant [pattern='/uploads/**']
2026-06-03 09:11:12 [restartedMain] WARN  org.springframework.security.config.annotation.web.builders.WebSecurity - You are asking Spring Security to ignore Ant [pattern='/v2/api-docs']. This is not recommended -- please use permitAll via HttpSecurity#authorizeHttpRequests instead.
2026-06-03 09:11:12 [restartedMain] INFO  org.springframework.security.web.DefaultSecurityFilterChain - Will not secure Ant [pattern='/v2/api-docs']
2026-06-03 09:11:12 [restartedMain] WARN  org.springframework.security.config.annotation.web.builders.WebSecurity - You are asking Spring Security to ignore Ant [pattern='/swagger-resources']. This is not recommended -- please use permitAll via HttpSecurity#authorizeHttpRequests instead.
2026-06-03 09:11:12 [restartedMain] INFO  org.springframework.security.web.DefaultSecurityFilterChain - Will not secure Ant [pattern='/swagger-resources']
2026-06-03 09:11:12 [restartedMain] WARN  org.springframework.security.config.annotation.web.builders.WebSecurity - You are asking Spring Security to ignore Ant [pattern='/swagger-resources/**']. This is not recommended -- please use permitAll via HttpSecurity#authorizeHttpRequests instead.
2026-06-03 09:11:12 [restartedMain] INFO  org.springframework.security.web.DefaultSecurityFilterChain - Will not secure Ant [pattern='/swagger-resources/**']
2026-06-03 09:11:12 [restartedMain] WARN  org.springframework.security.config.annotation.web.builders.WebSecurity - You are asking Spring Security to ignore Ant [pattern='/configuration/ui']. This is not recommended -- please use permitAll via HttpSecurity#authorizeHttpRequests instead.
2026-06-03 09:11:12 [restartedMain] INFO  org.springframework.security.web.DefaultSecurityFilterChain - Will not secure Ant [pattern='/configuration/ui']
2026-06-03 09:11:12 [restartedMain] WARN  org.springframework.security.config.annotation.web.builders.WebSecurity - You are asking Spring Security to ignore Ant [pattern='/configuration/security']. This is not recommended -- please use permitAll via HttpSecurity#authorizeHttpRequests instead.
2026-06-03 09:11:12 [restartedMain] INFO  org.springframework.security.web.DefaultSecurityFilterChain - Will not secure Ant [pattern='/configuration/security']
2026-06-03 09:11:12 [restartedMain] WARN  org.springframework.security.config.annotation.web.builders.WebSecurity - You are asking Spring Security to ignore Ant [pattern='/swagger-ui/**']. This is not recommended -- please use permitAll via HttpSecurity#authorizeHttpRequests instead.
2026-06-03 09:11:12 [restartedMain] INFO  org.springframework.security.web.DefaultSecurityFilterChain - Will not secure Ant [pattern='/swagger-ui/**']
2026-06-03 09:11:12 [restartedMain] WARN  org.springframework.security.config.annotation.web.builders.WebSecurity - You are asking Spring Security to ignore Ant [pattern='/webjars/**']. This is not recommended -- please use permitAll via HttpSecurity#authorizeHttpRequests instead.
2026-06-03 09:11:12 [restartedMain] INFO  org.springframework.security.web.DefaultSecurityFilterChain - Will not secure Ant [pattern='/webjars/**']
2026-06-03 09:11:12 [restartedMain] WARN  org.springframework.security.config.annotation.web.builders.WebSecurity - You are asking Spring Security to ignore Ant [pattern='/v3/api-docs/**']. This is not recommended -- please use permitAll via HttpSecurity#authorizeHttpRequests instead.
2026-06-03 09:11:12 [restartedMain] INFO  org.springframework.security.web.DefaultSecurityFilterChain - Will not secure Ant [pattern='/v3/api-docs/**']
2026-06-03 09:11:12 [restartedMain] WARN  org.springframework.security.config.annotation.web.builders.WebSecurity - You are asking Spring Security to ignore Ant [pattern='/actuator/health/**']. This is not recommended -- please use permitAll via HttpSecurity#authorizeHttpRequests instead.
2026-06-03 09:11:12 [restartedMain] INFO  org.springframework.security.web.DefaultSecurityFilterChain - Will not secure Ant [pattern='/actuator/health/**']
2026-06-03 09:11:12 [restartedMain] WARN  org.springframework.security.config.annotation.web.builders.WebSecurity - You are asking Spring Security to ignore Ant [pattern='/actuator/info']. This is not recommended -- please use permitAll via HttpSecurity#authorizeHttpRequests instead.
2026-06-03 09:11:12 [restartedMain] INFO  org.springframework.security.web.DefaultSecurityFilterChain - Will not secure Ant [pattern='/actuator/info']
2026-06-03 09:11:12 [restartedMain] WARN  org.springframework.security.config.annotation.web.builders.WebSecurity - You are asking Spring Security to ignore Ant [pattern='/ninimum/actuator/**']. This is not recommended -- please use permitAll via HttpSecurity#authorizeHttpRequests instead.
2026-06-03 09:11:12 [restartedMain] INFO  org.springframework.security.web.DefaultSecurityFilterChain - Will not secure Ant [pattern='/ninimum/actuator/**']
2026-06-03 09:11:12 [restartedMain] WARN  org.springframework.security.config.annotation.web.builders.WebSecurity - You are asking Spring Security to ignore Ant [pattern='/api/v1/status']. This is not recommended -- please use permitAll via HttpSecurity#authorizeHttpRequests instead.
2026-06-03 09:11:12 [restartedMain] INFO  org.springframework.security.web.DefaultSecurityFilterChain - Will not secure Ant [pattern='/api/v1/status']
2026-06-03 09:11:12 [restartedMain] WARN  org.springframework.security.config.annotation.web.builders.WebSecurity - You are asking Spring Security to ignore Ant [pattern='/ninimum/api/v1/status']. This is not recommended -- please use permitAll via HttpSecurity#authorizeHttpRequests instead.
2026-06-03 09:11:12 [restartedMain] INFO  org.springframework.security.web.DefaultSecurityFilterChain - Will not secure Ant [pattern='/ninimum/api/v1/status']
2026-06-03 09:11:12 [restartedMain] WARN  org.springframework.security.config.annotation.web.builders.WebSecurity - You are asking Spring Security to ignore Ant [pattern='/ninimum/api/v1/user/checkPhoneNumber']. This is not recommended -- please use permitAll via HttpSecurity#authorizeHttpRequests instead.
2026-06-03 09:11:12 [restartedMain] INFO  org.springframework.security.web.DefaultSecurityFilterChain - Will not secure Ant [pattern='/ninimum/api/v1/user/checkPhoneNumber']
2026-06-03 09:11:12 [restartedMain] WARN  org.springframework.security.config.annotation.web.builders.WebSecurity - You are asking Spring Security to ignore Ant [pattern='/ninimum/api/v1/user/register']. This is not recommended -- please use permitAll via HttpSecurity#authorizeHttpRequests instead.
2026-06-03 09:11:12 [restartedMain] INFO  org.springframework.security.web.DefaultSecurityFilterChain - Will not secure Ant [pattern='/ninimum/api/v1/user/register']
2026-06-03 09:11:12 [restartedMain] WARN  org.springframework.security.config.annotation.web.builders.WebSecurity - You are asking Spring Security to ignore Ant [pattern='/ninimum/api/v1/message/verifyPhoneNumber']. This is not recommended -- please use permitAll via HttpSecurity#authorizeHttpRequests instead.
2026-06-03 09:11:12 [restartedMain] INFO  org.springframework.security.web.DefaultSecurityFilterChain - Will not secure Ant [pattern='/ninimum/api/v1/message/verifyPhoneNumber']
2026-06-03 09:11:12 [restartedMain] WARN  org.springframework.security.config.annotation.web.builders.WebSecurity - You are asking Spring Security to ignore Ant [pattern='/error']. This is not recommended -- please use permitAll via HttpSecurity#authorizeHttpRequests instead.
2026-06-03 09:11:12 [restartedMain] INFO  org.springframework.security.web.DefaultSecurityFilterChain - Will not secure Ant [pattern='/error']
2026-06-03 09:11:13 [restartedMain] INFO  com.zaxxer.hikari.HikariDataSource - HikariPool-1 - Starting...
2026-06-03 09:11:13 [restartedMain] INFO  com.zaxxer.hikari.HikariDataSource - HikariPool-1 - Start completed.
2026-06-03 09:11:14 [restartedMain] INFO  org.springframework.boot.devtools.autoconfigure.OptionalLiveReloadServer - LiveReload server is running on port 35729
2026-06-03 09:11:14 [restartedMain] INFO  org.springframework.boot.web.embedded.tomcat.TomcatWebServer - Tomcat started on port(s): 8083 (http) with context path ''
2026-06-03 09:11:14 [restartedMain] INFO  com.ulisesbocchio.jasyptspringboot.caching.RefreshScopeRefreshedEventListener - Refreshing cached encryptable property sources on ServletWebServerInitializedEvent
2026-06-03 09:11:14 [restartedMain] INFO  com.ulisesbocchio.jasyptspringboot.caching.CachingDelegateEncryptablePropertySource - Property Source systemProperties refreshed
2026-06-03 09:11:14 [restartedMain] INFO  com.ulisesbocchio.jasyptspringboot.caching.CachingDelegateEncryptablePropertySource - Property Source systemEnvironment refreshed
2026-06-03 09:11:14 [restartedMain] INFO  com.ulisesbocchio.jasyptspringboot.caching.CachingDelegateEncryptablePropertySource - Property Source random refreshed
2026-06-03 09:11:14 [restartedMain] INFO  com.ulisesbocchio.jasyptspringboot.caching.CachingDelegateEncryptablePropertySource - Property Source Config resource 'class path resource [application.yaml]' via location 'optional:classpath:/' refreshed
2026-06-03 09:11:14 [restartedMain] INFO  com.ulisesbocchio.jasyptspringboot.caching.CachingDelegateEncryptablePropertySource - Property Source devtools refreshed
2026-06-03 09:11:14 [restartedMain] INFO  com.ulisesbocchio.jasyptspringboot.EncryptablePropertySourceConverter - Converting PropertySource server.ports [org.springframework.core.env.MapPropertySource] to EncryptableMapPropertySourceWrapper
2026-06-03 09:11:14 [restartedMain] INFO  com.ulisesbocchio.jasyptspringboot.EncryptablePropertySourceConverter - Skipping PropertySource configurationProperties [class org.springframework.boot.context.properties.source.ConfigurationPropertySourcesPropertySource
2026-06-03 09:11:14 [restartedMain] INFO  com.ulisesbocchio.jasyptspringboot.EncryptablePropertySourceConverter - Skipping PropertySource servletConfigInitParams [class org.springframework.core.env.PropertySource$StubPropertySource
2026-06-03 09:11:14 [restartedMain] INFO  com.ulisesbocchio.jasyptspringboot.EncryptablePropertySourceConverter - Converting PropertySource servletContextInitParams [org.springframework.web.context.support.ServletContextPropertySource] to EncryptableEnumerablePropertySourceWrapper
2026-06-03 09:11:14 [restartedMain] INFO  com.ulisesbocchio.jasyptspringboot.EncryptablePropertySourceConverter - Converting PropertySource Management Server [org.springframework.boot.actuate.autoconfigure.web.server.ManagementContextAutoConfiguration$SameManagementContextConfiguration$1] to EncryptablePropertySourceWrapper
2026-06-03 09:11:14 [restartedMain] INFO  com.ninimum.api.NinimumApplication - Started NinimumApplication in 7.024 seconds (JVM running for 9.045)
2026-06-03 09:11:16 [http-nio-0.0.0.0-8083-exec-1] INFO  org.springframework.web.servlet.DispatcherServlet - Initializing Servlet 'dispatcherServlet'
2026-06-03 09:11:16 [http-nio-0.0.0.0-8083-exec-1] INFO  org.springframework.web.servlet.DispatcherServlet - Completed initialization in 2 ms
2026-06-03 09:11:17 [http-nio-0.0.0.0-8083-exec-9] INFO  org.springdoc.api.AbstractOpenApiResource - Init duration for springdoc-openapi is: 874 ms
2026-06-03 09:12:26 [http-nio-0.0.0.0-8083-exec-5] INFO  com.ninimum.api.security.provider.UserAuthenticationProvider - userId => 998998887766
2026-06-03 09:12:26 [http-nio-0.0.0.0-8083-exec-5] INFO  com.ninimum.api.security.provider.UserAuthenticationProvider - passwd => 123
2026-06-03 09:13:30 [http-nio-0.0.0.0-8083-exec-6] INFO  com.ninimum.api.security.jwt.JwtAuthenticationFilter - bearerToken==> Bearer eyJhbGciOiJIUzI1NiJ9.eyJzdWIiOiI5OTg5OTg4ODc3NjYiLCJhdXRoIjoiVVNFUiIsImV4cCI6MTgxMTk4MTU0N30.ldem1w8LNad6B0jOu9cp6A_arviQRAZFRslYoJHNuP0
2026-06-03 09:14:38 [http-nio-0.0.0.0-8083-exec-7] INFO  com.ninimum.api.security.jwt.JwtAuthenticationFilter - bearerToken==> Bearer eyJhbGciOiJIUzI1NiJ9.eyJzdWIiOiI5OTg5OTg4ODc3NjYiLCJhdXRoIjoiVVNFUiIsImV4cCI6MTgxMTk4MTU0N30.ldem1w8LNad6B0jOu9cp6A_arviQRAZFRslYoJHNuP0
2026-06-03 09:41:59 [SpringApplicationShutdownHook] INFO  com.zaxxer.hikari.HikariDataSource - HikariPool-1 - Shutdown initiated...
2026-06-03 09:41:59 [SpringApplicationShutdownHook] INFO  com.zaxxer.hikari.HikariDataSource - HikariPool-1 - Shutdown completed.
2026-06-03 09:44:29 [restartedMain] INFO  com.ninimum.api.NinimumApplication - Starting NinimumApplication using Java 17.0.14 on Akmalui-MacBookPro.local with PID 6310 (/Users/akmalbukhariev/Projects/NinimumBackend/NinimumBackend/target/classes started by akmalbukhariev in /Users/akmalbukhariev/Projects/NinimumBackend/NinimumBackend)
2026-06-03 09:44:29 [restartedMain] INFO  com.ninimum.api.NinimumApplication - The following 1 profile is active: "default"
2026-06-03 09:44:29 [restartedMain] INFO  org.springframework.boot.devtools.env.DevToolsPropertyDefaultsPostProcessor - Devtools property defaults active! Set 'spring.devtools.add-properties' to 'false' to disable
2026-06-03 09:44:29 [restartedMain] INFO  org.springframework.boot.devtools.env.DevToolsPropertyDefaultsPostProcessor - For additional web related logging consider setting the 'logging.level.web' property to 'DEBUG'
2026-06-03 09:44:30 [restartedMain] INFO  org.springframework.data.repository.config.RepositoryConfigurationDelegate - Bootstrapping Spring Data JDBC repositories in DEFAULT mode.
2026-06-03 09:44:30 [restartedMain] INFO  org.springframework.data.repository.config.RepositoryConfigurationDelegate - Finished Spring Data repository scanning in 31 ms. Found 0 JDBC repository interfaces.
2026-06-03 09:44:30 [restartedMain] INFO  com.ulisesbocchio.jasyptspringboot.configuration.EnableEncryptablePropertiesBeanFactoryPostProcessor - Post-processing PropertySource instances
2026-06-03 09:44:30 [restartedMain] INFO  com.ulisesbocchio.jasyptspringboot.EncryptablePropertySourceConverter - Skipping PropertySource configurationProperties [class org.springframework.boot.context.properties.source.ConfigurationPropertySourcesPropertySource
2026-06-03 09:44:30 [restartedMain] INFO  com.ulisesbocchio.jasyptspringboot.EncryptablePropertySourceConverter - Skipping PropertySource servletConfigInitParams [class org.springframework.core.env.PropertySource$StubPropertySource
2026-06-03 09:44:30 [restartedMain] INFO  com.ulisesbocchio.jasyptspringboot.EncryptablePropertySourceConverter - Skipping PropertySource servletContextInitParams [class org.springframework.core.env.PropertySource$StubPropertySource
2026-06-03 09:44:30 [restartedMain] INFO  com.ulisesbocchio.jasyptspringboot.EncryptablePropertySourceConverter - Converting PropertySource systemProperties [org.springframework.core.env.PropertiesPropertySource] to EncryptableMapPropertySourceWrapper
2026-06-03 09:44:30 [restartedMain] INFO  com.ulisesbocchio.jasyptspringboot.EncryptablePropertySourceConverter - Converting PropertySource systemEnvironment [org.springframework.boot.env.SystemEnvironmentPropertySourceEnvironmentPostProcessor$OriginAwareSystemEnvironmentPropertySource] to EncryptableSystemEnvironmentPropertySourceWrapper
2026-06-03 09:44:30 [restartedMain] INFO  com.ulisesbocchio.jasyptspringboot.EncryptablePropertySourceConverter - Converting PropertySource random [org.springframework.boot.env.RandomValuePropertySource] to EncryptablePropertySourceWrapper
2026-06-03 09:44:30 [restartedMain] INFO  com.ulisesbocchio.jasyptspringboot.EncryptablePropertySourceConverter - Converting PropertySource Config resource 'class path resource [application.yaml]' via location 'optional:classpath:/' [org.springframework.boot.env.OriginTrackedMapPropertySource] to EncryptableMapPropertySourceWrapper
2026-06-03 09:44:30 [restartedMain] INFO  com.ulisesbocchio.jasyptspringboot.EncryptablePropertySourceConverter - Converting PropertySource devtools [org.springframework.core.env.MapPropertySource] to EncryptableMapPropertySourceWrapper
2026-06-03 09:44:31 [restartedMain] INFO  com.ulisesbocchio.jasyptspringboot.filter.DefaultLazyPropertyFilter - Property Filter custom Bean not found with name 'encryptablePropertyFilter'. Initializing Default Property Filter
2026-06-03 09:44:31 [restartedMain] INFO  com.ulisesbocchio.jasyptspringboot.resolver.DefaultLazyPropertyResolver - Property Resolver custom Bean not found with name 'encryptablePropertyResolver'. Initializing Default Property Resolver
2026-06-03 09:44:31 [restartedMain] INFO  com.ulisesbocchio.jasyptspringboot.detector.DefaultLazyPropertyDetector - Property Detector custom Bean not found with name 'encryptablePropertyDetector'. Initializing Default Property Detector
2026-06-03 09:44:31 [restartedMain] INFO  org.springframework.boot.web.embedded.tomcat.TomcatWebServer - Tomcat initialized with port(s): 8083 (http)
2026-06-03 09:44:31 [restartedMain] INFO  org.springframework.boot.web.servlet.context.ServletWebServerApplicationContext - Root WebApplicationContext: initialization completed in 2268 ms
2026-06-03 09:44:33 [restartedMain] INFO  org.springframework.boot.actuate.endpoint.web.EndpointLinksResolver - Exposing 2 endpoint(s) beneath base path '/actuator'
2026-06-03 09:44:33 [restartedMain] INFO  org.springframework.security.web.DefaultSecurityFilterChain - Will secure any request with [org.springframework.security.web.session.DisableEncodeUrlFilter@2f8793d3, org.springframework.security.web.context.request.async.WebAsyncManagerIntegrationFilter@16ca4ec6, org.springframework.security.web.context.SecurityContextPersistenceFilter@265786c, org.springframework.security.web.header.HeaderWriterFilter@5fa077f1, org.springframework.web.filter.CorsFilter@38bf021e, org.springframework.security.web.authentication.logout.LogoutFilter@79f27d64, com.ninimum.api.security.jwt.JwtAuthenticationFilter@7cfc9590, com.ninimum.api.security.filter.UserAuthenticationFilter@6f7698d7, com.ninimum.api.security.filter.AdminAuthenticationFilter@2b8e5781, org.springframework.security.web.savedrequest.RequestCacheAwareFilter@483fe9ef, org.springframework.security.web.servletapi.SecurityContextHolderAwareRequestFilter@69f05f54, org.springframework.security.web.authentication.AnonymousAuthenticationFilter@6be10f1c, org.springframework.security.web.session.SessionManagementFilter@73de4253, org.springframework.security.web.access.ExceptionTranslationFilter@49db734f, org.springframework.security.web.access.intercept.AuthorizationFilter@2e52f4d9]
2026-06-03 09:44:33 [restartedMain] WARN  org.springframework.security.config.annotation.web.builders.WebSecurity - You are asking Spring Security to ignore Ant [pattern='/**/webjars/**']. This is not recommended -- please use permitAll via HttpSecurity#authorizeHttpRequests instead.
2026-06-03 09:44:33 [restartedMain] INFO  org.springframework.security.web.DefaultSecurityFilterChain - Will not secure Ant [pattern='/**/webjars/**']
2026-06-03 09:44:33 [restartedMain] WARN  org.springframework.security.config.annotation.web.builders.WebSecurity - You are asking Spring Security to ignore Ant [pattern='/uploads/**']. This is not recommended -- please use permitAll via HttpSecurity#authorizeHttpRequests instead.
2026-06-03 09:44:33 [restartedMain] INFO  org.springframework.security.web.DefaultSecurityFilterChain - Will not secure Ant [pattern='/uploads/**']
2026-06-03 09:44:33 [restartedMain] WARN  org.springframework.security.config.annotation.web.builders.WebSecurity - You are asking Spring Security to ignore Ant [pattern='/v2/api-docs']. This is not recommended -- please use permitAll via HttpSecurity#authorizeHttpRequests instead.
2026-06-03 09:44:33 [restartedMain] INFO  org.springframework.security.web.DefaultSecurityFilterChain - Will not secure Ant [pattern='/v2/api-docs']
2026-06-03 09:44:33 [restartedMain] WARN  org.springframework.security.config.annotation.web.builders.WebSecurity - You are asking Spring Security to ignore Ant [pattern='/swagger-resources']. This is not recommended -- please use permitAll via HttpSecurity#authorizeHttpRequests instead.
2026-06-03 09:44:33 [restartedMain] INFO  org.springframework.security.web.DefaultSecurityFilterChain - Will not secure Ant [pattern='/swagger-resources']
2026-06-03 09:44:33 [restartedMain] WARN  org.springframework.security.config.annotation.web.builders.WebSecurity - You are asking Spring Security to ignore Ant [pattern='/swagger-resources/**']. This is not recommended -- please use permitAll via HttpSecurity#authorizeHttpRequests instead.
2026-06-03 09:44:33 [restartedMain] INFO  org.springframework.security.web.DefaultSecurityFilterChain - Will not secure Ant [pattern='/swagger-resources/**']
2026-06-03 09:44:33 [restartedMain] WARN  org.springframework.security.config.annotation.web.builders.WebSecurity - You are asking Spring Security to ignore Ant [pattern='/configuration/ui']. This is not recommended -- please use permitAll via HttpSecurity#authorizeHttpRequests instead.
2026-06-03 09:44:33 [restartedMain] INFO  org.springframework.security.web.DefaultSecurityFilterChain - Will not secure Ant [pattern='/configuration/ui']
2026-06-03 09:44:33 [restartedMain] WARN  org.springframework.security.config.annotation.web.builders.WebSecurity - You are asking Spring Security to ignore Ant [pattern='/configuration/security']. This is not recommended -- please use permitAll via HttpSecurity#authorizeHttpRequests instead.
2026-06-03 09:44:33 [restartedMain] INFO  org.springframework.security.web.DefaultSecurityFilterChain - Will not secure Ant [pattern='/configuration/security']
2026-06-03 09:44:33 [restartedMain] WARN  org.springframework.security.config.annotation.web.builders.WebSecurity - You are asking Spring Security to ignore Ant [pattern='/swagger-ui/**']. This is not recommended -- please use permitAll via HttpSecurity#authorizeHttpRequests instead.
2026-06-03 09:44:33 [restartedMain] INFO  org.springframework.security.web.DefaultSecurityFilterChain - Will not secure Ant [pattern='/swagger-ui/**']
2026-06-03 09:44:33 [restartedMain] WARN  org.springframework.security.config.annotation.web.builders.WebSecurity - You are asking Spring Security to ignore Ant [pattern='/webjars/**']. This is not recommended -- please use permitAll via HttpSecurity#authorizeHttpRequests instead.
2026-06-03 09:44:33 [restartedMain] INFO  org.springframework.security.web.DefaultSecurityFilterChain - Will not secure Ant [pattern='/webjars/**']
2026-06-03 09:44:33 [restartedMain] WARN  org.springframework.security.config.annotation.web.builders.WebSecurity - You are asking Spring Security to ignore Ant [pattern='/v3/api-docs/**']. This is not recommended -- please use permitAll via HttpSecurity#authorizeHttpRequests instead.
2026-06-03 09:44:33 [restartedMain] INFO  org.springframework.security.web.DefaultSecurityFilterChain - Will not secure Ant [pattern='/v3/api-docs/**']
2026-06-03 09:44:33 [restartedMain] WARN  org.springframework.security.config.annotation.web.builders.WebSecurity - You are asking Spring Security to ignore Ant [pattern='/actuator/health/**']. This is not recommended -- please use permitAll via HttpSecurity#authorizeHttpRequests instead.
2026-06-03 09:44:33 [restartedMain] INFO  org.springframework.security.web.DefaultSecurityFilterChain - Will not secure Ant [pattern='/actuator/health/**']
2026-06-03 09:44:33 [restartedMain] WARN  org.springframework.security.config.annotation.web.builders.WebSecurity - You are asking Spring Security to ignore Ant [pattern='/actuator/info']. This is not recommended -- please use permitAll via HttpSecurity#authorizeHttpRequests instead.
2026-06-03 09:44:33 [restartedMain] INFO  org.springframework.security.web.DefaultSecurityFilterChain - Will not secure Ant [pattern='/actuator/info']
2026-06-03 09:44:33 [restartedMain] WARN  org.springframework.security.config.annotation.web.builders.WebSecurity - You are asking Spring Security to ignore Ant [pattern='/ninimum/actuator/**']. This is not recommended -- please use permitAll via HttpSecurity#authorizeHttpRequests instead.
2026-06-03 09:44:33 [restartedMain] INFO  org.springframework.security.web.DefaultSecurityFilterChain - Will not secure Ant [pattern='/ninimum/actuator/**']
2026-06-03 09:44:33 [restartedMain] WARN  org.springframework.security.config.annotation.web.builders.WebSecurity - You are asking Spring Security to ignore Ant [pattern='/api/v1/status']. This is not recommended -- please use permitAll via HttpSecurity#authorizeHttpRequests instead.
2026-06-03 09:44:33 [restartedMain] INFO  org.springframework.security.web.DefaultSecurityFilterChain - Will not secure Ant [pattern='/api/v1/status']
2026-06-03 09:44:33 [restartedMain] WARN  org.springframework.security.config.annotation.web.builders.WebSecurity - You are asking Spring Security to ignore Ant [pattern='/ninimum/api/v1/status']. This is not recommended -- please use permitAll via HttpSecurity#authorizeHttpRequests instead.
2026-06-03 09:44:33 [restartedMain] INFO  org.springframework.security.web.DefaultSecurityFilterChain - Will not secure Ant [pattern='/ninimum/api/v1/status']
2026-06-03 09:44:33 [restartedMain] WARN  org.springframework.security.config.annotation.web.builders.WebSecurity - You are asking Spring Security to ignore Ant [pattern='/ninimum/api/v1/user/checkPhoneNumber']. This is not recommended -- please use permitAll via HttpSecurity#authorizeHttpRequests instead.
2026-06-03 09:44:33 [restartedMain] INFO  org.springframework.security.web.DefaultSecurityFilterChain - Will not secure Ant [pattern='/ninimum/api/v1/user/checkPhoneNumber']
2026-06-03 09:44:33 [restartedMain] WARN  org.springframework.security.config.annotation.web.builders.WebSecurity - You are asking Spring Security to ignore Ant [pattern='/ninimum/api/v1/user/register']. This is not recommended -- please use permitAll via HttpSecurity#authorizeHttpRequests instead.
2026-06-03 09:44:33 [restartedMain] INFO  org.springframework.security.web.DefaultSecurityFilterChain - Will not secure Ant [pattern='/ninimum/api/v1/user/register']
2026-06-03 09:44:33 [restartedMain] WARN  org.springframework.security.config.annotation.web.builders.WebSecurity - You are asking Spring Security to ignore Ant [pattern='/ninimum/api/v1/message/verifyPhoneNumber']. This is not recommended -- please use permitAll via HttpSecurity#authorizeHttpRequests instead.
2026-06-03 09:44:33 [restartedMain] INFO  org.springframework.security.web.DefaultSecurityFilterChain - Will not secure Ant [pattern='/ninimum/api/v1/message/verifyPhoneNumber']
2026-06-03 09:44:33 [restartedMain] WARN  org.springframework.security.config.annotation.web.builders.WebSecurity - You are asking Spring Security to ignore Ant [pattern='/error']. This is not recommended -- please use permitAll via HttpSecurity#authorizeHttpRequests instead.
2026-06-03 09:44:33 [restartedMain] INFO  org.springframework.security.web.DefaultSecurityFilterChain - Will not secure Ant [pattern='/error']
2026-06-03 09:44:33 [restartedMain] INFO  com.zaxxer.hikari.HikariDataSource - HikariPool-1 - Starting...
2026-06-03 09:44:35 [restartedMain] INFO  com.zaxxer.hikari.HikariDataSource - HikariPool-1 - Start completed.
2026-06-03 09:44:35 [restartedMain] INFO  org.springframework.boot.devtools.autoconfigure.OptionalLiveReloadServer - LiveReload server is running on port 35729
2026-06-03 09:44:35 [restartedMain] INFO  org.springframework.boot.web.embedded.tomcat.TomcatWebServer - Tomcat started on port(s): 8083 (http) with context path ''
2026-06-03 09:44:35 [restartedMain] INFO  com.ulisesbocchio.jasyptspringboot.caching.RefreshScopeRefreshedEventListener - Refreshing cached encryptable property sources on ServletWebServerInitializedEvent
2026-06-03 09:44:35 [restartedMain] INFO  com.ulisesbocchio.jasyptspringboot.caching.CachingDelegateEncryptablePropertySource - Property Source systemProperties refreshed
2026-06-03 09:44:35 [restartedMain] INFO  com.ulisesbocchio.jasyptspringboot.caching.CachingDelegateEncryptablePropertySource - Property Source systemEnvironment refreshed
2026-06-03 09:44:35 [restartedMain] INFO  com.ulisesbocchio.jasyptspringboot.caching.CachingDelegateEncryptablePropertySource - Property Source random refreshed
2026-06-03 09:44:35 [restartedMain] INFO  com.ulisesbocchio.jasyptspringboot.caching.CachingDelegateEncryptablePropertySource - Property Source Config resource 'class path resource [application.yaml]' via location 'optional:classpath:/' refreshed
2026-06-03 09:44:35 [restartedMain] INFO  com.ulisesbocchio.jasyptspringboot.caching.CachingDelegateEncryptablePropertySource - Property Source devtools refreshed
2026-06-03 09:44:35 [restartedMain] INFO  com.ulisesbocchio.jasyptspringboot.EncryptablePropertySourceConverter - Converting PropertySource server.ports [org.springframework.core.env.MapPropertySource] to EncryptableMapPropertySourceWrapper
2026-06-03 09:44:35 [restartedMain] INFO  com.ulisesbocchio.jasyptspringboot.EncryptablePropertySourceConverter - Skipping PropertySource configurationProperties [class org.springframework.boot.context.properties.source.ConfigurationPropertySourcesPropertySource
2026-06-03 09:44:35 [restartedMain] INFO  com.ulisesbocchio.jasyptspringboot.EncryptablePropertySourceConverter - Skipping PropertySource servletConfigInitParams [class org.springframework.core.env.PropertySource$StubPropertySource
2026-06-03 09:44:35 [restartedMain] INFO  com.ulisesbocchio.jasyptspringboot.EncryptablePropertySourceConverter - Converting PropertySource servletContextInitParams [org.springframework.web.context.support.ServletContextPropertySource] to EncryptableEnumerablePropertySourceWrapper
2026-06-03 09:44:35 [restartedMain] INFO  com.ulisesbocchio.jasyptspringboot.EncryptablePropertySourceConverter - Converting PropertySource Management Server [org.springframework.boot.actuate.autoconfigure.web.server.ManagementContextAutoConfiguration$SameManagementContextConfiguration$1] to EncryptablePropertySourceWrapper
2026-06-03 09:44:36 [restartedMain] INFO  com.ninimum.api.NinimumApplication - Started NinimumApplication in 7.137 seconds (JVM running for 8.423)
2026-06-03 10:33:31 [HikariPool-1 housekeeper] WARN  com.zaxxer.hikari.pool.HikariPool - HikariPool-1 - Thread starvation or clock leap detected (housekeeper delta=30m25s215ms).
2026-06-03 10:40:23 [SpringApplicationShutdownHook] INFO  com.zaxxer.hikari.HikariDataSource - HikariPool-1 - Shutdown initiated...
2026-06-03 10:40:23 [SpringApplicationShutdownHook] INFO  com.zaxxer.hikari.HikariDataSource - HikariPool-1 - Shutdown completed.
2026-06-03 10:40:26 [restartedMain] INFO  com.ninimum.api.NinimumApplication - Starting NinimumApplication using Java 17.0.14 on Akmalui-MacBookPro.local with PID 8627 (/Users/akmalbukhariev/Projects/NinimumBackend/NinimumBackend/target/classes started by akmalbukhariev in /Users/akmalbukhariev/Projects/NinimumBackend/NinimumBackend)
2026-06-03 10:40:26 [restartedMain] INFO  com.ninimum.api.NinimumApplication - The following 1 profile is active: "default"
2026-06-03 10:40:26 [restartedMain] INFO  org.springframework.boot.devtools.env.DevToolsPropertyDefaultsPostProcessor - Devtools property defaults active! Set 'spring.devtools.add-properties' to 'false' to disable
2026-06-03 10:40:26 [restartedMain] INFO  org.springframework.boot.devtools.env.DevToolsPropertyDefaultsPostProcessor - For additional web related logging consider setting the 'logging.level.web' property to 'DEBUG'
2026-06-03 10:40:27 [restartedMain] INFO  org.springframework.data.repository.config.RepositoryConfigurationDelegate - Bootstrapping Spring Data JDBC repositories in DEFAULT mode.
2026-06-03 10:40:27 [restartedMain] INFO  org.springframework.data.repository.config.RepositoryConfigurationDelegate - Finished Spring Data repository scanning in 29 ms. Found 0 JDBC repository interfaces.
2026-06-03 10:40:28 [restartedMain] INFO  com.ulisesbocchio.jasyptspringboot.configuration.EnableEncryptablePropertiesBeanFactoryPostProcessor - Post-processing PropertySource instances
2026-06-03 10:40:28 [restartedMain] INFO  com.ulisesbocchio.jasyptspringboot.EncryptablePropertySourceConverter - Skipping PropertySource configurationProperties [class org.springframework.boot.context.properties.source.ConfigurationPropertySourcesPropertySource
2026-06-03 10:40:28 [restartedMain] INFO  com.ulisesbocchio.jasyptspringboot.EncryptablePropertySourceConverter - Skipping PropertySource servletConfigInitParams [class org.springframework.core.env.PropertySource$StubPropertySource
2026-06-03 10:40:28 [restartedMain] INFO  com.ulisesbocchio.jasyptspringboot.EncryptablePropertySourceConverter - Skipping PropertySource servletContextInitParams [class org.springframework.core.env.PropertySource$StubPropertySource
2026-06-03 10:40:28 [restartedMain] INFO  com.ulisesbocchio.jasyptspringboot.EncryptablePropertySourceConverter - Converting PropertySource systemProperties [org.springframework.core.env.PropertiesPropertySource] to EncryptableMapPropertySourceWrapper
2026-06-03 10:40:28 [restartedMain] INFO  com.ulisesbocchio.jasyptspringboot.EncryptablePropertySourceConverter - Converting PropertySource systemEnvironment [org.springframework.boot.env.SystemEnvironmentPropertySourceEnvironmentPostProcessor$OriginAwareSystemEnvironmentPropertySource] to EncryptableSystemEnvironmentPropertySourceWrapper
2026-06-03 10:40:28 [restartedMain] INFO  com.ulisesbocchio.jasyptspringboot.EncryptablePropertySourceConverter - Converting PropertySource random [org.springframework.boot.env.RandomValuePropertySource] to EncryptablePropertySourceWrapper
2026-06-03 10:40:28 [restartedMain] INFO  com.ulisesbocchio.jasyptspringboot.EncryptablePropertySourceConverter - Converting PropertySource Config resource 'class path resource [application.yaml]' via location 'optional:classpath:/' [org.springframework.boot.env.OriginTrackedMapPropertySource] to EncryptableMapPropertySourceWrapper
2026-06-03 10:40:28 [restartedMain] INFO  com.ulisesbocchio.jasyptspringboot.EncryptablePropertySourceConverter - Converting PropertySource devtools [org.springframework.core.env.MapPropertySource] to EncryptableMapPropertySourceWrapper
2026-06-03 10:40:28 [restartedMain] INFO  com.ulisesbocchio.jasyptspringboot.filter.DefaultLazyPropertyFilter - Property Filter custom Bean not found with name 'encryptablePropertyFilter'. Initializing Default Property Filter
2026-06-03 10:40:28 [restartedMain] INFO  com.ulisesbocchio.jasyptspringboot.resolver.DefaultLazyPropertyResolver - Property Resolver custom Bean not found with name 'encryptablePropertyResolver'. Initializing Default Property Resolver
2026-06-03 10:40:28 [restartedMain] INFO  com.ulisesbocchio.jasyptspringboot.detector.DefaultLazyPropertyDetector - Property Detector custom Bean not found with name 'encryptablePropertyDetector'. Initializing Default Property Detector
2026-06-03 10:40:28 [restartedMain] INFO  org.springframework.boot.web.embedded.tomcat.TomcatWebServer - Tomcat initialized with port(s): 8083 (http)
2026-06-03 10:40:28 [restartedMain] INFO  org.springframework.boot.web.servlet.context.ServletWebServerApplicationContext - Root WebApplicationContext: initialization completed in 2373 ms
2026-06-03 10:40:30 [restartedMain] INFO  org.springframework.boot.actuate.endpoint.web.EndpointLinksResolver - Exposing 2 endpoint(s) beneath base path '/actuator'
2026-06-03 10:40:30 [restartedMain] INFO  org.springframework.security.web.DefaultSecurityFilterChain - Will secure any request with [org.springframework.security.web.session.DisableEncodeUrlFilter@430f08b5, org.springframework.security.web.context.request.async.WebAsyncManagerIntegrationFilter@635c023b, org.springframework.security.web.context.SecurityContextPersistenceFilter@3ec5d25d, org.springframework.security.web.header.HeaderWriterFilter@5407b7fb, org.springframework.web.filter.CorsFilter@1e0fceb2, org.springframework.security.web.authentication.logout.LogoutFilter@563ece6, com.ninimum.api.security.jwt.JwtAuthenticationFilter@36d3dc1e, com.ninimum.api.security.filter.UserAuthenticationFilter@d2220d1, com.ninimum.api.security.filter.AdminAuthenticationFilter@e6cb694, org.springframework.security.web.savedrequest.RequestCacheAwareFilter@1b0e493, org.springframework.security.web.servletapi.SecurityContextHolderAwareRequestFilter@2c4c5b75, org.springframework.security.web.authentication.AnonymousAuthenticationFilter@6ef693b5, org.springframework.security.web.session.SessionManagementFilter@76026785, org.springframework.security.web.access.ExceptionTranslationFilter@5a80e26e, org.springframework.security.web.access.intercept.AuthorizationFilter@58ff118e]
2026-06-03 10:40:30 [restartedMain] WARN  org.springframework.security.config.annotation.web.builders.WebSecurity - You are asking Spring Security to ignore Ant [pattern='/**/webjars/**']. This is not recommended -- please use permitAll via HttpSecurity#authorizeHttpRequests instead.
2026-06-03 10:40:30 [restartedMain] INFO  org.springframework.security.web.DefaultSecurityFilterChain - Will not secure Ant [pattern='/**/webjars/**']
2026-06-03 10:40:30 [restartedMain] WARN  org.springframework.security.config.annotation.web.builders.WebSecurity - You are asking Spring Security to ignore Ant [pattern='/uploads/**']. This is not recommended -- please use permitAll via HttpSecurity#authorizeHttpRequests instead.
2026-06-03 10:40:30 [restartedMain] INFO  org.springframework.security.web.DefaultSecurityFilterChain - Will not secure Ant [pattern='/uploads/**']
2026-06-03 10:40:30 [restartedMain] WARN  org.springframework.security.config.annotation.web.builders.WebSecurity - You are asking Spring Security to ignore Ant [pattern='/v2/api-docs']. This is not recommended -- please use permitAll via HttpSecurity#authorizeHttpRequests instead.
2026-06-03 10:40:30 [restartedMain] INFO  org.springframework.security.web.DefaultSecurityFilterChain - Will not secure Ant [pattern='/v2/api-docs']
2026-06-03 10:40:30 [restartedMain] WARN  org.springframework.security.config.annotation.web.builders.WebSecurity - You are asking Spring Security to ignore Ant [pattern='/swagger-resources']. This is not recommended -- please use permitAll via HttpSecurity#authorizeHttpRequests instead.
2026-06-03 10:40:30 [restartedMain] INFO  org.springframework.security.web.DefaultSecurityFilterChain - Will not secure Ant [pattern='/swagger-resources']
2026-06-03 10:40:30 [restartedMain] WARN  org.springframework.security.config.annotation.web.builders.WebSecurity - You are asking Spring Security to ignore Ant [pattern='/swagger-resources/**']. This is not recommended -- please use permitAll via HttpSecurity#authorizeHttpRequests instead.
2026-06-03 10:40:30 [restartedMain] INFO  org.springframework.security.web.DefaultSecurityFilterChain - Will not secure Ant [pattern='/swagger-resources/**']
2026-06-03 10:40:30 [restartedMain] WARN  org.springframework.security.config.annotation.web.builders.WebSecurity - You are asking Spring Security to ignore Ant [pattern='/configuration/ui']. This is not recommended -- please use permitAll via HttpSecurity#authorizeHttpRequests instead.
2026-06-03 10:40:30 [restartedMain] INFO  org.springframework.security.web.DefaultSecurityFilterChain - Will not secure Ant [pattern='/configuration/ui']
2026-06-03 10:40:30 [restartedMain] WARN  org.springframework.security.config.annotation.web.builders.WebSecurity - You are asking Spring Security to ignore Ant [pattern='/configuration/security']. This is not recommended -- please use permitAll via HttpSecurity#authorizeHttpRequests instead.
2026-06-03 10:40:30 [restartedMain] INFO  org.springframework.security.web.DefaultSecurityFilterChain - Will not secure Ant [pattern='/configuration/security']
2026-06-03 10:40:30 [restartedMain] WARN  org.springframework.security.config.annotation.web.builders.WebSecurity - You are asking Spring Security to ignore Ant [pattern='/swagger-ui/**']. This is not recommended -- please use permitAll via HttpSecurity#authorizeHttpRequests instead.
2026-06-03 10:40:30 [restartedMain] INFO  org.springframework.security.web.DefaultSecurityFilterChain - Will not secure Ant [pattern='/swagger-ui/**']
2026-06-03 10:40:30 [restartedMain] WARN  org.springframework.security.config.annotation.web.builders.WebSecurity - You are asking Spring Security to ignore Ant [pattern='/webjars/**']. This is not recommended -- please use permitAll via HttpSecurity#authorizeHttpRequests instead.
2026-06-03 10:40:30 [restartedMain] INFO  org.springframework.security.web.DefaultSecurityFilterChain - Will not secure Ant [pattern='/webjars/**']
2026-06-03 10:40:30 [restartedMain] WARN  org.springframework.security.config.annotation.web.builders.WebSecurity - You are asking Spring Security to ignore Ant [pattern='/v3/api-docs/**']. This is not recommended -- please use permitAll via HttpSecurity#authorizeHttpRequests instead.
2026-06-03 10:40:30 [restartedMain] INFO  org.springframework.security.web.DefaultSecurityFilterChain - Will not secure Ant [pattern='/v3/api-docs/**']
2026-06-03 10:40:30 [restartedMain] WARN  org.springframework.security.config.annotation.web.builders.WebSecurity - You are asking Spring Security to ignore Ant [pattern='/actuator/health/**']. This is not recommended -- please use permitAll via HttpSecurity#authorizeHttpRequests instead.
2026-06-03 10:40:30 [restartedMain] INFO  org.springframework.security.web.DefaultSecurityFilterChain - Will not secure Ant [pattern='/actuator/health/**']
2026-06-03 10:40:30 [restartedMain] WARN  org.springframework.security.config.annotation.web.builders.WebSecurity - You are asking Spring Security to ignore Ant [pattern='/actuator/info']. This is not recommended -- please use permitAll via HttpSecurity#authorizeHttpRequests instead.
2026-06-03 10:40:30 [restartedMain] INFO  org.springframework.security.web.DefaultSecurityFilterChain - Will not secure Ant [pattern='/actuator/info']
2026-06-03 10:40:30 [restartedMain] WARN  org.springframework.security.config.annotation.web.builders.WebSecurity - You are asking Spring Security to ignore Ant [pattern='/ninimum/actuator/**']. This is not recommended -- please use permitAll via HttpSecurity#authorizeHttpRequests instead.
2026-06-03 10:40:30 [restartedMain] INFO  org.springframework.security.web.DefaultSecurityFilterChain - Will not secure Ant [pattern='/ninimum/actuator/**']
2026-06-03 10:40:30 [restartedMain] WARN  org.springframework.security.config.annotation.web.builders.WebSecurity - You are asking Spring Security to ignore Ant [pattern='/api/v1/status']. This is not recommended -- please use permitAll via HttpSecurity#authorizeHttpRequests instead.
2026-06-03 10:40:30 [restartedMain] INFO  org.springframework.security.web.DefaultSecurityFilterChain - Will not secure Ant [pattern='/api/v1/status']
2026-06-03 10:40:30 [restartedMain] WARN  org.springframework.security.config.annotation.web.builders.WebSecurity - You are asking Spring Security to ignore Ant [pattern='/ninimum/api/v1/status']. This is not recommended -- please use permitAll via HttpSecurity#authorizeHttpRequests instead.
2026-06-03 10:40:30 [restartedMain] INFO  org.springframework.security.web.DefaultSecurityFilterChain - Will not secure Ant [pattern='/ninimum/api/v1/status']
2026-06-03 10:40:30 [restartedMain] WARN  org.springframework.security.config.annotation.web.builders.WebSecurity - You are asking Spring Security to ignore Ant [pattern='/ninimum/api/v1/user/checkPhoneNumber']. This is not recommended -- please use permitAll via HttpSecurity#authorizeHttpRequests instead.
2026-06-03 10:40:30 [restartedMain] INFO  org.springframework.security.web.DefaultSecurityFilterChain - Will not secure Ant [pattern='/ninimum/api/v1/user/checkPhoneNumber']
2026-06-03 10:40:30 [restartedMain] WARN  org.springframework.security.config.annotation.web.builders.WebSecurity - You are asking Spring Security to ignore Ant [pattern='/ninimum/api/v1/user/register']. This is not recommended -- please use permitAll via HttpSecurity#authorizeHttpRequests instead.
2026-06-03 10:40:30 [restartedMain] INFO  org.springframework.security.web.DefaultSecurityFilterChain - Will not secure Ant [pattern='/ninimum/api/v1/user/register']
2026-06-03 10:40:30 [restartedMain] WARN  org.springframework.security.config.annotation.web.builders.WebSecurity - You are asking Spring Security to ignore Ant [pattern='/ninimum/api/v1/message/verifyPhoneNumber']. This is not recommended -- please use permitAll via HttpSecurity#authorizeHttpRequests instead.
2026-06-03 10:40:30 [restartedMain] INFO  org.springframework.security.web.DefaultSecurityFilterChain - Will not secure Ant [pattern='/ninimum/api/v1/message/verifyPhoneNumber']
2026-06-03 10:40:30 [restartedMain] WARN  org.springframework.security.config.annotation.web.builders.WebSecurity - You are asking Spring Security to ignore Ant [pattern='/error']. This is not recommended -- please use permitAll via HttpSecurity#authorizeHttpRequests instead.
2026-06-03 10:40:30 [restartedMain] INFO  org.springframework.security.web.DefaultSecurityFilterChain - Will not secure Ant [pattern='/error']
2026-06-03 10:40:31 [restartedMain] INFO  com.zaxxer.hikari.HikariDataSource - HikariPool-1 - Starting...
2026-06-03 10:40:32 [restartedMain] INFO  com.zaxxer.hikari.HikariDataSource - HikariPool-1 - Start completed.
2026-06-03 10:40:32 [restartedMain] INFO  org.springframework.boot.devtools.autoconfigure.OptionalLiveReloadServer - LiveReload server is running on port 35729
2026-06-03 10:40:32 [restartedMain] INFO  org.springframework.boot.web.embedded.tomcat.TomcatWebServer - Tomcat started on port(s): 8083 (http) with context path ''
2026-06-03 10:40:32 [restartedMain] INFO  com.ulisesbocchio.jasyptspringboot.caching.RefreshScopeRefreshedEventListener - Refreshing cached encryptable property sources on ServletWebServerInitializedEvent
2026-06-03 10:40:32 [restartedMain] INFO  com.ulisesbocchio.jasyptspringboot.caching.CachingDelegateEncryptablePropertySource - Property Source systemProperties refreshed
2026-06-03 10:40:32 [restartedMain] INFO  com.ulisesbocchio.jasyptspringboot.caching.CachingDelegateEncryptablePropertySource - Property Source systemEnvironment refreshed
2026-06-03 10:40:32 [restartedMain] INFO  com.ulisesbocchio.jasyptspringboot.caching.CachingDelegateEncryptablePropertySource - Property Source random refreshed
2026-06-03 10:40:32 [restartedMain] INFO  com.ulisesbocchio.jasyptspringboot.caching.CachingDelegateEncryptablePropertySource - Property Source Config resource 'class path resource [application.yaml]' via location 'optional:classpath:/' refreshed
2026-06-03 10:40:32 [restartedMain] INFO  com.ulisesbocchio.jasyptspringboot.caching.CachingDelegateEncryptablePropertySource - Property Source devtools refreshed
2026-06-03 10:40:32 [restartedMain] INFO  com.ulisesbocchio.jasyptspringboot.EncryptablePropertySourceConverter - Converting PropertySource server.ports [org.springframework.core.env.MapPropertySource] to EncryptableMapPropertySourceWrapper
2026-06-03 10:40:32 [restartedMain] INFO  com.ulisesbocchio.jasyptspringboot.EncryptablePropertySourceConverter - Skipping PropertySource configurationProperties [class org.springframework.boot.context.properties.source.ConfigurationPropertySourcesPropertySource
2026-06-03 10:40:32 [restartedMain] INFO  com.ulisesbocchio.jasyptspringboot.EncryptablePropertySourceConverter - Skipping PropertySource servletConfigInitParams [class org.springframework.core.env.PropertySource$StubPropertySource
2026-06-03 10:40:32 [restartedMain] INFO  com.ulisesbocchio.jasyptspringboot.EncryptablePropertySourceConverter - Converting PropertySource servletContextInitParams [org.springframework.web.context.support.ServletContextPropertySource] to EncryptableEnumerablePropertySourceWrapper
2026-06-03 10:40:32 [restartedMain] INFO  com.ulisesbocchio.jasyptspringboot.EncryptablePropertySourceConverter - Converting PropertySource Management Server [org.springframework.boot.actuate.autoconfigure.web.server.ManagementContextAutoConfiguration$SameManagementContextConfiguration$1] to EncryptablePropertySourceWrapper
2026-06-03 10:40:32 [restartedMain] INFO  com.ninimum.api.NinimumApplication - Started NinimumApplication in 6.59 seconds (JVM running for 7.913)
2026-06-03 10:41:56 [http-nio-0.0.0.0-8083-exec-1] INFO  org.springframework.web.servlet.DispatcherServlet - Initializing Servlet 'dispatcherServlet'
2026-06-03 10:41:56 [http-nio-0.0.0.0-8083-exec-1] INFO  org.springframework.web.servlet.DispatcherServlet - Completed initialization in 17 ms
2026-06-03 10:41:56 [http-nio-0.0.0.0-8083-exec-1] INFO  com.ninimum.api.security.provider.UserAuthenticationProvider - userId => 998998887766
2026-06-03 10:41:56 [http-nio-0.0.0.0-8083-exec-1] INFO  com.ninimum.api.security.provider.UserAuthenticationProvider - passwd => 123
2026-06-03 10:42:01 [http-nio-0.0.0.0-8083-exec-2] INFO  com.ninimum.api.security.jwt.JwtAuthenticationFilter - bearerToken==> Bearer eyJhbGciOiJIUzI1NiJ9.eyJzdWIiOiI5OTg5OTg4ODc3NjYiLCJhdXRoIjoiVVNFUiIsImV4cCI6MTgxMTk4NjkxNn0.2O1qVuXPIx3diSFJj7HFSJcmxBmiR0KwU3MH4ooqTwA
2026-06-03 10:42:46 [http-nio-0.0.0.0-8083-exec-3] INFO  com.ninimum.api.security.jwt.JwtAuthenticationFilter - bearerToken==> Bearer eyJhbGciOiJIUzI1NiJ9.eyJzdWIiOiI5OTg5OTg4ODc3NjYiLCJhdXRoIjoiVVNFUiIsImV4cCI6MTgxMTk4NjkxNn0.2O1qVuXPIx3diSFJj7HFSJcmxBmiR0KwU3MH4ooqTwA
2026-06-03 10:42:52 [http-nio-0.0.0.0-8083-exec-4] INFO  com.ninimum.api.security.jwt.JwtAuthenticationFilter - bearerToken==> Bearer eyJhbGciOiJIUzI1NiJ9.eyJzdWIiOiI5OTg5OTg4ODc3NjYiLCJhdXRoIjoiVVNFUiIsImV4cCI6MTgxMTk4NjkxNn0.2O1qVuXPIx3diSFJj7HFSJcmxBmiR0KwU3MH4ooqTwA
2026-06-03 10:43:06 [http-nio-0.0.0.0-8083-exec-5] INFO  com.ninimum.api.security.jwt.JwtAuthenticationFilter - bearerToken==> Bearer eyJhbGciOiJIUzI1NiJ9.eyJzdWIiOiI5OTg5OTg4ODc3NjYiLCJhdXRoIjoiVVNFUiIsImV4cCI6MTgxMTk4NjkxNn0.2O1qVuXPIx3diSFJj7HFSJcmxBmiR0KwU3MH4ooqTwA
2026-06-03 10:43:27 [http-nio-0.0.0.0-8083-exec-7] INFO  com.ninimum.api.security.jwt.JwtAuthenticationFilter - bearerToken==> Bearer eyJhbGciOiJIUzI1NiJ9.eyJzdWIiOiI5OTg5OTg4ODc3NjYiLCJhdXRoIjoiVVNFUiIsImV4cCI6MTgxMTk4NjkxNn0.2O1qVuXPIx3diSFJj7HFSJcmxBmiR0KwU3MH4ooqTwA
2026-06-03 10:43:53 [http-nio-0.0.0.0-8083-exec-9] INFO  com.ninimum.api.security.jwt.JwtAuthenticationFilter - bearerToken==> Bearer eyJhbGciOiJIUzI1NiJ9.eyJzdWIiOiI5OTg5OTg4ODc3NjYiLCJhdXRoIjoiVVNFUiIsImV4cCI6MTgxMTk4NjkxNn0.2O1qVuXPIx3diSFJj7HFSJcmxBmiR0KwU3MH4ooqTwA
2026-06-03 10:43:59 [http-nio-0.0.0.0-8083-exec-1] INFO  com.ninimum.api.security.provider.UserAuthenticationProvider - userId => 998998887766
2026-06-03 10:43:59 [http-nio-0.0.0.0-8083-exec-1] INFO  com.ninimum.api.security.provider.UserAuthenticationProvider - passwd => 123
2026-06-03 10:44:02 [http-nio-0.0.0.0-8083-exec-2] INFO  com.ninimum.api.security.jwt.JwtAuthenticationFilter - bearerToken==> Bearer eyJhbGciOiJIUzI1NiJ9.eyJzdWIiOiI5OTg5OTg4ODc3NjYiLCJhdXRoIjoiVVNFUiIsImV4cCI6MTgxMTk4NzA0MH0.MKE0EJU7-D1vTTMMlGtFzSrTODECpeVyS2l6mPLImGM
2026-06-03 10:44:13 [http-nio-0.0.0.0-8083-exec-3] INFO  com.ninimum.api.security.jwt.JwtAuthenticationFilter - bearerToken==> Bearer eyJhbGciOiJIUzI1NiJ9.eyJzdWIiOiI5OTg5OTg4ODc3NjYiLCJhdXRoIjoiVVNFUiIsImV4cCI6MTgxMTk4NzA0MH0.MKE0EJU7-D1vTTMMlGtFzSrTODECpeVyS2l6mPLImGM
2026-06-03 10:44:15 [http-nio-0.0.0.0-8083-exec-4] INFO  com.ninimum.api.security.jwt.JwtAuthenticationFilter - bearerToken==> Bearer eyJhbGciOiJIUzI1NiJ9.eyJzdWIiOiI5OTg5OTg4ODc3NjYiLCJhdXRoIjoiVVNFUiIsImV4cCI6MTgxMTk4NzA0MH0.MKE0EJU7-D1vTTMMlGtFzSrTODECpeVyS2l6mPLImGM
2026-06-03 10:47:03 [http-nio-0.0.0.0-8083-exec-6] INFO  com.ninimum.api.security.provider.UserAuthenticationProvider - userId => 998998887766
2026-06-03 10:47:03 [http-nio-0.0.0.0-8083-exec-6] INFO  com.ninimum.api.security.provider.UserAuthenticationProvider - passwd => 123
2026-06-03 10:47:07 [http-nio-0.0.0.0-8083-exec-7] INFO  com.ninimum.api.security.jwt.JwtAuthenticationFilter - bearerToken==> Bearer eyJhbGciOiJIUzI1NiJ9.eyJzdWIiOiI5OTg5OTg4ODc3NjYiLCJhdXRoIjoiVVNFUiIsImV4cCI6MTgxMTk4NzIyM30.xvEYLNEk0EBwXEyjJWJ7KXnjbE1Awq2q6-6HADLvqbQ
2026-06-03 10:47:50 [http-nio-0.0.0.0-8083-exec-8] INFO  com.ninimum.api.security.jwt.JwtAuthenticationFilter - bearerToken==> Bearer eyJhbGciOiJIUzI1NiJ9.eyJzdWIiOiI5OTg5OTg4ODc3NjYiLCJhdXRoIjoiVVNFUiIsImV4cCI6MTgxMTk4NzIyM30.xvEYLNEk0EBwXEyjJWJ7KXnjbE1Awq2q6-6HADLvqbQ
2026-06-03 10:47:52 [http-nio-0.0.0.0-8083-exec-9] INFO  com.ninimum.api.security.jwt.JwtAuthenticationFilter - bearerToken==> Bearer eyJhbGciOiJIUzI1NiJ9.eyJzdWIiOiI5OTg5OTg4ODc3NjYiLCJhdXRoIjoiVVNFUiIsImV4cCI6MTgxMTk4NzIyM30.xvEYLNEk0EBwXEyjJWJ7KXnjbE1Awq2q6-6HADLvqbQ
2026-06-03 10:50:41 [http-nio-0.0.0.0-8083-exec-1] INFO  com.ninimum.api.security.provider.UserAuthenticationProvider - userId => 998998887766
2026-06-03 10:50:41 [http-nio-0.0.0.0-8083-exec-1] INFO  com.ninimum.api.security.provider.UserAuthenticationProvider - passwd => 123
2026-06-03 10:50:46 [http-nio-0.0.0.0-8083-exec-2] INFO  com.ninimum.api.security.jwt.JwtAuthenticationFilter - bearerToken==> Bearer eyJhbGciOiJIUzI1NiJ9.eyJzdWIiOiI5OTg5OTg4ODc3NjYiLCJhdXRoIjoiVVNFUiIsImV4cCI6MTgxMTk4NzQ0Mn0.jaPQWYemTB2FNSCUF9Prkh96ZFyUanN-TCLUZWzK4p0
2026-06-03 10:50:58 [http-nio-0.0.0.0-8083-exec-3] INFO  com.ninimum.api.security.jwt.JwtAuthenticationFilter - bearerToken==> Bearer eyJhbGciOiJIUzI1NiJ9.eyJzdWIiOiI5OTg5OTg4ODc3NjYiLCJhdXRoIjoiVVNFUiIsImV4cCI6MTgxMTk4NzQ0Mn0.jaPQWYemTB2FNSCUF9Prkh96ZFyUanN-TCLUZWzK4p0
2026-06-03 10:51:04 [http-nio-0.0.0.0-8083-exec-4] INFO  com.ninimum.api.security.jwt.JwtAuthenticationFilter - bearerToken==> Bearer eyJhbGciOiJIUzI1NiJ9.eyJzdWIiOiI5OTg5OTg4ODc3NjYiLCJhdXRoIjoiVVNFUiIsImV4cCI6MTgxMTk4NzQ0Mn0.jaPQWYemTB2FNSCUF9Prkh96ZFyUanN-TCLUZWzK4p0
2026-06-03 10:58:21 [http-nio-0.0.0.0-8083-exec-6] INFO  com.ninimum.api.security.provider.UserAuthenticationProvider - userId => 998998887766
2026-06-03 10:58:21 [http-nio-0.0.0.0-8083-exec-6] INFO  com.ninimum.api.security.provider.UserAuthenticationProvider - passwd => 123
2026-06-03 10:58:23 [http-nio-0.0.0.0-8083-exec-7] INFO  com.ninimum.api.security.jwt.JwtAuthenticationFilter - bearerToken==> Bearer eyJhbGciOiJIUzI1NiJ9.eyJzdWIiOiI5OTg5OTg4ODc3NjYiLCJhdXRoIjoiVVNFUiIsImV4cCI6MTgxMTk4NzkwMX0.r4X2gw7cKSM3_cvKcQLbpB9ilq03HbDWinEBJgi1BOk
2026-06-03 10:58:35 [http-nio-0.0.0.0-8083-exec-8] INFO  com.ninimum.api.security.jwt.JwtAuthenticationFilter - bearerToken==> Bearer eyJhbGciOiJIUzI1NiJ9.eyJzdWIiOiI5OTg5OTg4ODc3NjYiLCJhdXRoIjoiVVNFUiIsImV4cCI6MTgxMTk4NzkwMX0.r4X2gw7cKSM3_cvKcQLbpB9ilq03HbDWinEBJgi1BOk
2026-06-03 10:58:43 [http-nio-0.0.0.0-8083-exec-9] INFO  com.ninimum.api.security.jwt.JwtAuthenticationFilter - bearerToken==> Bearer eyJhbGciOiJIUzI1NiJ9.eyJzdWIiOiI5OTg5OTg4ODc3NjYiLCJhdXRoIjoiVVNFUiIsImV4cCI6MTgxMTk4NzkwMX0.r4X2gw7cKSM3_cvKcQLbpB9ilq03HbDWinEBJgi1BOk
2026-06-03 10:58:49 [http-nio-0.0.0.0-8083-exec-10] INFO  com.ninimum.api.security.jwt.JwtAuthenticationFilter - bearerToken==> Bearer eyJhbGciOiJIUzI1NiJ9.eyJzdWIiOiI5OTg5OTg4ODc3NjYiLCJhdXRoIjoiVVNFUiIsImV4cCI6MTgxMTk4NzkwMX0.r4X2gw7cKSM3_cvKcQLbpB9ilq03HbDWinEBJgi1BOk
2026-06-03 10:58:59 [http-nio-0.0.0.0-8083-exec-1] INFO  com.ninimum.api.security.jwt.JwtAuthenticationFilter - bearerToken==> Bearer eyJhbGciOiJIUzI1NiJ9.eyJzdWIiOiI5OTg5OTg4ODc3NjYiLCJhdXRoIjoiVVNFUiIsImV4cCI6MTgxMTk4NzkwMX0.r4X2gw7cKSM3_cvKcQLbpB9ilq03HbDWinEBJgi1BOk
2026-06-03 10:59:12 [http-nio-0.0.0.0-8083-exec-2] INFO  com.ninimum.api.security.jwt.JwtAuthenticationFilter - bearerToken==> Bearer eyJhbGciOiJIUzI1NiJ9.eyJzdWIiOiI5OTg5OTg4ODc3NjYiLCJhdXRoIjoiVVNFUiIsImV4cCI6MTgxMTk4NzkwMX0.r4X2gw7cKSM3_cvKcQLbpB9ilq03HbDWinEBJgi1BOk
2026-06-03 11:07:05 [http-nio-0.0.0.0-8083-exec-4] INFO  com.ninimum.api.security.provider.UserAuthenticationProvider - userId => 998998887766
2026-06-03 11:07:05 [http-nio-0.0.0.0-8083-exec-4] INFO  com.ninimum.api.security.provider.UserAuthenticationProvider - passwd => 123
2026-06-03 11:07:10 [http-nio-0.0.0.0-8083-exec-5] INFO  com.ninimum.api.security.jwt.JwtAuthenticationFilter - bearerToken==> Bearer eyJhbGciOiJIUzI1NiJ9.eyJzdWIiOiI5OTg5OTg4ODc3NjYiLCJhdXRoIjoiVVNFUiIsImV4cCI6MTgxMTk4ODQyNn0.A8OXWVkBawvRg5wU8tkpIq_8n-tUJ2873cXQhBdUiJQ
2026-06-03 11:07:22 [http-nio-0.0.0.0-8083-exec-6] INFO  com.ninimum.api.security.jwt.JwtAuthenticationFilter - bearerToken==> Bearer eyJhbGciOiJIUzI1NiJ9.eyJzdWIiOiI5OTg5OTg4ODc3NjYiLCJhdXRoIjoiVVNFUiIsImV4cCI6MTgxMTk4ODQyNn0.A8OXWVkBawvRg5wU8tkpIq_8n-tUJ2873cXQhBdUiJQ
2026-06-03 11:07:26 [http-nio-0.0.0.0-8083-exec-7] INFO  com.ninimum.api.security.jwt.JwtAuthenticationFilter - bearerToken==> Bearer eyJhbGciOiJIUzI1NiJ9.eyJzdWIiOiI5OTg5OTg4ODc3NjYiLCJhdXRoIjoiVVNFUiIsImV4cCI6MTgxMTk4ODQyNn0.A8OXWVkBawvRg5wU8tkpIq_8n-tUJ2873cXQhBdUiJQ
2026-06-03 11:07:34 [http-nio-0.0.0.0-8083-exec-8] INFO  com.ninimum.api.security.jwt.JwtAuthenticationFilter - bearerToken==> Bearer eyJhbGciOiJIUzI1NiJ9.eyJzdWIiOiI5OTg5OTg4ODc3NjYiLCJhdXRoIjoiVVNFUiIsImV4cCI6MTgxMTk4ODQyNn0.A8OXWVkBawvRg5wU8tkpIq_8n-tUJ2873cXQhBdUiJQ
2026-06-03 11:07:51 [http-nio-0.0.0.0-8083-exec-9] INFO  com.ninimum.api.security.jwt.JwtAuthenticationFilter - bearerToken==> Bearer eyJhbGciOiJIUzI1NiJ9.eyJzdWIiOiI5OTg5OTg4ODc3NjYiLCJhdXRoIjoiVVNFUiIsImV4cCI6MTgxMTk4ODQyNn0.A8OXWVkBawvRg5wU8tkpIq_8n-tUJ2873cXQhBdUiJQ
2026-06-03 11:07:53 [http-nio-0.0.0.0-8083-exec-10] INFO  com.ninimum.api.security.jwt.JwtAuthenticationFilter - bearerToken==> Bearer eyJhbGciOiJIUzI1NiJ9.eyJzdWIiOiI5OTg5OTg4ODc3NjYiLCJhdXRoIjoiVVNFUiIsImV4cCI6MTgxMTk4ODQyNn0.A8OXWVkBawvRg5wU8tkpIq_8n-tUJ2873cXQhBdUiJQ
2026-06-03 11:07:57 [http-nio-0.0.0.0-8083-exec-1] INFO  com.ninimum.api.security.jwt.JwtAuthenticationFilter - bearerToken==> Bearer eyJhbGciOiJIUzI1NiJ9.eyJzdWIiOiI5OTg5OTg4ODc3NjYiLCJhdXRoIjoiVVNFUiIsImV4cCI6MTgxMTk4ODQyNn0.A8OXWVkBawvRg5wU8tkpIq_8n-tUJ2873cXQhBdUiJQ
2026-06-03 11:08:03 [http-nio-0.0.0.0-8083-exec-2] INFO  com.ninimum.api.security.jwt.JwtAuthenticationFilter - bearerToken==> Bearer eyJhbGciOiJIUzI1NiJ9.eyJzdWIiOiI5OTg5OTg4ODc3NjYiLCJhdXRoIjoiVVNFUiIsImV4cCI6MTgxMTk4ODQyNn0.A8OXWVkBawvRg5wU8tkpIq_8n-tUJ2873cXQhBdUiJQ
2026-06-03 11:08:12 [http-nio-0.0.0.0-8083-exec-3] INFO  com.ninimum.api.security.jwt.JwtAuthenticationFilter - bearerToken==> Bearer eyJhbGciOiJIUzI1NiJ9.eyJzdWIiOiI5OTg5OTg4ODc3NjYiLCJhdXRoIjoiVVNFUiIsImV4cCI6MTgxMTk4ODQyNn0.A8OXWVkBawvRg5wU8tkpIq_8n-tUJ2873cXQhBdUiJQ
2026-06-03 11:25:47 [http-nio-0.0.0.0-8083-exec-5] INFO  com.ninimum.api.security.provider.UserAuthenticationProvider - userId => 998998887766
2026-06-03 11:25:47 [http-nio-0.0.0.0-8083-exec-5] INFO  com.ninimum.api.security.provider.UserAuthenticationProvider - passwd => 123
2026-06-03 11:25:50 [http-nio-0.0.0.0-8083-exec-6] INFO  com.ninimum.api.security.jwt.JwtAuthenticationFilter - bearerToken==> Bearer eyJhbGciOiJIUzI1NiJ9.eyJzdWIiOiI5OTg5OTg4ODc3NjYiLCJhdXRoIjoiVVNFUiIsImV4cCI6MTgxMTk4OTU0OH0.CQKJ_n0L9a7vtZQAnM6Mpu1szpshEi3MeW2g-maMmMw
2026-06-03 11:33:52 [SpringApplicationShutdownHook] INFO  com.zaxxer.hikari.HikariDataSource - HikariPool-1 - Shutdown initiated...
2026-06-03 11:33:52 [SpringApplicationShutdownHook] INFO  com.zaxxer.hikari.HikariDataSource - HikariPool-1 - Shutdown completed.
2026-06-03 11:47:29 [restartedMain] INFO  com.ninimum.api.NinimumApplication - Starting NinimumApplication using Java 17.0.14 on Akmalui-MacBookPro.local with PID 14410 (/Users/akmalbukhariev/Projects/NinimumBackend/NinimumBackend/target/classes started by akmalbukhariev in /Users/akmalbukhariev/Projects/NinimumBackend/NinimumBackend)
2026-06-03 11:47:29 [restartedMain] INFO  com.ninimum.api.NinimumApplication - The following 1 profile is active: "default"
2026-06-03 11:47:29 [restartedMain] INFO  org.springframework.boot.devtools.env.DevToolsPropertyDefaultsPostProcessor - Devtools property defaults active! Set 'spring.devtools.add-properties' to 'false' to disable
2026-06-03 11:47:29 [restartedMain] INFO  org.springframework.boot.devtools.env.DevToolsPropertyDefaultsPostProcessor - For additional web related logging consider setting the 'logging.level.web' property to 'DEBUG'
2026-06-03 11:47:30 [restartedMain] INFO  org.springframework.data.repository.config.RepositoryConfigurationDelegate - Bootstrapping Spring Data JDBC repositories in DEFAULT mode.
2026-06-03 11:47:30 [restartedMain] INFO  org.springframework.data.repository.config.RepositoryConfigurationDelegate - Finished Spring Data repository scanning in 31 ms. Found 0 JDBC repository interfaces.
2026-06-03 11:47:30 [restartedMain] INFO  com.ulisesbocchio.jasyptspringboot.configuration.EnableEncryptablePropertiesBeanFactoryPostProcessor - Post-processing PropertySource instances
2026-06-03 11:47:31 [restartedMain] INFO  com.ulisesbocchio.jasyptspringboot.EncryptablePropertySourceConverter - Skipping PropertySource configurationProperties [class org.springframework.boot.context.properties.source.ConfigurationPropertySourcesPropertySource
2026-06-03 11:47:31 [restartedMain] INFO  com.ulisesbocchio.jasyptspringboot.EncryptablePropertySourceConverter - Skipping PropertySource servletConfigInitParams [class org.springframework.core.env.PropertySource$StubPropertySource
2026-06-03 11:47:31 [restartedMain] INFO  com.ulisesbocchio.jasyptspringboot.EncryptablePropertySourceConverter - Skipping PropertySource servletContextInitParams [class org.springframework.core.env.PropertySource$StubPropertySource
2026-06-03 11:47:31 [restartedMain] INFO  com.ulisesbocchio.jasyptspringboot.EncryptablePropertySourceConverter - Converting PropertySource systemProperties [org.springframework.core.env.PropertiesPropertySource] to EncryptableMapPropertySourceWrapper
2026-06-03 11:47:31 [restartedMain] INFO  com.ulisesbocchio.jasyptspringboot.EncryptablePropertySourceConverter - Converting PropertySource systemEnvironment [org.springframework.boot.env.SystemEnvironmentPropertySourceEnvironmentPostProcessor$OriginAwareSystemEnvironmentPropertySource] to EncryptableSystemEnvironmentPropertySourceWrapper
2026-06-03 11:47:31 [restartedMain] INFO  com.ulisesbocchio.jasyptspringboot.EncryptablePropertySourceConverter - Converting PropertySource random [org.springframework.boot.env.RandomValuePropertySource] to EncryptablePropertySourceWrapper
2026-06-03 11:47:31 [restartedMain] INFO  com.ulisesbocchio.jasyptspringboot.EncryptablePropertySourceConverter - Converting PropertySource Config resource 'class path resource [application.yaml]' via location 'optional:classpath:/' [org.springframework.boot.env.OriginTrackedMapPropertySource] to EncryptableMapPropertySourceWrapper
2026-06-03 11:47:31 [restartedMain] INFO  com.ulisesbocchio.jasyptspringboot.EncryptablePropertySourceConverter - Converting PropertySource devtools [org.springframework.core.env.MapPropertySource] to EncryptableMapPropertySourceWrapper
2026-06-03 11:47:31 [restartedMain] INFO  com.ulisesbocchio.jasyptspringboot.filter.DefaultLazyPropertyFilter - Property Filter custom Bean not found with name 'encryptablePropertyFilter'. Initializing Default Property Filter
2026-06-03 11:47:31 [restartedMain] INFO  com.ulisesbocchio.jasyptspringboot.resolver.DefaultLazyPropertyResolver - Property Resolver custom Bean not found with name 'encryptablePropertyResolver'. Initializing Default Property Resolver
2026-06-03 11:47:31 [restartedMain] INFO  com.ulisesbocchio.jasyptspringboot.detector.DefaultLazyPropertyDetector - Property Detector custom Bean not found with name 'encryptablePropertyDetector'. Initializing Default Property Detector
2026-06-03 11:47:31 [restartedMain] INFO  org.springframework.boot.web.embedded.tomcat.TomcatWebServer - Tomcat initialized with port(s): 8083 (http)
2026-06-03 11:47:31 [restartedMain] INFO  org.springframework.boot.web.servlet.context.ServletWebServerApplicationContext - Root WebApplicationContext: initialization completed in 2516 ms
2026-06-03 11:47:33 [restartedMain] INFO  org.springframework.boot.actuate.endpoint.web.EndpointLinksResolver - Exposing 2 endpoint(s) beneath base path '/actuator'
2026-06-03 11:47:33 [restartedMain] INFO  org.springframework.security.web.DefaultSecurityFilterChain - Will secure any request with [org.springframework.security.web.session.DisableEncodeUrlFilter@6ef693b5, org.springframework.security.web.context.request.async.WebAsyncManagerIntegrationFilter@46ed9159, org.springframework.security.web.context.SecurityContextPersistenceFilter@44cc6cb, org.springframework.security.web.header.HeaderWriterFilter@5b9ea44f, org.springframework.web.filter.CorsFilter@5ad505fd, org.springframework.security.web.authentication.logout.LogoutFilter@366834e1, com.ninimum.api.security.jwt.JwtAuthenticationFilter@3166d025, com.ninimum.api.security.filter.UserAuthenticationFilter@6b579687, com.ninimum.api.security.filter.AdminAuthenticationFilter@419ab5ed, org.springframework.security.web.savedrequest.RequestCacheAwareFilter@2ff700db, org.springframework.security.web.servletapi.SecurityContextHolderAwareRequestFilter@3eb181cc, org.springframework.security.web.authentication.AnonymousAuthenticationFilter@3312aace, org.springframework.security.web.session.SessionManagementFilter@3c0b2193, org.springframework.security.web.access.ExceptionTranslationFilter@76596bf5, org.springframework.security.web.access.intercept.AuthorizationFilter@36d3dc1e]
2026-06-03 11:47:33 [restartedMain] WARN  org.springframework.security.config.annotation.web.builders.WebSecurity - You are asking Spring Security to ignore Ant [pattern='/**/webjars/**']. This is not recommended -- please use permitAll via HttpSecurity#authorizeHttpRequests instead.
2026-06-03 11:47:33 [restartedMain] INFO  org.springframework.security.web.DefaultSecurityFilterChain - Will not secure Ant [pattern='/**/webjars/**']
2026-06-03 11:47:33 [restartedMain] WARN  org.springframework.security.config.annotation.web.builders.WebSecurity - You are asking Spring Security to ignore Ant [pattern='/uploads/**']. This is not recommended -- please use permitAll via HttpSecurity#authorizeHttpRequests instead.
2026-06-03 11:47:33 [restartedMain] INFO  org.springframework.security.web.DefaultSecurityFilterChain - Will not secure Ant [pattern='/uploads/**']
2026-06-03 11:47:33 [restartedMain] WARN  org.springframework.security.config.annotation.web.builders.WebSecurity - You are asking Spring Security to ignore Ant [pattern='/v2/api-docs']. This is not recommended -- please use permitAll via HttpSecurity#authorizeHttpRequests instead.
2026-06-03 11:47:33 [restartedMain] INFO  org.springframework.security.web.DefaultSecurityFilterChain - Will not secure Ant [pattern='/v2/api-docs']
2026-06-03 11:47:33 [restartedMain] WARN  org.springframework.security.config.annotation.web.builders.WebSecurity - You are asking Spring Security to ignore Ant [pattern='/swagger-resources']. This is not recommended -- please use permitAll via HttpSecurity#authorizeHttpRequests instead.
2026-06-03 11:47:33 [restartedMain] INFO  org.springframework.security.web.DefaultSecurityFilterChain - Will not secure Ant [pattern='/swagger-resources']
2026-06-03 11:47:33 [restartedMain] WARN  org.springframework.security.config.annotation.web.builders.WebSecurity - You are asking Spring Security to ignore Ant [pattern='/swagger-resources/**']. This is not recommended -- please use permitAll via HttpSecurity#authorizeHttpRequests instead.
2026-06-03 11:47:33 [restartedMain] INFO  org.springframework.security.web.DefaultSecurityFilterChain - Will not secure Ant [pattern='/swagger-resources/**']
2026-06-03 11:47:33 [restartedMain] WARN  org.springframework.security.config.annotation.web.builders.WebSecurity - You are asking Spring Security to ignore Ant [pattern='/configuration/ui']. This is not recommended -- please use permitAll via HttpSecurity#authorizeHttpRequests instead.
2026-06-03 11:47:33 [restartedMain] INFO  org.springframework.security.web.DefaultSecurityFilterChain - Will not secure Ant [pattern='/configuration/ui']
2026-06-03 11:47:33 [restartedMain] WARN  org.springframework.security.config.annotation.web.builders.WebSecurity - You are asking Spring Security to ignore Ant [pattern='/configuration/security']. This is not recommended -- please use permitAll via HttpSecurity#authorizeHttpRequests instead.
2026-06-03 11:47:33 [restartedMain] INFO  org.springframework.security.web.DefaultSecurityFilterChain - Will not secure Ant [pattern='/configuration/security']
2026-06-03 11:47:33 [restartedMain] WARN  org.springframework.security.config.annotation.web.builders.WebSecurity - You are asking Spring Security to ignore Ant [pattern='/swagger-ui/**']. This is not recommended -- please use permitAll via HttpSecurity#authorizeHttpRequests instead.
2026-06-03 11:47:33 [restartedMain] INFO  org.springframework.security.web.DefaultSecurityFilterChain - Will not secure Ant [pattern='/swagger-ui/**']
2026-06-03 11:47:33 [restartedMain] WARN  org.springframework.security.config.annotation.web.builders.WebSecurity - You are asking Spring Security to ignore Ant [pattern='/webjars/**']. This is not recommended -- please use permitAll via HttpSecurity#authorizeHttpRequests instead.
2026-06-03 11:47:33 [restartedMain] INFO  org.springframework.security.web.DefaultSecurityFilterChain - Will not secure Ant [pattern='/webjars/**']
2026-06-03 11:47:33 [restartedMain] WARN  org.springframework.security.config.annotation.web.builders.WebSecurity - You are asking Spring Security to ignore Ant [pattern='/v3/api-docs/**']. This is not recommended -- please use permitAll via HttpSecurity#authorizeHttpRequests instead.
2026-06-03 11:47:33 [restartedMain] INFO  org.springframework.security.web.DefaultSecurityFilterChain - Will not secure Ant [pattern='/v3/api-docs/**']
2026-06-03 11:47:33 [restartedMain] WARN  org.springframework.security.config.annotation.web.builders.WebSecurity - You are asking Spring Security to ignore Ant [pattern='/actuator/health/**']. This is not recommended -- please use permitAll via HttpSecurity#authorizeHttpRequests instead.
2026-06-03 11:47:33 [restartedMain] INFO  org.springframework.security.web.DefaultSecurityFilterChain - Will not secure Ant [pattern='/actuator/health/**']
2026-06-03 11:47:33 [restartedMain] WARN  org.springframework.security.config.annotation.web.builders.WebSecurity - You are asking Spring Security to ignore Ant [pattern='/actuator/info']. This is not recommended -- please use permitAll via HttpSecurity#authorizeHttpRequests instead.
2026-06-03 11:47:33 [restartedMain] INFO  org.springframework.security.web.DefaultSecurityFilterChain - Will not secure Ant [pattern='/actuator/info']
2026-06-03 11:47:33 [restartedMain] WARN  org.springframework.security.config.annotation.web.builders.WebSecurity - You are asking Spring Security to ignore Ant [pattern='/ninimum/actuator/**']. This is not recommended -- please use permitAll via HttpSecurity#authorizeHttpRequests instead.
2026-06-03 11:47:33 [restartedMain] INFO  org.springframework.security.web.DefaultSecurityFilterChain - Will not secure Ant [pattern='/ninimum/actuator/**']
2026-06-03 11:47:33 [restartedMain] WARN  org.springframework.security.config.annotation.web.builders.WebSecurity - You are asking Spring Security to ignore Ant [pattern='/api/v1/status']. This is not recommended -- please use permitAll via HttpSecurity#authorizeHttpRequests instead.
2026-06-03 11:47:33 [restartedMain] INFO  org.springframework.security.web.DefaultSecurityFilterChain - Will not secure Ant [pattern='/api/v1/status']
2026-06-03 11:47:33 [restartedMain] WARN  org.springframework.security.config.annotation.web.builders.WebSecurity - You are asking Spring Security to ignore Ant [pattern='/ninimum/api/v1/status']. This is not recommended -- please use permitAll via HttpSecurity#authorizeHttpRequests instead.
2026-06-03 11:47:33 [restartedMain] INFO  org.springframework.security.web.DefaultSecurityFilterChain - Will not secure Ant [pattern='/ninimum/api/v1/status']
2026-06-03 11:47:33 [restartedMain] WARN  org.springframework.security.config.annotation.web.builders.WebSecurity - You are asking Spring Security to ignore Ant [pattern='/ninimum/api/v1/user/checkPhoneNumber']. This is not recommended -- please use permitAll via HttpSecurity#authorizeHttpRequests instead.
2026-06-03 11:47:33 [restartedMain] INFO  org.springframework.security.web.DefaultSecurityFilterChain - Will not secure Ant [pattern='/ninimum/api/v1/user/checkPhoneNumber']
2026-06-03 11:47:33 [restartedMain] WARN  org.springframework.security.config.annotation.web.builders.WebSecurity - You are asking Spring Security to ignore Ant [pattern='/ninimum/api/v1/user/register']. This is not recommended -- please use permitAll via HttpSecurity#authorizeHttpRequests instead.
2026-06-03 11:47:33 [restartedMain] INFO  org.springframework.security.web.DefaultSecurityFilterChain - Will not secure Ant [pattern='/ninimum/api/v1/user/register']
2026-06-03 11:47:33 [restartedMain] WARN  org.springframework.security.config.annotation.web.builders.WebSecurity - You are asking Spring Security to ignore Ant [pattern='/ninimum/api/v1/message/verifyPhoneNumber']. This is not recommended -- please use permitAll via HttpSecurity#authorizeHttpRequests instead.
2026-06-03 11:47:33 [restartedMain] INFO  org.springframework.security.web.DefaultSecurityFilterChain - Will not secure Ant [pattern='/ninimum/api/v1/message/verifyPhoneNumber']
2026-06-03 11:47:33 [restartedMain] WARN  org.springframework.security.config.annotation.web.builders.WebSecurity - You are asking Spring Security to ignore Ant [pattern='/error']. This is not recommended -- please use permitAll via HttpSecurity#authorizeHttpRequests instead.
2026-06-03 11:47:33 [restartedMain] INFO  org.springframework.security.web.DefaultSecurityFilterChain - Will not secure Ant [pattern='/error']
2026-06-03 11:47:34 [restartedMain] INFO  com.zaxxer.hikari.HikariDataSource - HikariPool-1 - Starting...
2026-06-03 11:47:36 [restartedMain] INFO  com.zaxxer.hikari.HikariDataSource - HikariPool-1 - Start completed.
2026-06-03 11:47:36 [restartedMain] INFO  org.springframework.boot.devtools.autoconfigure.OptionalLiveReloadServer - LiveReload server is running on port 35729
2026-06-03 11:47:36 [restartedMain] INFO  org.springframework.boot.web.embedded.tomcat.TomcatWebServer - Tomcat started on port(s): 8083 (http) with context path ''
2026-06-03 11:47:36 [restartedMain] INFO  com.ulisesbocchio.jasyptspringboot.caching.RefreshScopeRefreshedEventListener - Refreshing cached encryptable property sources on ServletWebServerInitializedEvent
2026-06-03 11:47:36 [restartedMain] INFO  com.ulisesbocchio.jasyptspringboot.caching.CachingDelegateEncryptablePropertySource - Property Source systemProperties refreshed
2026-06-03 11:47:36 [restartedMain] INFO  com.ulisesbocchio.jasyptspringboot.caching.CachingDelegateEncryptablePropertySource - Property Source systemEnvironment refreshed
2026-06-03 11:47:36 [restartedMain] INFO  com.ulisesbocchio.jasyptspringboot.caching.CachingDelegateEncryptablePropertySource - Property Source random refreshed
2026-06-03 11:47:36 [restartedMain] INFO  com.ulisesbocchio.jasyptspringboot.caching.CachingDelegateEncryptablePropertySource - Property Source Config resource 'class path resource [application.yaml]' via location 'optional:classpath:/' refreshed
2026-06-03 11:47:36 [restartedMain] INFO  com.ulisesbocchio.jasyptspringboot.caching.CachingDelegateEncryptablePropertySource - Property Source devtools refreshed
2026-06-03 11:47:36 [restartedMain] INFO  com.ulisesbocchio.jasyptspringboot.EncryptablePropertySourceConverter - Converting PropertySource server.ports [org.springframework.core.env.MapPropertySource] to EncryptableMapPropertySourceWrapper
2026-06-03 11:47:36 [restartedMain] INFO  com.ulisesbocchio.jasyptspringboot.EncryptablePropertySourceConverter - Skipping PropertySource configurationProperties [class org.springframework.boot.context.properties.source.ConfigurationPropertySourcesPropertySource
2026-06-03 11:47:36 [restartedMain] INFO  com.ulisesbocchio.jasyptspringboot.EncryptablePropertySourceConverter - Skipping PropertySource servletConfigInitParams [class org.springframework.core.env.PropertySource$StubPropertySource
2026-06-03 11:47:36 [restartedMain] INFO  com.ulisesbocchio.jasyptspringboot.EncryptablePropertySourceConverter - Converting PropertySource servletContextInitParams [org.springframework.web.context.support.ServletContextPropertySource] to EncryptableEnumerablePropertySourceWrapper
2026-06-03 11:47:36 [restartedMain] INFO  com.ulisesbocchio.jasyptspringboot.EncryptablePropertySourceConverter - Converting PropertySource Management Server [org.springframework.boot.actuate.autoconfigure.web.server.ManagementContextAutoConfiguration$SameManagementContextConfiguration$1] to EncryptablePropertySourceWrapper
2026-06-03 11:47:36 [restartedMain] INFO  com.ninimum.api.NinimumApplication - Started NinimumApplication in 7.929 seconds (JVM running for 9.333)
2026-06-03 11:58:12 [http-nio-0.0.0.0-8083-exec-1] INFO  org.springframework.web.servlet.DispatcherServlet - Initializing Servlet 'dispatcherServlet'
2026-06-03 11:58:12 [http-nio-0.0.0.0-8083-exec-1] INFO  org.springframework.web.servlet.DispatcherServlet - Completed initialization in 24 ms
2026-06-03 11:58:12 [http-nio-0.0.0.0-8083-exec-1] INFO  com.ninimum.api.security.provider.UserAuthenticationProvider - userId => 998998887766
2026-06-03 11:58:12 [http-nio-0.0.0.0-8083-exec-1] INFO  com.ninimum.api.security.provider.UserAuthenticationProvider - passwd => 123
2026-06-03 11:58:15 [http-nio-0.0.0.0-8083-exec-2] INFO  com.ninimum.api.security.jwt.JwtAuthenticationFilter - bearerToken==> Bearer eyJhbGciOiJIUzI1NiJ9.eyJzdWIiOiI5OTg5OTg4ODc3NjYiLCJhdXRoIjoiVVNFUiIsImV4cCI6MTgxMTk5MTQ5Mn0._x3dXlsLDc9NKVja4WFgzD-uclh5IE8XNP5O-WtfBXk
2026-06-03 12:00:36 [http-nio-0.0.0.0-8083-exec-4] INFO  com.ninimum.api.security.jwt.JwtAuthenticationFilter - bearerToken==> Bearer eyJhbGciOiJIUzI1NiJ9.eyJzdWIiOiI5OTg5OTg4ODc3NjYiLCJhdXRoIjoiVVNFUiIsImV4cCI6MTgxMTk5MTQ5Mn0._x3dXlsLDc9NKVja4WFgzD-uclh5IE8XNP5O-WtfBXk
2026-06-03 12:01:01 [http-nio-0.0.0.0-8083-exec-5] INFO  com.ninimum.api.security.jwt.JwtAuthenticationFilter - bearerToken==> Bearer eyJhbGciOiJIUzI1NiJ9.eyJzdWIiOiI5OTg5OTg4ODc3NjYiLCJhdXRoIjoiVVNFUiIsImV4cCI6MTgxMTk5MTQ5Mn0._x3dXlsLDc9NKVja4WFgzD-uclh5IE8XNP5O-WtfBXk
2026-06-03 12:05:07 [http-nio-0.0.0.0-8083-exec-7] INFO  com.ninimum.api.security.provider.UserAuthenticationProvider - userId => 998998887766
2026-06-03 12:05:07 [http-nio-0.0.0.0-8083-exec-7] INFO  com.ninimum.api.security.provider.UserAuthenticationProvider - passwd => 123
2026-06-03 12:05:11 [http-nio-0.0.0.0-8083-exec-8] INFO  com.ninimum.api.security.jwt.JwtAuthenticationFilter - bearerToken==> Bearer eyJhbGciOiJIUzI1NiJ9.eyJzdWIiOiI5OTg5OTg4ODc3NjYiLCJhdXRoIjoiVVNFUiIsImV4cCI6MTgxMTk5MTkwN30.YyxAYXlBw4rEuB-Qh80FRv8uHpQiiiMtW_KzOwY7sJ0
2026-06-03 12:05:36 [http-nio-0.0.0.0-8083-exec-9] INFO  com.ninimum.api.security.jwt.JwtAuthenticationFilter - bearerToken==> Bearer eyJhbGciOiJIUzI1NiJ9.eyJzdWIiOiI5OTg5OTg4ODc3NjYiLCJhdXRoIjoiVVNFUiIsImV4cCI6MTgxMTk5MTkwN30.YyxAYXlBw4rEuB-Qh80FRv8uHpQiiiMtW_KzOwY7sJ0
2026-06-03 12:05:47 [http-nio-0.0.0.0-8083-exec-10] INFO  com.ninimum.api.security.jwt.JwtAuthenticationFilter - bearerToken==> Bearer eyJhbGciOiJIUzI1NiJ9.eyJzdWIiOiI5OTg5OTg4ODc3NjYiLCJhdXRoIjoiVVNFUiIsImV4cCI6MTgxMTk5MTkwN30.YyxAYXlBw4rEuB-Qh80FRv8uHpQiiiMtW_KzOwY7sJ0
2026-06-03 12:06:00 [http-nio-0.0.0.0-8083-exec-1] INFO  com.ninimum.api.security.jwt.JwtAuthenticationFilter - bearerToken==> Bearer eyJhbGciOiJIUzI1NiJ9.eyJzdWIiOiI5OTg5OTg4ODc3NjYiLCJhdXRoIjoiVVNFUiIsImV4cCI6MTgxMTk5MTkwN30.YyxAYXlBw4rEuB-Qh80FRv8uHpQiiiMtW_KzOwY7sJ0
2026-06-03 12:06:19 [http-nio-0.0.0.0-8083-exec-2] INFO  com.ninimum.api.security.jwt.JwtAuthenticationFilter - bearerToken==> Bearer eyJhbGciOiJIUzI1NiJ9.eyJzdWIiOiI5OTg5OTg4ODc3NjYiLCJhdXRoIjoiVVNFUiIsImV4cCI6MTgxMTk5MTkwN30.YyxAYXlBw4rEuB-Qh80FRv8uHpQiiiMtW_KzOwY7sJ0
2026-06-03 12:06:34 [http-nio-0.0.0.0-8083-exec-3] INFO  com.ninimum.api.security.jwt.JwtAuthenticationFilter - bearerToken==> Bearer eyJhbGciOiJIUzI1NiJ9.eyJzdWIiOiI5OTg5OTg4ODc3NjYiLCJhdXRoIjoiVVNFUiIsImV4cCI6MTgxMTk5MTkwN30.YyxAYXlBw4rEuB-Qh80FRv8uHpQiiiMtW_KzOwY7sJ0
2026-06-03 12:06:42 [http-nio-0.0.0.0-8083-exec-4] INFO  com.ninimum.api.security.jwt.JwtAuthenticationFilter - bearerToken==> Bearer eyJhbGciOiJIUzI1NiJ9.eyJzdWIiOiI5OTg5OTg4ODc3NjYiLCJhdXRoIjoiVVNFUiIsImV4cCI6MTgxMTk5MTkwN30.YyxAYXlBw4rEuB-Qh80FRv8uHpQiiiMtW_KzOwY7sJ0
2026-06-03 12:06:45 [http-nio-0.0.0.0-8083-exec-5] INFO  com.ninimum.api.security.jwt.JwtAuthenticationFilter - bearerToken==> Bearer eyJhbGciOiJIUzI1NiJ9.eyJzdWIiOiI5OTg5OTg4ODc3NjYiLCJhdXRoIjoiVVNFUiIsImV4cCI6MTgxMTk5MTkwN30.YyxAYXlBw4rEuB-Qh80FRv8uHpQiiiMtW_KzOwY7sJ0
2026-06-03 12:06:59 [http-nio-0.0.0.0-8083-exec-6] INFO  com.ninimum.api.security.jwt.JwtAuthenticationFilter - bearerToken==> Bearer eyJhbGciOiJIUzI1NiJ9.eyJzdWIiOiI5OTg5OTg4ODc3NjYiLCJhdXRoIjoiVVNFUiIsImV4cCI6MTgxMTk5MTkwN30.YyxAYXlBw4rEuB-Qh80FRv8uHpQiiiMtW_KzOwY7sJ0
2026-06-03 12:07:11 [http-nio-0.0.0.0-8083-exec-7] INFO  com.ninimum.api.security.jwt.JwtAuthenticationFilter - bearerToken==> Bearer eyJhbGciOiJIUzI1NiJ9.eyJzdWIiOiI5OTg5OTg4ODc3NjYiLCJhdXRoIjoiVVNFUiIsImV4cCI6MTgxMTk5MTkwN30.YyxAYXlBw4rEuB-Qh80FRv8uHpQiiiMtW_KzOwY7sJ0
2026-06-03 12:07:13 [http-nio-0.0.0.0-8083-exec-8] INFO  com.ninimum.api.security.jwt.JwtAuthenticationFilter - bearerToken==> Bearer eyJhbGciOiJIUzI1NiJ9.eyJzdWIiOiI5OTg5OTg4ODc3NjYiLCJhdXRoIjoiVVNFUiIsImV4cCI6MTgxMTk5MTkwN30.YyxAYXlBw4rEuB-Qh80FRv8uHpQiiiMtW_KzOwY7sJ0
2026-06-03 12:07:14 [http-nio-0.0.0.0-8083-exec-9] INFO  com.ninimum.api.security.jwt.JwtAuthenticationFilter - bearerToken==> Bearer eyJhbGciOiJIUzI1NiJ9.eyJzdWIiOiI5OTg5OTg4ODc3NjYiLCJhdXRoIjoiVVNFUiIsImV4cCI6MTgxMTk5MTkwN30.YyxAYXlBw4rEuB-Qh80FRv8uHpQiiiMtW_KzOwY7sJ0
2026-06-03 12:07:16 [http-nio-0.0.0.0-8083-exec-10] INFO  com.ninimum.api.security.jwt.JwtAuthenticationFilter - bearerToken==> Bearer eyJhbGciOiJIUzI1NiJ9.eyJzdWIiOiI5OTg5OTg4ODc3NjYiLCJhdXRoIjoiVVNFUiIsImV4cCI6MTgxMTk5MTkwN30.YyxAYXlBw4rEuB-Qh80FRv8uHpQiiiMtW_KzOwY7sJ0
2026-06-03 12:07:18 [http-nio-0.0.0.0-8083-exec-1] INFO  com.ninimum.api.security.jwt.JwtAuthenticationFilter - bearerToken==> Bearer eyJhbGciOiJIUzI1NiJ9.eyJzdWIiOiI5OTg5OTg4ODc3NjYiLCJhdXRoIjoiVVNFUiIsImV4cCI6MTgxMTk5MTkwN30.YyxAYXlBw4rEuB-Qh80FRv8uHpQiiiMtW_KzOwY7sJ0
2026-06-03 12:07:52 [http-nio-0.0.0.0-8083-exec-2] INFO  com.ninimum.api.security.jwt.JwtAuthenticationFilter - bearerToken==> Bearer eyJhbGciOiJIUzI1NiJ9.eyJzdWIiOiI5OTg5OTg4ODc3NjYiLCJhdXRoIjoiVVNFUiIsImV4cCI6MTgxMTk5MTkwN30.YyxAYXlBw4rEuB-Qh80FRv8uHpQiiiMtW_KzOwY7sJ0
2026-06-03 12:08:23 [http-nio-0.0.0.0-8083-exec-3] INFO  com.ninimum.api.security.jwt.JwtAuthenticationFilter - bearerToken==> Bearer eyJhbGciOiJIUzI1NiJ9.eyJzdWIiOiI5OTg5OTg4ODc3NjYiLCJhdXRoIjoiVVNFUiIsImV4cCI6MTgxMTk5MTkwN30.YyxAYXlBw4rEuB-Qh80FRv8uHpQiiiMtW_KzOwY7sJ0
2026-06-03 12:09:28 [HikariPool-1 housekeeper] WARN  com.zaxxer.hikari.pool.HikariPool - HikariPool-1 - Thread starvation or clock leap detected (housekeeper delta=1m22s261ms).
2026-06-03 12:09:28 [SpringApplicationShutdownHook] INFO  com.zaxxer.hikari.HikariDataSource - HikariPool-1 - Shutdown initiated...
2026-06-03 12:09:28 [SpringApplicationShutdownHook] INFO  com.zaxxer.hikari.HikariDataSource - HikariPool-1 - Shutdown completed.
2026-06-03 12:15:02 [restartedMain] INFO  com.ninimum.api.NinimumApplication - Starting NinimumApplication using Java 17.0.14 on Akmalui-MacBookPro.local with PID 17876 (/Users/akmalbukhariev/Projects/NinimumBackend/NinimumBackend/target/classes started by akmalbukhariev in /Users/akmalbukhariev/Projects/NinimumBackend/NinimumBackend)
2026-06-03 12:15:02 [restartedMain] INFO  com.ninimum.api.NinimumApplication - The following 1 profile is active: "default"
2026-06-03 12:15:02 [restartedMain] INFO  org.springframework.boot.devtools.env.DevToolsPropertyDefaultsPostProcessor - Devtools property defaults active! Set 'spring.devtools.add-properties' to 'false' to disable
2026-06-03 12:15:02 [restartedMain] INFO  org.springframework.boot.devtools.env.DevToolsPropertyDefaultsPostProcessor - For additional web related logging consider setting the 'logging.level.web' property to 'DEBUG'
2026-06-03 12:15:04 [restartedMain] INFO  org.springframework.data.repository.config.RepositoryConfigurationDelegate - Bootstrapping Spring Data JDBC repositories in DEFAULT mode.
2026-06-03 12:15:04 [restartedMain] INFO  org.springframework.data.repository.config.RepositoryConfigurationDelegate - Finished Spring Data repository scanning in 30 ms. Found 0 JDBC repository interfaces.
2026-06-03 12:15:04 [restartedMain] INFO  com.ulisesbocchio.jasyptspringboot.configuration.EnableEncryptablePropertiesBeanFactoryPostProcessor - Post-processing PropertySource instances
2026-06-03 12:15:04 [restartedMain] INFO  com.ulisesbocchio.jasyptspringboot.EncryptablePropertySourceConverter - Skipping PropertySource configurationProperties [class org.springframework.boot.context.properties.source.ConfigurationPropertySourcesPropertySource
2026-06-03 12:15:04 [restartedMain] INFO  com.ulisesbocchio.jasyptspringboot.EncryptablePropertySourceConverter - Skipping PropertySource servletConfigInitParams [class org.springframework.core.env.PropertySource$StubPropertySource
2026-06-03 12:15:04 [restartedMain] INFO  com.ulisesbocchio.jasyptspringboot.EncryptablePropertySourceConverter - Skipping PropertySource servletContextInitParams [class org.springframework.core.env.PropertySource$StubPropertySource
2026-06-03 12:15:04 [restartedMain] INFO  com.ulisesbocchio.jasyptspringboot.EncryptablePropertySourceConverter - Converting PropertySource systemProperties [org.springframework.core.env.PropertiesPropertySource] to EncryptableMapPropertySourceWrapper
2026-06-03 12:15:04 [restartedMain] INFO  com.ulisesbocchio.jasyptspringboot.EncryptablePropertySourceConverter - Converting PropertySource systemEnvironment [org.springframework.boot.env.SystemEnvironmentPropertySourceEnvironmentPostProcessor$OriginAwareSystemEnvironmentPropertySource] to EncryptableSystemEnvironmentPropertySourceWrapper
2026-06-03 12:15:04 [restartedMain] INFO  com.ulisesbocchio.jasyptspringboot.EncryptablePropertySourceConverter - Converting PropertySource random [org.springframework.boot.env.RandomValuePropertySource] to EncryptablePropertySourceWrapper
2026-06-03 12:15:04 [restartedMain] INFO  com.ulisesbocchio.jasyptspringboot.EncryptablePropertySourceConverter - Converting PropertySource Config resource 'class path resource [application.yaml]' via location 'optional:classpath:/' [org.springframework.boot.env.OriginTrackedMapPropertySource] to EncryptableMapPropertySourceWrapper
2026-06-03 12:15:04 [restartedMain] INFO  com.ulisesbocchio.jasyptspringboot.EncryptablePropertySourceConverter - Converting PropertySource devtools [org.springframework.core.env.MapPropertySource] to EncryptableMapPropertySourceWrapper
2026-06-03 12:15:04 [restartedMain] INFO  com.ulisesbocchio.jasyptspringboot.filter.DefaultLazyPropertyFilter - Property Filter custom Bean not found with name 'encryptablePropertyFilter'. Initializing Default Property Filter
2026-06-03 12:15:04 [restartedMain] INFO  com.ulisesbocchio.jasyptspringboot.resolver.DefaultLazyPropertyResolver - Property Resolver custom Bean not found with name 'encryptablePropertyResolver'. Initializing Default Property Resolver
2026-06-03 12:15:04 [restartedMain] INFO  com.ulisesbocchio.jasyptspringboot.detector.DefaultLazyPropertyDetector - Property Detector custom Bean not found with name 'encryptablePropertyDetector'. Initializing Default Property Detector
2026-06-03 12:15:05 [restartedMain] INFO  org.springframework.boot.web.embedded.tomcat.TomcatWebServer - Tomcat initialized with port(s): 8083 (http)
2026-06-03 12:15:05 [restartedMain] INFO  org.springframework.boot.web.servlet.context.ServletWebServerApplicationContext - Root WebApplicationContext: initialization completed in 2210 ms
2026-06-03 12:15:07 [restartedMain] INFO  org.springframework.boot.actuate.endpoint.web.EndpointLinksResolver - Exposing 2 endpoint(s) beneath base path '/actuator'
2026-06-03 12:15:07 [restartedMain] INFO  org.springframework.security.web.DefaultSecurityFilterChain - Will secure any request with [org.springframework.security.web.session.DisableEncodeUrlFilter@6ef693b5, org.springframework.security.web.context.request.async.WebAsyncManagerIntegrationFilter@46ed9159, org.springframework.security.web.context.SecurityContextPersistenceFilter@44cc6cb, org.springframework.security.web.header.HeaderWriterFilter@5b9ea44f, org.springframework.web.filter.CorsFilter@5ad505fd, org.springframework.security.web.authentication.logout.LogoutFilter@366834e1, com.ninimum.api.security.jwt.JwtAuthenticationFilter@3166d025, com.ninimum.api.security.filter.UserAuthenticationFilter@6b579687, com.ninimum.api.security.filter.AdminAuthenticationFilter@419ab5ed, org.springframework.security.web.savedrequest.RequestCacheAwareFilter@2ff700db, org.springframework.security.web.servletapi.SecurityContextHolderAwareRequestFilter@3eb181cc, org.springframework.security.web.authentication.AnonymousAuthenticationFilter@3312aace, org.springframework.security.web.session.SessionManagementFilter@3c0b2193, org.springframework.security.web.access.ExceptionTranslationFilter@76596bf5, org.springframework.security.web.access.intercept.AuthorizationFilter@36d3dc1e]
2026-06-03 12:15:07 [restartedMain] WARN  org.springframework.security.config.annotation.web.builders.WebSecurity - You are asking Spring Security to ignore Ant [pattern='/**/webjars/**']. This is not recommended -- please use permitAll via HttpSecurity#authorizeHttpRequests instead.
2026-06-03 12:15:07 [restartedMain] INFO  org.springframework.security.web.DefaultSecurityFilterChain - Will not secure Ant [pattern='/**/webjars/**']
2026-06-03 12:15:07 [restartedMain] WARN  org.springframework.security.config.annotation.web.builders.WebSecurity - You are asking Spring Security to ignore Ant [pattern='/uploads/**']. This is not recommended -- please use permitAll via HttpSecurity#authorizeHttpRequests instead.
2026-06-03 12:15:07 [restartedMain] INFO  org.springframework.security.web.DefaultSecurityFilterChain - Will not secure Ant [pattern='/uploads/**']
2026-06-03 12:15:07 [restartedMain] WARN  org.springframework.security.config.annotation.web.builders.WebSecurity - You are asking Spring Security to ignore Ant [pattern='/v2/api-docs']. This is not recommended -- please use permitAll via HttpSecurity#authorizeHttpRequests instead.
2026-06-03 12:15:07 [restartedMain] INFO  org.springframework.security.web.DefaultSecurityFilterChain - Will not secure Ant [pattern='/v2/api-docs']
2026-06-03 12:15:07 [restartedMain] WARN  org.springframework.security.config.annotation.web.builders.WebSecurity - You are asking Spring Security to ignore Ant [pattern='/swagger-resources']. This is not recommended -- please use permitAll via HttpSecurity#authorizeHttpRequests instead.
2026-06-03 12:15:07 [restartedMain] INFO  org.springframework.security.web.DefaultSecurityFilterChain - Will not secure Ant [pattern='/swagger-resources']
2026-06-03 12:15:07 [restartedMain] WARN  org.springframework.security.config.annotation.web.builders.WebSecurity - You are asking Spring Security to ignore Ant [pattern='/swagger-resources/**']. This is not recommended -- please use permitAll via HttpSecurity#authorizeHttpRequests instead.
2026-06-03 12:15:07 [restartedMain] INFO  org.springframework.security.web.DefaultSecurityFilterChain - Will not secure Ant [pattern='/swagger-resources/**']
2026-06-03 12:15:07 [restartedMain] WARN  org.springframework.security.config.annotation.web.builders.WebSecurity - You are asking Spring Security to ignore Ant [pattern='/configuration/ui']. This is not recommended -- please use permitAll via HttpSecurity#authorizeHttpRequests instead.
2026-06-03 12:15:07 [restartedMain] INFO  org.springframework.security.web.DefaultSecurityFilterChain - Will not secure Ant [pattern='/configuration/ui']
2026-06-03 12:15:07 [restartedMain] WARN  org.springframework.security.config.annotation.web.builders.WebSecurity - You are asking Spring Security to ignore Ant [pattern='/configuration/security']. This is not recommended -- please use permitAll via HttpSecurity#authorizeHttpRequests instead.
2026-06-03 12:15:07 [restartedMain] INFO  org.springframework.security.web.DefaultSecurityFilterChain - Will not secure Ant [pattern='/configuration/security']
2026-06-03 12:15:07 [restartedMain] WARN  org.springframework.security.config.annotation.web.builders.WebSecurity - You are asking Spring Security to ignore Ant [pattern='/swagger-ui/**']. This is not recommended -- please use permitAll via HttpSecurity#authorizeHttpRequests instead.
2026-06-03 12:15:07 [restartedMain] INFO  org.springframework.security.web.DefaultSecurityFilterChain - Will not secure Ant [pattern='/swagger-ui/**']
2026-06-03 12:15:07 [restartedMain] WARN  org.springframework.security.config.annotation.web.builders.WebSecurity - You are asking Spring Security to ignore Ant [pattern='/webjars/**']. This is not recommended -- please use permitAll via HttpSecurity#authorizeHttpRequests instead.
2026-06-03 12:15:07 [restartedMain] INFO  org.springframework.security.web.DefaultSecurityFilterChain - Will not secure Ant [pattern='/webjars/**']
2026-06-03 12:15:07 [restartedMain] WARN  org.springframework.security.config.annotation.web.builders.WebSecurity - You are asking Spring Security to ignore Ant [pattern='/v3/api-docs/**']. This is not recommended -- please use permitAll via HttpSecurity#authorizeHttpRequests instead.
2026-06-03 12:15:07 [restartedMain] INFO  org.springframework.security.web.DefaultSecurityFilterChain - Will not secure Ant [pattern='/v3/api-docs/**']
2026-06-03 12:15:07 [restartedMain] WARN  org.springframework.security.config.annotation.web.builders.WebSecurity - You are asking Spring Security to ignore Ant [pattern='/actuator/health/**']. This is not recommended -- please use permitAll via HttpSecurity#authorizeHttpRequests instead.
2026-06-03 12:15:07 [restartedMain] INFO  org.springframework.security.web.DefaultSecurityFilterChain - Will not secure Ant [pattern='/actuator/health/**']
2026-06-03 12:15:07 [restartedMain] WARN  org.springframework.security.config.annotation.web.builders.WebSecurity - You are asking Spring Security to ignore Ant [pattern='/actuator/info']. This is not recommended -- please use permitAll via HttpSecurity#authorizeHttpRequests instead.
2026-06-03 12:15:07 [restartedMain] INFO  org.springframework.security.web.DefaultSecurityFilterChain - Will not secure Ant [pattern='/actuator/info']
2026-06-03 12:15:07 [restartedMain] WARN  org.springframework.security.config.annotation.web.builders.WebSecurity - You are asking Spring Security to ignore Ant [pattern='/ninimum/actuator/**']. This is not recommended -- please use permitAll via HttpSecurity#authorizeHttpRequests instead.
2026-06-03 12:15:07 [restartedMain] INFO  org.springframework.security.web.DefaultSecurityFilterChain - Will not secure Ant [pattern='/ninimum/actuator/**']
2026-06-03 12:15:07 [restartedMain] WARN  org.springframework.security.config.annotation.web.builders.WebSecurity - You are asking Spring Security to ignore Ant [pattern='/api/v1/status']. This is not recommended -- please use permitAll via HttpSecurity#authorizeHttpRequests instead.
2026-06-03 12:15:07 [restartedMain] INFO  org.springframework.security.web.DefaultSecurityFilterChain - Will not secure Ant [pattern='/api/v1/status']
2026-06-03 12:15:07 [restartedMain] WARN  org.springframework.security.config.annotation.web.builders.WebSecurity - You are asking Spring Security to ignore Ant [pattern='/ninimum/api/v1/status']. This is not recommended -- please use permitAll via HttpSecurity#authorizeHttpRequests instead.
2026-06-03 12:15:07 [restartedMain] INFO  org.springframework.security.web.DefaultSecurityFilterChain - Will not secure Ant [pattern='/ninimum/api/v1/status']
2026-06-03 12:15:07 [restartedMain] WARN  org.springframework.security.config.annotation.web.builders.WebSecurity - You are asking Spring Security to ignore Ant [pattern='/ninimum/api/v1/user/checkPhoneNumber']. This is not recommended -- please use permitAll via HttpSecurity#authorizeHttpRequests instead.
2026-06-03 12:15:07 [restartedMain] INFO  org.springframework.security.web.DefaultSecurityFilterChain - Will not secure Ant [pattern='/ninimum/api/v1/user/checkPhoneNumber']
2026-06-03 12:15:07 [restartedMain] WARN  org.springframework.security.config.annotation.web.builders.WebSecurity - You are asking Spring Security to ignore Ant [pattern='/ninimum/api/v1/user/register']. This is not recommended -- please use permitAll via HttpSecurity#authorizeHttpRequests instead.
2026-06-03 12:15:07 [restartedMain] INFO  org.springframework.security.web.DefaultSecurityFilterChain - Will not secure Ant [pattern='/ninimum/api/v1/user/register']
2026-06-03 12:15:07 [restartedMain] WARN  org.springframework.security.config.annotation.web.builders.WebSecurity - You are asking Spring Security to ignore Ant [pattern='/ninimum/api/v1/message/verifyPhoneNumber']. This is not recommended -- please use permitAll via HttpSecurity#authorizeHttpRequests instead.
2026-06-03 12:15:07 [restartedMain] INFO  org.springframework.security.web.DefaultSecurityFilterChain - Will not secure Ant [pattern='/ninimum/api/v1/message/verifyPhoneNumber']
2026-06-03 12:15:07 [restartedMain] WARN  org.springframework.security.config.annotation.web.builders.WebSecurity - You are asking Spring Security to ignore Ant [pattern='/error']. This is not recommended -- please use permitAll via HttpSecurity#authorizeHttpRequests instead.
2026-06-03 12:15:07 [restartedMain] INFO  org.springframework.security.web.DefaultSecurityFilterChain - Will not secure Ant [pattern='/error']
2026-06-03 12:15:07 [restartedMain] INFO  com.zaxxer.hikari.HikariDataSource - HikariPool-1 - Starting...
2026-06-03 12:15:08 [restartedMain] INFO  com.zaxxer.hikari.HikariDataSource - HikariPool-1 - Start completed.
2026-06-03 12:15:09 [restartedMain] INFO  org.springframework.boot.devtools.autoconfigure.OptionalLiveReloadServer - LiveReload server is running on port 35729
2026-06-03 12:15:09 [restartedMain] INFO  org.springframework.boot.web.embedded.tomcat.TomcatWebServer - Tomcat started on port(s): 8083 (http) with context path ''
2026-06-03 12:15:09 [restartedMain] INFO  com.ulisesbocchio.jasyptspringboot.caching.RefreshScopeRefreshedEventListener - Refreshing cached encryptable property sources on ServletWebServerInitializedEvent
2026-06-03 12:15:09 [restartedMain] INFO  com.ulisesbocchio.jasyptspringboot.caching.CachingDelegateEncryptablePropertySource - Property Source systemProperties refreshed
2026-06-03 12:15:09 [restartedMain] INFO  com.ulisesbocchio.jasyptspringboot.caching.CachingDelegateEncryptablePropertySource - Property Source systemEnvironment refreshed
2026-06-03 12:15:09 [restartedMain] INFO  com.ulisesbocchio.jasyptspringboot.caching.CachingDelegateEncryptablePropertySource - Property Source random refreshed
2026-06-03 12:15:09 [restartedMain] INFO  com.ulisesbocchio.jasyptspringboot.caching.CachingDelegateEncryptablePropertySource - Property Source Config resource 'class path resource [application.yaml]' via location 'optional:classpath:/' refreshed
2026-06-03 12:15:09 [restartedMain] INFO  com.ulisesbocchio.jasyptspringboot.caching.CachingDelegateEncryptablePropertySource - Property Source devtools refreshed
2026-06-03 12:15:09 [restartedMain] INFO  com.ulisesbocchio.jasyptspringboot.EncryptablePropertySourceConverter - Converting PropertySource server.ports [org.springframework.core.env.MapPropertySource] to EncryptableMapPropertySourceWrapper
2026-06-03 12:15:09 [restartedMain] INFO  com.ulisesbocchio.jasyptspringboot.EncryptablePropertySourceConverter - Skipping PropertySource configurationProperties [class org.springframework.boot.context.properties.source.ConfigurationPropertySourcesPropertySource
2026-06-03 12:15:09 [restartedMain] INFO  com.ulisesbocchio.jasyptspringboot.EncryptablePropertySourceConverter - Skipping PropertySource servletConfigInitParams [class org.springframework.core.env.PropertySource$StubPropertySource
2026-06-03 12:15:09 [restartedMain] INFO  com.ulisesbocchio.jasyptspringboot.EncryptablePropertySourceConverter - Converting PropertySource servletContextInitParams [org.springframework.web.context.support.ServletContextPropertySource] to EncryptableEnumerablePropertySourceWrapper
2026-06-03 12:15:09 [restartedMain] INFO  com.ulisesbocchio.jasyptspringboot.EncryptablePropertySourceConverter - Converting PropertySource Management Server [org.springframework.boot.actuate.autoconfigure.web.server.ManagementContextAutoConfiguration$SameManagementContextConfiguration$1] to EncryptablePropertySourceWrapper
2026-06-03 12:15:09 [restartedMain] INFO  com.ninimum.api.NinimumApplication - Started NinimumApplication in 6.665 seconds (JVM running for 8.226)
2026-06-03 12:15:33 [http-nio-0.0.0.0-8083-exec-1] INFO  org.springframework.web.servlet.DispatcherServlet - Initializing Servlet 'dispatcherServlet'
2026-06-03 12:15:33 [http-nio-0.0.0.0-8083-exec-1] INFO  org.springframework.web.servlet.DispatcherServlet - Completed initialization in 4 ms
2026-06-03 12:15:33 [http-nio-0.0.0.0-8083-exec-1] INFO  com.ninimum.api.security.provider.UserAuthenticationProvider - userId => 998998887766
2026-06-03 12:15:33 [http-nio-0.0.0.0-8083-exec-1] INFO  com.ninimum.api.security.provider.UserAuthenticationProvider - passwd => 123
2026-06-03 12:15:37 [http-nio-0.0.0.0-8083-exec-2] INFO  com.ninimum.api.security.jwt.JwtAuthenticationFilter - bearerToken==> Bearer eyJhbGciOiJIUzI1NiJ9.eyJzdWIiOiI5OTg5OTg4ODc3NjYiLCJhdXRoIjoiVVNFUiIsImV4cCI6MTgxMTk5MjUzM30.XxvF2t0TBtwnDf55l3BpwKKpdfB9g1BGHkSbz4NVeZY
2026-06-03 12:15:56 [http-nio-0.0.0.0-8083-exec-3] INFO  com.ninimum.api.security.jwt.JwtAuthenticationFilter - bearerToken==> Bearer eyJhbGciOiJIUzI1NiJ9.eyJzdWIiOiI5OTg5OTg4ODc3NjYiLCJhdXRoIjoiVVNFUiIsImV4cCI6MTgxMTk5MjUzM30.XxvF2t0TBtwnDf55l3BpwKKpdfB9g1BGHkSbz4NVeZY
2026-06-03 12:16:02 [http-nio-0.0.0.0-8083-exec-4] INFO  com.ninimum.api.security.jwt.JwtAuthenticationFilter - bearerToken==> Bearer eyJhbGciOiJIUzI1NiJ9.eyJzdWIiOiI5OTg5OTg4ODc3NjYiLCJhdXRoIjoiVVNFUiIsImV4cCI6MTgxMTk5MjUzM30.XxvF2t0TBtwnDf55l3BpwKKpdfB9g1BGHkSbz4NVeZY
2026-06-03 12:16:13 [http-nio-0.0.0.0-8083-exec-5] INFO  com.ninimum.api.security.jwt.JwtAuthenticationFilter - bearerToken==> Bearer eyJhbGciOiJIUzI1NiJ9.eyJzdWIiOiI5OTg5OTg4ODc3NjYiLCJhdXRoIjoiVVNFUiIsImV4cCI6MTgxMTk5MjUzM30.XxvF2t0TBtwnDf55l3BpwKKpdfB9g1BGHkSbz4NVeZY
2026-06-03 12:16:24 [http-nio-0.0.0.0-8083-exec-6] INFO  com.ninimum.api.security.jwt.JwtAuthenticationFilter - bearerToken==> Bearer eyJhbGciOiJIUzI1NiJ9.eyJzdWIiOiI5OTg5OTg4ODc3NjYiLCJhdXRoIjoiVVNFUiIsImV4cCI6MTgxMTk5MjUzM30.XxvF2t0TBtwnDf55l3BpwKKpdfB9g1BGHkSbz4NVeZY
2026-06-03 12:16:36 [http-nio-0.0.0.0-8083-exec-10] INFO  com.ninimum.api.security.jwt.JwtAuthenticationFilter - bearerToken==> Bearer eyJhbGciOiJIUzI1NiJ9.eyJzdWIiOiI5OTg5OTg4ODc3NjYiLCJhdXRoIjoiVVNFUiIsImV4cCI6MTgxMTk5MjUzM30.XxvF2t0TBtwnDf55l3BpwKKpdfB9g1BGHkSbz4NVeZY
2026-06-03 12:16:38 [http-nio-0.0.0.0-8083-exec-9] INFO  com.ninimum.api.security.jwt.JwtAuthenticationFilter - bearerToken==> Bearer eyJhbGciOiJIUzI1NiJ9.eyJzdWIiOiI5OTg5OTg4ODc3NjYiLCJhdXRoIjoiVVNFUiIsImV4cCI6MTgxMTk5MjUzM30.XxvF2t0TBtwnDf55l3BpwKKpdfB9g1BGHkSbz4NVeZY
2026-06-03 12:16:56 [http-nio-0.0.0.0-8083-exec-8] INFO  com.ninimum.api.security.jwt.JwtAuthenticationFilter - bearerToken==> Bearer eyJhbGciOiJIUzI1NiJ9.eyJzdWIiOiI5OTg5OTg4ODc3NjYiLCJhdXRoIjoiVVNFUiIsImV4cCI6MTgxMTk5MjUzM30.XxvF2t0TBtwnDf55l3BpwKKpdfB9g1BGHkSbz4NVeZY
2026-06-03 12:17:13 [http-nio-0.0.0.0-8083-exec-7] INFO  com.ninimum.api.security.jwt.JwtAuthenticationFilter - bearerToken==> Bearer eyJhbGciOiJIUzI1NiJ9.eyJzdWIiOiI5OTg5OTg4ODc3NjYiLCJhdXRoIjoiVVNFUiIsImV4cCI6MTgxMTk5MjUzM30.XxvF2t0TBtwnDf55l3BpwKKpdfB9g1BGHkSbz4NVeZY
2026-06-03 12:17:22 [http-nio-0.0.0.0-8083-exec-1] INFO  com.ninimum.api.security.jwt.JwtAuthenticationFilter - bearerToken==> Bearer eyJhbGciOiJIUzI1NiJ9.eyJzdWIiOiI5OTg5OTg4ODc3NjYiLCJhdXRoIjoiVVNFUiIsImV4cCI6MTgxMTk5MjUzM30.XxvF2t0TBtwnDf55l3BpwKKpdfB9g1BGHkSbz4NVeZY
2026-06-03 12:18:10 [http-nio-0.0.0.0-8083-exec-2] INFO  com.ninimum.api.security.jwt.JwtAuthenticationFilter - bearerToken==> Bearer eyJhbGciOiJIUzI1NiJ9.eyJzdWIiOiI5OTg5OTg4ODc3NjYiLCJhdXRoIjoiVVNFUiIsImV4cCI6MTgxMTk5MjUzM30.XxvF2t0TBtwnDf55l3BpwKKpdfB9g1BGHkSbz4NVeZY
2026-06-03 12:34:20 [http-nio-0.0.0.0-8083-exec-4] INFO  com.ninimum.api.security.provider.UserAuthenticationProvider - userId => 998998887766
2026-06-03 12:34:20 [http-nio-0.0.0.0-8083-exec-4] INFO  com.ninimum.api.security.provider.UserAuthenticationProvider - passwd => 123
2026-06-03 12:34:24 [http-nio-0.0.0.0-8083-exec-5] INFO  com.ninimum.api.security.jwt.JwtAuthenticationFilter - bearerToken==> Bearer eyJhbGciOiJIUzI1NiJ9.eyJzdWIiOiI5OTg5OTg4ODc3NjYiLCJhdXRoIjoiVVNFUiIsImV4cCI6MTgxMTk5MzY2MH0.4Y1lYXj8-_t-HyFz1sT-C-zYJXiAnNAfZiH4gVqcUHc
2026-06-03 12:35:13 [http-nio-0.0.0.0-8083-exec-6] INFO  com.ninimum.api.security.jwt.JwtAuthenticationFilter - bearerToken==> Bearer eyJhbGciOiJIUzI1NiJ9.eyJzdWIiOiI5OTg5OTg4ODc3NjYiLCJhdXRoIjoiVVNFUiIsImV4cCI6MTgxMTk5MzY2MH0.4Y1lYXj8-_t-HyFz1sT-C-zYJXiAnNAfZiH4gVqcUHc
2026-06-03 12:35:15 [http-nio-0.0.0.0-8083-exec-10] INFO  com.ninimum.api.security.jwt.JwtAuthenticationFilter - bearerToken==> Bearer eyJhbGciOiJIUzI1NiJ9.eyJzdWIiOiI5OTg5OTg4ODc3NjYiLCJhdXRoIjoiVVNFUiIsImV4cCI6MTgxMTk5MzY2MH0.4Y1lYXj8-_t-HyFz1sT-C-zYJXiAnNAfZiH4gVqcUHc
2026-06-03 12:35:34 [http-nio-0.0.0.0-8083-exec-9] INFO  com.ninimum.api.security.jwt.JwtAuthenticationFilter - bearerToken==> Bearer eyJhbGciOiJIUzI1NiJ9.eyJzdWIiOiI5OTg5OTg4ODc3NjYiLCJhdXRoIjoiVVNFUiIsImV4cCI6MTgxMTk5MzY2MH0.4Y1lYXj8-_t-HyFz1sT-C-zYJXiAnNAfZiH4gVqcUHc
2026-06-03 12:35:38 [http-nio-0.0.0.0-8083-exec-8] INFO  com.ninimum.api.security.jwt.JwtAuthenticationFilter - bearerToken==> Bearer eyJhbGciOiJIUzI1NiJ9.eyJzdWIiOiI5OTg5OTg4ODc3NjYiLCJhdXRoIjoiVVNFUiIsImV4cCI6MTgxMTk5MzY2MH0.4Y1lYXj8-_t-HyFz1sT-C-zYJXiAnNAfZiH4gVqcUHc
2026-06-03 12:35:49 [http-nio-0.0.0.0-8083-exec-7] INFO  com.ninimum.api.security.jwt.JwtAuthenticationFilter - bearerToken==> Bearer eyJhbGciOiJIUzI1NiJ9.eyJzdWIiOiI5OTg5OTg4ODc3NjYiLCJhdXRoIjoiVVNFUiIsImV4cCI6MTgxMTk5MzY2MH0.4Y1lYXj8-_t-HyFz1sT-C-zYJXiAnNAfZiH4gVqcUHc
2026-06-03 12:37:11 [http-nio-0.0.0.0-8083-exec-2] INFO  com.ninimum.api.security.jwt.JwtAuthenticationFilter - bearerToken==> Bearer eyJhbGciOiJIUzI1NiJ9.eyJzdWIiOiI5OTg5OTg4ODc3NjYiLCJhdXRoIjoiVVNFUiIsImV4cCI6MTgxMTk5MzY2MH0.4Y1lYXj8-_t-HyFz1sT-C-zYJXiAnNAfZiH4gVqcUHc
2026-06-03 12:47:57 [http-nio-0.0.0.0-8083-exec-4] INFO  com.ninimum.api.security.provider.UserAuthenticationProvider - userId => 998998887766
2026-06-03 12:47:57 [http-nio-0.0.0.0-8083-exec-4] INFO  com.ninimum.api.security.provider.UserAuthenticationProvider - passwd => 123
2026-06-03 12:48:02 [http-nio-0.0.0.0-8083-exec-5] INFO  com.ninimum.api.security.jwt.JwtAuthenticationFilter - bearerToken==> Bearer eyJhbGciOiJIUzI1NiJ9.eyJzdWIiOiI5OTg5OTg4ODc3NjYiLCJhdXRoIjoiVVNFUiIsImV4cCI6MTgxMTk5NDQ3OH0.esatZqH0SwfqilnquWNGGC32Yrgcy8nNOpb4ju23R04
2026-06-03 12:48:23 [http-nio-0.0.0.0-8083-exec-6] INFO  com.ninimum.api.security.jwt.JwtAuthenticationFilter - bearerToken==> Bearer eyJhbGciOiJIUzI1NiJ9.eyJzdWIiOiI5OTg5OTg4ODc3NjYiLCJhdXRoIjoiVVNFUiIsImV4cCI6MTgxMTk5NDQ3OH0.esatZqH0SwfqilnquWNGGC32Yrgcy8nNOpb4ju23R04
2026-06-03 12:48:26 [http-nio-0.0.0.0-8083-exec-10] INFO  com.ninimum.api.security.jwt.JwtAuthenticationFilter - bearerToken==> Bearer eyJhbGciOiJIUzI1NiJ9.eyJzdWIiOiI5OTg5OTg4ODc3NjYiLCJhdXRoIjoiVVNFUiIsImV4cCI6MTgxMTk5NDQ3OH0.esatZqH0SwfqilnquWNGGC32Yrgcy8nNOpb4ju23R04
2026-06-03 12:48:47 [http-nio-0.0.0.0-8083-exec-9] INFO  com.ninimum.api.security.jwt.JwtAuthenticationFilter - bearerToken==> Bearer eyJhbGciOiJIUzI1NiJ9.eyJzdWIiOiI5OTg5OTg4ODc3NjYiLCJhdXRoIjoiVVNFUiIsImV4cCI6MTgxMTk5NDQ3OH0.esatZqH0SwfqilnquWNGGC32Yrgcy8nNOpb4ju23R04
2026-06-03 12:48:49 [http-nio-0.0.0.0-8083-exec-8] INFO  com.ninimum.api.security.jwt.JwtAuthenticationFilter - bearerToken==> Bearer eyJhbGciOiJIUzI1NiJ9.eyJzdWIiOiI5OTg5OTg4ODc3NjYiLCJhdXRoIjoiVVNFUiIsImV4cCI6MTgxMTk5NDQ3OH0.esatZqH0SwfqilnquWNGGC32Yrgcy8nNOpb4ju23R04
2026-06-03 12:49:10 [http-nio-0.0.0.0-8083-exec-7] INFO  com.ninimum.api.security.jwt.JwtAuthenticationFilter - bearerToken==> Bearer eyJhbGciOiJIUzI1NiJ9.eyJzdWIiOiI5OTg5OTg4ODc3NjYiLCJhdXRoIjoiVVNFUiIsImV4cCI6MTgxMTk5NDQ3OH0.esatZqH0SwfqilnquWNGGC32Yrgcy8nNOpb4ju23R04
2026-06-03 12:49:23 [http-nio-0.0.0.0-8083-exec-1] INFO  com.ninimum.api.security.jwt.JwtAuthenticationFilter - bearerToken==> Bearer eyJhbGciOiJIUzI1NiJ9.eyJzdWIiOiI5OTg5OTg4ODc3NjYiLCJhdXRoIjoiVVNFUiIsImV4cCI6MTgxMTk5NDQ3OH0.esatZqH0SwfqilnquWNGGC32Yrgcy8nNOpb4ju23R04
2026-06-03 12:49:26 [http-nio-0.0.0.0-8083-exec-2] INFO  com.ninimum.api.security.jwt.JwtAuthenticationFilter - bearerToken==> Bearer eyJhbGciOiJIUzI1NiJ9.eyJzdWIiOiI5OTg5OTg4ODc3NjYiLCJhdXRoIjoiVVNFUiIsImV4cCI6MTgxMTk5NDQ3OH0.esatZqH0SwfqilnquWNGGC32Yrgcy8nNOpb4ju23R04
2026-06-03 12:49:28 [http-nio-0.0.0.0-8083-exec-3] INFO  com.ninimum.api.security.jwt.JwtAuthenticationFilter - bearerToken==> Bearer eyJhbGciOiJIUzI1NiJ9.eyJzdWIiOiI5OTg5OTg4ODc3NjYiLCJhdXRoIjoiVVNFUiIsImV4cCI6MTgxMTk5NDQ3OH0.esatZqH0SwfqilnquWNGGC32Yrgcy8nNOpb4ju23R04
2026-06-03 12:50:01 [http-nio-0.0.0.0-8083-exec-4] INFO  com.ninimum.api.security.jwt.JwtAuthenticationFilter - bearerToken==> Bearer eyJhbGciOiJIUzI1NiJ9.eyJzdWIiOiI5OTg5OTg4ODc3NjYiLCJhdXRoIjoiVVNFUiIsImV4cCI6MTgxMTk5NDQ3OH0.esatZqH0SwfqilnquWNGGC32Yrgcy8nNOpb4ju23R04
2026-06-03 12:50:03 [http-nio-0.0.0.0-8083-exec-5] INFO  com.ninimum.api.security.jwt.JwtAuthenticationFilter - bearerToken==> Bearer eyJhbGciOiJIUzI1NiJ9.eyJzdWIiOiI5OTg5OTg4ODc3NjYiLCJhdXRoIjoiVVNFUiIsImV4cCI6MTgxMTk5NDQ3OH0.esatZqH0SwfqilnquWNGGC32Yrgcy8nNOpb4ju23R04
2026-06-03 12:50:05 [http-nio-0.0.0.0-8083-exec-6] INFO  com.ninimum.api.security.jwt.JwtAuthenticationFilter - bearerToken==> Bearer eyJhbGciOiJIUzI1NiJ9.eyJzdWIiOiI5OTg5OTg4ODc3NjYiLCJhdXRoIjoiVVNFUiIsImV4cCI6MTgxMTk5NDQ3OH0.esatZqH0SwfqilnquWNGGC32Yrgcy8nNOpb4ju23R04
2026-06-03 12:50:40 [http-nio-0.0.0.0-8083-exec-10] INFO  com.ninimum.api.security.jwt.JwtAuthenticationFilter - bearerToken==> Bearer eyJhbGciOiJIUzI1NiJ9.eyJzdWIiOiI5OTg5OTg4ODc3NjYiLCJhdXRoIjoiVVNFUiIsImV4cCI6MTgxMTk5NDQ3OH0.esatZqH0SwfqilnquWNGGC32Yrgcy8nNOpb4ju23R04
2026-06-03 12:50:42 [http-nio-0.0.0.0-8083-exec-9] INFO  com.ninimum.api.security.jwt.JwtAuthenticationFilter - bearerToken==> Bearer eyJhbGciOiJIUzI1NiJ9.eyJzdWIiOiI5OTg5OTg4ODc3NjYiLCJhdXRoIjoiVVNFUiIsImV4cCI6MTgxMTk5NDQ3OH0.esatZqH0SwfqilnquWNGGC32Yrgcy8nNOpb4ju23R04
2026-06-03 12:50:47 [http-nio-0.0.0.0-8083-exec-8] INFO  com.ninimum.api.security.jwt.JwtAuthenticationFilter - bearerToken==> Bearer eyJhbGciOiJIUzI1NiJ9.eyJzdWIiOiI5OTg5OTg4ODc3NjYiLCJhdXRoIjoiVVNFUiIsImV4cCI6MTgxMTk5NDQ3OH0.esatZqH0SwfqilnquWNGGC32Yrgcy8nNOpb4ju23R04
2026-06-03 12:51:52 [http-nio-0.0.0.0-8083-exec-1] INFO  com.ninimum.api.security.jwt.JwtAuthenticationFilter - bearerToken==> Bearer eyJhbGciOiJIUzI1NiJ9.eyJzdWIiOiI5OTg5OTg4ODc3NjYiLCJhdXRoIjoiVVNFUiIsImV4cCI6MTgxMTk5NDQ3OH0.esatZqH0SwfqilnquWNGGC32Yrgcy8nNOpb4ju23R04
2026-06-03 12:51:57 [http-nio-0.0.0.0-8083-exec-2] INFO  com.ninimum.api.security.jwt.JwtAuthenticationFilter - bearerToken==> Bearer eyJhbGciOiJIUzI1NiJ9.eyJzdWIiOiI5OTg5OTg4ODc3NjYiLCJhdXRoIjoiVVNFUiIsImV4cCI6MTgxMTk5NDQ3OH0.esatZqH0SwfqilnquWNGGC32Yrgcy8nNOpb4ju23R04
2026-06-03 12:52:06 [http-nio-0.0.0.0-8083-exec-3] INFO  com.ninimum.api.security.jwt.JwtAuthenticationFilter - bearerToken==> Bearer eyJhbGciOiJIUzI1NiJ9.eyJzdWIiOiI5OTg5OTg4ODc3NjYiLCJhdXRoIjoiVVNFUiIsImV4cCI6MTgxMTk5NDQ3OH0.esatZqH0SwfqilnquWNGGC32Yrgcy8nNOpb4ju23R04
2026-06-03 12:52:08 [http-nio-0.0.0.0-8083-exec-4] INFO  com.ninimum.api.security.jwt.JwtAuthenticationFilter - bearerToken==> Bearer eyJhbGciOiJIUzI1NiJ9.eyJzdWIiOiI5OTg5OTg4ODc3NjYiLCJhdXRoIjoiVVNFUiIsImV4cCI6MTgxMTk5NDQ3OH0.esatZqH0SwfqilnquWNGGC32Yrgcy8nNOpb4ju23R04
2026-06-03 12:52:12 [http-nio-0.0.0.0-8083-exec-5] INFO  com.ninimum.api.security.jwt.JwtAuthenticationFilter - bearerToken==> Bearer eyJhbGciOiJIUzI1NiJ9.eyJzdWIiOiI5OTg5OTg4ODc3NjYiLCJhdXRoIjoiVVNFUiIsImV4cCI6MTgxMTk5NDQ3OH0.esatZqH0SwfqilnquWNGGC32Yrgcy8nNOpb4ju23R04
2026-06-03 12:58:02 [http-nio-0.0.0.0-8083-exec-10] INFO  com.ninimum.api.security.provider.UserAuthenticationProvider - userId => 998998887766
2026-06-03 12:58:02 [http-nio-0.0.0.0-8083-exec-10] INFO  com.ninimum.api.security.provider.UserAuthenticationProvider - passwd => 123
2026-06-03 12:58:06 [http-nio-0.0.0.0-8083-exec-9] INFO  com.ninimum.api.security.jwt.JwtAuthenticationFilter - bearerToken==> Bearer eyJhbGciOiJIUzI1NiJ9.eyJzdWIiOiI5OTg5OTg4ODc3NjYiLCJhdXRoIjoiVVNFUiIsImV4cCI6MTgxMTk5NTA4Mn0.yagvaLptQrYoxy6EhL0Q2DcnEjdSScs8wQtFJi_7g4E
2026-06-03 12:58:30 [http-nio-0.0.0.0-8083-exec-8] INFO  com.ninimum.api.security.jwt.JwtAuthenticationFilter - bearerToken==> Bearer eyJhbGciOiJIUzI1NiJ9.eyJzdWIiOiI5OTg5OTg4ODc3NjYiLCJhdXRoIjoiVVNFUiIsImV4cCI6MTgxMTk5NTA4Mn0.yagvaLptQrYoxy6EhL0Q2DcnEjdSScs8wQtFJi_7g4E
2026-06-03 12:58:32 [http-nio-0.0.0.0-8083-exec-7] INFO  com.ninimum.api.security.jwt.JwtAuthenticationFilter - bearerToken==> Bearer eyJhbGciOiJIUzI1NiJ9.eyJzdWIiOiI5OTg5OTg4ODc3NjYiLCJhdXRoIjoiVVNFUiIsImV4cCI6MTgxMTk5NTA4Mn0.yagvaLptQrYoxy6EhL0Q2DcnEjdSScs8wQtFJi_7g4E
2026-06-03 12:58:36 [http-nio-0.0.0.0-8083-exec-1] INFO  com.ninimum.api.security.jwt.JwtAuthenticationFilter - bearerToken==> Bearer eyJhbGciOiJIUzI1NiJ9.eyJzdWIiOiI5OTg5OTg4ODc3NjYiLCJhdXRoIjoiVVNFUiIsImV4cCI6MTgxMTk5NTA4Mn0.yagvaLptQrYoxy6EhL0Q2DcnEjdSScs8wQtFJi_7g4E
2026-06-03 12:58:37 [http-nio-0.0.0.0-8083-exec-2] INFO  com.ninimum.api.security.jwt.JwtAuthenticationFilter - bearerToken==> Bearer eyJhbGciOiJIUzI1NiJ9.eyJzdWIiOiI5OTg5OTg4ODc3NjYiLCJhdXRoIjoiVVNFUiIsImV4cCI6MTgxMTk5NTA4Mn0.yagvaLptQrYoxy6EhL0Q2DcnEjdSScs8wQtFJi_7g4E
2026-06-03 12:59:10 [http-nio-0.0.0.0-8083-exec-3] INFO  com.ninimum.api.security.jwt.JwtAuthenticationFilter - bearerToken==> Bearer eyJhbGciOiJIUzI1NiJ9.eyJzdWIiOiI5OTg5OTg4ODc3NjYiLCJhdXRoIjoiVVNFUiIsImV4cCI6MTgxMTk5NTA4Mn0.yagvaLptQrYoxy6EhL0Q2DcnEjdSScs8wQtFJi_7g4E
2026-06-03 12:59:12 [http-nio-0.0.0.0-8083-exec-4] INFO  com.ninimum.api.security.jwt.JwtAuthenticationFilter - bearerToken==> Bearer eyJhbGciOiJIUzI1NiJ9.eyJzdWIiOiI5OTg5OTg4ODc3NjYiLCJhdXRoIjoiVVNFUiIsImV4cCI6MTgxMTk5NTA4Mn0.yagvaLptQrYoxy6EhL0Q2DcnEjdSScs8wQtFJi_7g4E
2026-06-03 12:59:20 [http-nio-0.0.0.0-8083-exec-5] INFO  com.ninimum.api.security.jwt.JwtAuthenticationFilter - bearerToken==> Bearer eyJhbGciOiJIUzI1NiJ9.eyJzdWIiOiI5OTg5OTg4ODc3NjYiLCJhdXRoIjoiVVNFUiIsImV4cCI6MTgxMTk5NTA4Mn0.yagvaLptQrYoxy6EhL0Q2DcnEjdSScs8wQtFJi_7g4E
2026-06-03 12:59:30 [http-nio-0.0.0.0-8083-exec-6] INFO  com.ninimum.api.security.jwt.JwtAuthenticationFilter - bearerToken==> Bearer eyJhbGciOiJIUzI1NiJ9.eyJzdWIiOiI5OTg5OTg4ODc3NjYiLCJhdXRoIjoiVVNFUiIsImV4cCI6MTgxMTk5NTA4Mn0.yagvaLptQrYoxy6EhL0Q2DcnEjdSScs8wQtFJi_7g4E
2026-06-03 12:59:32 [http-nio-0.0.0.0-8083-exec-10] INFO  com.ninimum.api.security.jwt.JwtAuthenticationFilter - bearerToken==> Bearer eyJhbGciOiJIUzI1NiJ9.eyJzdWIiOiI5OTg5OTg4ODc3NjYiLCJhdXRoIjoiVVNFUiIsImV4cCI6MTgxMTk5NTA4Mn0.yagvaLptQrYoxy6EhL0Q2DcnEjdSScs8wQtFJi_7g4E
2026-06-03 13:10:45 [http-nio-0.0.0.0-8083-exec-8] INFO  com.ninimum.api.security.provider.UserAuthenticationProvider - userId => 998998887766
2026-06-03 13:10:45 [http-nio-0.0.0.0-8083-exec-8] INFO  com.ninimum.api.security.provider.UserAuthenticationProvider - passwd => 123
2026-06-03 13:10:49 [http-nio-0.0.0.0-8083-exec-7] INFO  com.ninimum.api.security.jwt.JwtAuthenticationFilter - bearerToken==> Bearer eyJhbGciOiJIUzI1NiJ9.eyJzdWIiOiI5OTg5OTg4ODc3NjYiLCJhdXRoIjoiVVNFUiIsImV4cCI6MTgxMTk5NTg0Nn0.k04ikcQqjcNLMgs5T6d8Cwg0QO_cG8wd93ljk2CXFqY
2026-06-03 13:11:02 [http-nio-0.0.0.0-8083-exec-1] INFO  com.ninimum.api.security.jwt.JwtAuthenticationFilter - bearerToken==> Bearer eyJhbGciOiJIUzI1NiJ9.eyJzdWIiOiI5OTg5OTg4ODc3NjYiLCJhdXRoIjoiVVNFUiIsImV4cCI6MTgxMTk5NTg0Nn0.k04ikcQqjcNLMgs5T6d8Cwg0QO_cG8wd93ljk2CXFqY
2026-06-03 13:11:04 [http-nio-0.0.0.0-8083-exec-2] INFO  com.ninimum.api.security.jwt.JwtAuthenticationFilter - bearerToken==> Bearer eyJhbGciOiJIUzI1NiJ9.eyJzdWIiOiI5OTg5OTg4ODc3NjYiLCJhdXRoIjoiVVNFUiIsImV4cCI6MTgxMTk5NTg0Nn0.k04ikcQqjcNLMgs5T6d8Cwg0QO_cG8wd93ljk2CXFqY
2026-06-03 13:11:19 [http-nio-0.0.0.0-8083-exec-3] INFO  com.ninimum.api.security.jwt.JwtAuthenticationFilter - bearerToken==> Bearer eyJhbGciOiJIUzI1NiJ9.eyJzdWIiOiI5OTg5OTg4ODc3NjYiLCJhdXRoIjoiVVNFUiIsImV4cCI6MTgxMTk5NTg0Nn0.k04ikcQqjcNLMgs5T6d8Cwg0QO_cG8wd93ljk2CXFqY
2026-06-03 13:12:19 [http-nio-0.0.0.0-8083-exec-4] INFO  com.ninimum.api.security.jwt.JwtAuthenticationFilter - bearerToken==> Bearer eyJhbGciOiJIUzI1NiJ9.eyJzdWIiOiI5OTg5OTg4ODc3NjYiLCJhdXRoIjoiVVNFUiIsImV4cCI6MTgxMTk5NTg0Nn0.k04ikcQqjcNLMgs5T6d8Cwg0QO_cG8wd93ljk2CXFqY
2026-06-03 13:12:21 [http-nio-0.0.0.0-8083-exec-5] INFO  com.ninimum.api.security.jwt.JwtAuthenticationFilter - bearerToken==> Bearer eyJhbGciOiJIUzI1NiJ9.eyJzdWIiOiI5OTg5OTg4ODc3NjYiLCJhdXRoIjoiVVNFUiIsImV4cCI6MTgxMTk5NTg0Nn0.k04ikcQqjcNLMgs5T6d8Cwg0QO_cG8wd93ljk2CXFqY
2026-06-03 13:12:32 [http-nio-0.0.0.0-8083-exec-6] INFO  com.ninimum.api.security.jwt.JwtAuthenticationFilter - bearerToken==> Bearer eyJhbGciOiJIUzI1NiJ9.eyJzdWIiOiI5OTg5OTg4ODc3NjYiLCJhdXRoIjoiVVNFUiIsImV4cCI6MTgxMTk5NTg0Nn0.k04ikcQqjcNLMgs5T6d8Cwg0QO_cG8wd93ljk2CXFqY
2026-06-03 13:12:39 [http-nio-0.0.0.0-8083-exec-10] INFO  com.ninimum.api.security.jwt.JwtAuthenticationFilter - bearerToken==> Bearer eyJhbGciOiJIUzI1NiJ9.eyJzdWIiOiI5OTg5OTg4ODc3NjYiLCJhdXRoIjoiVVNFUiIsImV4cCI6MTgxMTk5NTg0Nn0.k04ikcQqjcNLMgs5T6d8Cwg0QO_cG8wd93ljk2CXFqY
2026-06-03 13:12:41 [http-nio-0.0.0.0-8083-exec-9] INFO  com.ninimum.api.security.jwt.JwtAuthenticationFilter - bearerToken==> Bearer eyJhbGciOiJIUzI1NiJ9.eyJzdWIiOiI5OTg5OTg4ODc3NjYiLCJhdXRoIjoiVVNFUiIsImV4cCI6MTgxMTk5NTg0Nn0.k04ikcQqjcNLMgs5T6d8Cwg0QO_cG8wd93ljk2CXFqY
2026-06-03 13:16:12 [http-nio-0.0.0.0-8083-exec-7] INFO  com.ninimum.api.security.provider.UserAuthenticationProvider - userId => 998998887766
2026-06-03 13:16:12 [http-nio-0.0.0.0-8083-exec-7] INFO  com.ninimum.api.security.provider.UserAuthenticationProvider - passwd => 123
2026-06-03 13:16:17 [http-nio-0.0.0.0-8083-exec-1] INFO  com.ninimum.api.security.jwt.JwtAuthenticationFilter - bearerToken==> Bearer eyJhbGciOiJIUzI1NiJ9.eyJzdWIiOiI5OTg5OTg4ODc3NjYiLCJhdXRoIjoiVVNFUiIsImV4cCI6MTgxMTk5NjE3M30.sFiBe8J-OHUR8WoDJfCpBSIw10V8KjOX5cTAfly9Vio
2026-06-03 13:16:29 [http-nio-0.0.0.0-8083-exec-2] INFO  com.ninimum.api.security.jwt.JwtAuthenticationFilter - bearerToken==> Bearer eyJhbGciOiJIUzI1NiJ9.eyJzdWIiOiI5OTg5OTg4ODc3NjYiLCJhdXRoIjoiVVNFUiIsImV4cCI6MTgxMTk5NjE3M30.sFiBe8J-OHUR8WoDJfCpBSIw10V8KjOX5cTAfly9Vio
2026-06-03 13:16:32 [http-nio-0.0.0.0-8083-exec-3] INFO  com.ninimum.api.security.jwt.JwtAuthenticationFilter - bearerToken==> Bearer eyJhbGciOiJIUzI1NiJ9.eyJzdWIiOiI5OTg5OTg4ODc3NjYiLCJhdXRoIjoiVVNFUiIsImV4cCI6MTgxMTk5NjE3M30.sFiBe8J-OHUR8WoDJfCpBSIw10V8KjOX5cTAfly9Vio
2026-06-03 13:16:33 [http-nio-0.0.0.0-8083-exec-4] INFO  com.ninimum.api.security.jwt.JwtAuthenticationFilter - bearerToken==> Bearer eyJhbGciOiJIUzI1NiJ9.eyJzdWIiOiI5OTg5OTg4ODc3NjYiLCJhdXRoIjoiVVNFUiIsImV4cCI6MTgxMTk5NjE3M30.sFiBe8J-OHUR8WoDJfCpBSIw10V8KjOX5cTAfly9Vio
2026-06-03 13:16:43 [http-nio-0.0.0.0-8083-exec-5] INFO  com.ninimum.api.security.jwt.JwtAuthenticationFilter - bearerToken==> Bearer eyJhbGciOiJIUzI1NiJ9.eyJzdWIiOiI5OTg5OTg4ODc3NjYiLCJhdXRoIjoiVVNFUiIsImV4cCI6MTgxMTk5NjE3M30.sFiBe8J-OHUR8WoDJfCpBSIw10V8KjOX5cTAfly9Vio
2026-06-03 13:16:44 [http-nio-0.0.0.0-8083-exec-6] INFO  com.ninimum.api.security.jwt.JwtAuthenticationFilter - bearerToken==> Bearer eyJhbGciOiJIUzI1NiJ9.eyJzdWIiOiI5OTg5OTg4ODc3NjYiLCJhdXRoIjoiVVNFUiIsImV4cCI6MTgxMTk5NjE3M30.sFiBe8J-OHUR8WoDJfCpBSIw10V8KjOX5cTAfly9Vio
2026-06-03 13:16:45 [http-nio-0.0.0.0-8083-exec-10] INFO  com.ninimum.api.security.jwt.JwtAuthenticationFilter - bearerToken==> Bearer eyJhbGciOiJIUzI1NiJ9.eyJzdWIiOiI5OTg5OTg4ODc3NjYiLCJhdXRoIjoiVVNFUiIsImV4cCI6MTgxMTk5NjE3M30.sFiBe8J-OHUR8WoDJfCpBSIw10V8KjOX5cTAfly9Vio
2026-06-03 13:21:00 [http-nio-0.0.0.0-8083-exec-8] INFO  com.ninimum.api.security.provider.UserAuthenticationProvider - userId => 998998887766
2026-06-03 13:21:00 [http-nio-0.0.0.0-8083-exec-8] INFO  com.ninimum.api.security.provider.UserAuthenticationProvider - passwd => 123
2026-06-03 13:21:04 [http-nio-0.0.0.0-8083-exec-7] INFO  com.ninimum.api.security.jwt.JwtAuthenticationFilter - bearerToken==> Bearer eyJhbGciOiJIUzI1NiJ9.eyJzdWIiOiI5OTg5OTg4ODc3NjYiLCJhdXRoIjoiVVNFUiIsImV4cCI6MTgxMTk5NjQ2MH0.JXOeb83IpyZiy6iCb_7APpr2wQYkrZTTEKeHNPN6dbM
2026-06-03 13:21:16 [http-nio-0.0.0.0-8083-exec-1] INFO  com.ninimum.api.security.jwt.JwtAuthenticationFilter - bearerToken==> Bearer eyJhbGciOiJIUzI1NiJ9.eyJzdWIiOiI5OTg5OTg4ODc3NjYiLCJhdXRoIjoiVVNFUiIsImV4cCI6MTgxMTk5NjQ2MH0.JXOeb83IpyZiy6iCb_7APpr2wQYkrZTTEKeHNPN6dbM
2026-06-03 13:21:18 [http-nio-0.0.0.0-8083-exec-2] INFO  com.ninimum.api.security.jwt.JwtAuthenticationFilter - bearerToken==> Bearer eyJhbGciOiJIUzI1NiJ9.eyJzdWIiOiI5OTg5OTg4ODc3NjYiLCJhdXRoIjoiVVNFUiIsImV4cCI6MTgxMTk5NjQ2MH0.JXOeb83IpyZiy6iCb_7APpr2wQYkrZTTEKeHNPN6dbM
2026-06-03 13:21:18 [http-nio-0.0.0.0-8083-exec-3] INFO  com.ninimum.api.security.jwt.JwtAuthenticationFilter - bearerToken==> Bearer eyJhbGciOiJIUzI1NiJ9.eyJzdWIiOiI5OTg5OTg4ODc3NjYiLCJhdXRoIjoiVVNFUiIsImV4cCI6MTgxMTk5NjQ2MH0.JXOeb83IpyZiy6iCb_7APpr2wQYkrZTTEKeHNPN6dbM
2026-06-03 13:21:32 [http-nio-0.0.0.0-8083-exec-4] INFO  com.ninimum.api.security.jwt.JwtAuthenticationFilter - bearerToken==> Bearer eyJhbGciOiJIUzI1NiJ9.eyJzdWIiOiI5OTg5OTg4ODc3NjYiLCJhdXRoIjoiVVNFUiIsImV4cCI6MTgxMTk5NjQ2MH0.JXOeb83IpyZiy6iCb_7APpr2wQYkrZTTEKeHNPN6dbM
2026-06-03 13:21:36 [http-nio-0.0.0.0-8083-exec-5] INFO  com.ninimum.api.security.jwt.JwtAuthenticationFilter - bearerToken==> Bearer eyJhbGciOiJIUzI1NiJ9.eyJzdWIiOiI5OTg5OTg4ODc3NjYiLCJhdXRoIjoiVVNFUiIsImV4cCI6MTgxMTk5NjQ2MH0.JXOeb83IpyZiy6iCb_7APpr2wQYkrZTTEKeHNPN6dbM
2026-06-03 13:21:44 [http-nio-0.0.0.0-8083-exec-6] INFO  com.ninimum.api.security.jwt.JwtAuthenticationFilter - bearerToken==> Bearer eyJhbGciOiJIUzI1NiJ9.eyJzdWIiOiI5OTg5OTg4ODc3NjYiLCJhdXRoIjoiVVNFUiIsImV4cCI6MTgxMTk5NjQ2MH0.JXOeb83IpyZiy6iCb_7APpr2wQYkrZTTEKeHNPN6dbM
2026-06-03 13:21:49 [http-nio-0.0.0.0-8083-exec-10] INFO  com.ninimum.api.security.jwt.JwtAuthenticationFilter - bearerToken==> Bearer eyJhbGciOiJIUzI1NiJ9.eyJzdWIiOiI5OTg5OTg4ODc3NjYiLCJhdXRoIjoiVVNFUiIsImV4cCI6MTgxMTk5NjQ2MH0.JXOeb83IpyZiy6iCb_7APpr2wQYkrZTTEKeHNPN6dbM
2026-06-03 14:03:04 [HikariPool-1 housekeeper] WARN  com.zaxxer.hikari.pool.HikariPool - HikariPool-1 - Thread starvation or clock leap detected (housekeeper delta=30m24s828ms).
2026-06-03 14:14:29 [HikariPool-1 housekeeper] WARN  com.zaxxer.hikari.pool.HikariPool - HikariPool-1 - Thread starvation or clock leap detected (housekeeper delta=10m54s775ms).
2026-06-03 14:31:31 [HikariPool-1 housekeeper] WARN  com.zaxxer.hikari.pool.HikariPool - HikariPool-1 - Thread starvation or clock leap detected (housekeeper delta=16m31s645ms).
2026-06-03 14:48:25 [HikariPool-1 housekeeper] WARN  com.zaxxer.hikari.pool.HikariPool - HikariPool-1 - Thread starvation or clock leap detected (housekeeper delta=15m54s742ms).
2026-06-03 15:05:08 [HikariPool-1 housekeeper] WARN  com.zaxxer.hikari.pool.HikariPool - HikariPool-1 - Thread starvation or clock leap detected (housekeeper delta=16m12s519ms).
2026-06-03 15:21:37 [HikariPool-1 housekeeper] WARN  com.zaxxer.hikari.pool.HikariPool - HikariPool-1 - Thread starvation or clock leap detected (housekeeper delta=15m59s366ms).
2026-06-03 15:28:38 [HikariPool-1 housekeeper] WARN  com.zaxxer.hikari.pool.HikariPool - HikariPool-1 - Thread starvation or clock leap detected (housekeeper delta=6m30s528ms).
2026-06-03 15:45:27 [HikariPool-1 housekeeper] WARN  com.zaxxer.hikari.pool.HikariPool - HikariPool-1 - Thread starvation or clock leap detected (housekeeper delta=16m49s107ms).
2026-06-03 16:02:10 [HikariPool-1 housekeeper] WARN  com.zaxxer.hikari.pool.HikariPool - HikariPool-1 - Thread starvation or clock leap detected (housekeeper delta=16m13s470ms).
2026-06-03 16:20:26 [HikariPool-1 housekeeper] WARN  com.zaxxer.hikari.pool.HikariPool - HikariPool-1 - Thread starvation or clock leap detected (housekeeper delta=17m45s513ms).
2026-06-03 16:29:11 [HikariPool-1 housekeeper] WARN  com.zaxxer.hikari.pool.HikariPool - HikariPool-1 - Thread starvation or clock leap detected (housekeeper delta=8m45s431ms).
2026-06-03 16:46:12 [HikariPool-1 housekeeper] WARN  com.zaxxer.hikari.pool.HikariPool - HikariPool-1 - Thread starvation or clock leap detected (housekeeper delta=16m30s767ms).
2026-06-03 16:47:45 [HikariPool-1 housekeeper] WARN  com.zaxxer.hikari.pool.HikariPool - HikariPool-1 - Thread starvation or clock leap detected (housekeeper delta=1m2s672ms).
2026-06-03 17:27:34 [SpringApplicationShutdownHook] INFO  com.zaxxer.hikari.HikariDataSource - HikariPool-1 - Shutdown initiated...
2026-06-03 17:27:34 [SpringApplicationShutdownHook] INFO  com.zaxxer.hikari.HikariDataSource - HikariPool-1 - Shutdown completed.
2026-06-03 17:27:40 [restartedMain] INFO  com.ninimum.api.NinimumApplication - Starting NinimumApplication using Java 17.0.14 on Akmalui-MacBookPro.local with PID 29591 (/Users/akmalbukhariev/Projects/NinimumBackend/NinimumBackend/target/classes started by akmalbukhariev in /Users/akmalbukhariev/Projects/NinimumBackend/NinimumBackend)
2026-06-03 17:27:40 [restartedMain] INFO  com.ninimum.api.NinimumApplication - The following 1 profile is active: "default"
2026-06-03 17:27:40 [restartedMain] INFO  org.springframework.boot.devtools.env.DevToolsPropertyDefaultsPostProcessor - Devtools property defaults active! Set 'spring.devtools.add-properties' to 'false' to disable
2026-06-03 17:27:40 [restartedMain] INFO  org.springframework.boot.devtools.env.DevToolsPropertyDefaultsPostProcessor - For additional web related logging consider setting the 'logging.level.web' property to 'DEBUG'
2026-06-03 17:27:43 [restartedMain] INFO  org.springframework.data.repository.config.RepositoryConfigurationDelegate - Bootstrapping Spring Data JDBC repositories in DEFAULT mode.
2026-06-03 17:27:43 [restartedMain] INFO  org.springframework.data.repository.config.RepositoryConfigurationDelegate - Finished Spring Data repository scanning in 71 ms. Found 0 JDBC repository interfaces.
2026-06-03 17:27:44 [restartedMain] INFO  com.ulisesbocchio.jasyptspringboot.configuration.EnableEncryptablePropertiesBeanFactoryPostProcessor - Post-processing PropertySource instances
2026-06-03 17:27:44 [restartedMain] INFO  com.ulisesbocchio.jasyptspringboot.EncryptablePropertySourceConverter - Skipping PropertySource configurationProperties [class org.springframework.boot.context.properties.source.ConfigurationPropertySourcesPropertySource
2026-06-03 17:27:44 [restartedMain] INFO  com.ulisesbocchio.jasyptspringboot.EncryptablePropertySourceConverter - Skipping PropertySource servletConfigInitParams [class org.springframework.core.env.PropertySource$StubPropertySource
2026-06-03 17:27:44 [restartedMain] INFO  com.ulisesbocchio.jasyptspringboot.EncryptablePropertySourceConverter - Skipping PropertySource servletContextInitParams [class org.springframework.core.env.PropertySource$StubPropertySource
2026-06-03 17:27:44 [restartedMain] INFO  com.ulisesbocchio.jasyptspringboot.EncryptablePropertySourceConverter - Converting PropertySource systemProperties [org.springframework.core.env.PropertiesPropertySource] to EncryptableMapPropertySourceWrapper
2026-06-03 17:27:44 [restartedMain] INFO  com.ulisesbocchio.jasyptspringboot.EncryptablePropertySourceConverter - Converting PropertySource systemEnvironment [org.springframework.boot.env.SystemEnvironmentPropertySourceEnvironmentPostProcessor$OriginAwareSystemEnvironmentPropertySource] to EncryptableSystemEnvironmentPropertySourceWrapper
2026-06-03 17:27:44 [restartedMain] INFO  com.ulisesbocchio.jasyptspringboot.EncryptablePropertySourceConverter - Converting PropertySource random [org.springframework.boot.env.RandomValuePropertySource] to EncryptablePropertySourceWrapper
2026-06-03 17:27:44 [restartedMain] INFO  com.ulisesbocchio.jasyptspringboot.EncryptablePropertySourceConverter - Converting PropertySource Config resource 'class path resource [application.yaml]' via location 'optional:classpath:/' [org.springframework.boot.env.OriginTrackedMapPropertySource] to EncryptableMapPropertySourceWrapper
2026-06-03 17:27:44 [restartedMain] INFO  com.ulisesbocchio.jasyptspringboot.EncryptablePropertySourceConverter - Converting PropertySource devtools [org.springframework.core.env.MapPropertySource] to EncryptableMapPropertySourceWrapper
2026-06-03 17:27:44 [restartedMain] INFO  com.ulisesbocchio.jasyptspringboot.filter.DefaultLazyPropertyFilter - Property Filter custom Bean not found with name 'encryptablePropertyFilter'. Initializing Default Property Filter
2026-06-03 17:27:44 [restartedMain] INFO  com.ulisesbocchio.jasyptspringboot.resolver.DefaultLazyPropertyResolver - Property Resolver custom Bean not found with name 'encryptablePropertyResolver'. Initializing Default Property Resolver
2026-06-03 17:27:44 [restartedMain] INFO  com.ulisesbocchio.jasyptspringboot.detector.DefaultLazyPropertyDetector - Property Detector custom Bean not found with name 'encryptablePropertyDetector'. Initializing Default Property Detector
2026-06-03 17:27:45 [restartedMain] INFO  org.springframework.boot.web.embedded.tomcat.TomcatWebServer - Tomcat initialized with port(s): 8083 (http)
2026-06-03 17:27:45 [restartedMain] INFO  org.springframework.boot.web.servlet.context.ServletWebServerApplicationContext - Root WebApplicationContext: initialization completed in 4875 ms
2026-06-03 17:27:49 [restartedMain] INFO  org.springframework.boot.actuate.endpoint.web.EndpointLinksResolver - Exposing 2 endpoint(s) beneath base path '/actuator'
2026-06-03 17:27:49 [restartedMain] INFO  org.springframework.security.web.DefaultSecurityFilterChain - Will secure any request with [org.springframework.security.web.session.DisableEncodeUrlFilter@50bc2642, org.springframework.security.web.context.request.async.WebAsyncManagerIntegrationFilter@32e826ef, org.springframework.security.web.context.SecurityContextPersistenceFilter@16fc806d, org.springframework.security.web.header.HeaderWriterFilter@2d73f7b4, org.springframework.web.filter.CorsFilter@325590ea, org.springframework.security.web.authentication.logout.LogoutFilter@3ec5d25d, com.ninimum.api.security.jwt.JwtAuthenticationFilter@d583443, com.ninimum.api.security.filter.UserAuthenticationFilter@3c679d9c, com.ninimum.api.security.filter.AdminAuthenticationFilter@4f4b1ba1, org.springframework.security.web.savedrequest.RequestCacheAwareFilter@5e5bf599, org.springframework.security.web.servletapi.SecurityContextHolderAwareRequestFilter@4625bb7b, org.springframework.security.web.authentication.AnonymousAuthenticationFilter@51871062, org.springframework.security.web.session.SessionManagementFilter@40868119, org.springframework.security.web.access.ExceptionTranslationFilter@1aee8fd5, org.springframework.security.web.access.intercept.AuthorizationFilter@56d68c06]
2026-06-03 17:27:49 [restartedMain] WARN  org.springframework.security.config.annotation.web.builders.WebSecurity - You are asking Spring Security to ignore Ant [pattern='/**/webjars/**']. This is not recommended -- please use permitAll via HttpSecurity#authorizeHttpRequests instead.
2026-06-03 17:27:49 [restartedMain] INFO  org.springframework.security.web.DefaultSecurityFilterChain - Will not secure Ant [pattern='/**/webjars/**']
2026-06-03 17:27:49 [restartedMain] WARN  org.springframework.security.config.annotation.web.builders.WebSecurity - You are asking Spring Security to ignore Ant [pattern='/uploads/**']. This is not recommended -- please use permitAll via HttpSecurity#authorizeHttpRequests instead.
2026-06-03 17:27:49 [restartedMain] INFO  org.springframework.security.web.DefaultSecurityFilterChain - Will not secure Ant [pattern='/uploads/**']
2026-06-03 17:27:49 [restartedMain] WARN  org.springframework.security.config.annotation.web.builders.WebSecurity - You are asking Spring Security to ignore Ant [pattern='/v2/api-docs']. This is not recommended -- please use permitAll via HttpSecurity#authorizeHttpRequests instead.
2026-06-03 17:27:49 [restartedMain] INFO  org.springframework.security.web.DefaultSecurityFilterChain - Will not secure Ant [pattern='/v2/api-docs']
2026-06-03 17:27:49 [restartedMain] WARN  org.springframework.security.config.annotation.web.builders.WebSecurity - You are asking Spring Security to ignore Ant [pattern='/swagger-resources']. This is not recommended -- please use permitAll via HttpSecurity#authorizeHttpRequests instead.
2026-06-03 17:27:49 [restartedMain] INFO  org.springframework.security.web.DefaultSecurityFilterChain - Will not secure Ant [pattern='/swagger-resources']
2026-06-03 17:27:49 [restartedMain] WARN  org.springframework.security.config.annotation.web.builders.WebSecurity - You are asking Spring Security to ignore Ant [pattern='/swagger-resources/**']. This is not recommended -- please use permitAll via HttpSecurity#authorizeHttpRequests instead.
2026-06-03 17:27:49 [restartedMain] INFO  org.springframework.security.web.DefaultSecurityFilterChain - Will not secure Ant [pattern='/swagger-resources/**']
2026-06-03 17:27:49 [restartedMain] WARN  org.springframework.security.config.annotation.web.builders.WebSecurity - You are asking Spring Security to ignore Ant [pattern='/configuration/ui']. This is not recommended -- please use permitAll via HttpSecurity#authorizeHttpRequests instead.
2026-06-03 17:27:49 [restartedMain] INFO  org.springframework.security.web.DefaultSecurityFilterChain - Will not secure Ant [pattern='/configuration/ui']
2026-06-03 17:27:49 [restartedMain] WARN  org.springframework.security.config.annotation.web.builders.WebSecurity - You are asking Spring Security to ignore Ant [pattern='/configuration/security']. This is not recommended -- please use permitAll via HttpSecurity#authorizeHttpRequests instead.
2026-06-03 17:27:49 [restartedMain] INFO  org.springframework.security.web.DefaultSecurityFilterChain - Will not secure Ant [pattern='/configuration/security']
2026-06-03 17:27:49 [restartedMain] WARN  org.springframework.security.config.annotation.web.builders.WebSecurity - You are asking Spring Security to ignore Ant [pattern='/swagger-ui/**']. This is not recommended -- please use permitAll via HttpSecurity#authorizeHttpRequests instead.
2026-06-03 17:27:49 [restartedMain] INFO  org.springframework.security.web.DefaultSecurityFilterChain - Will not secure Ant [pattern='/swagger-ui/**']
2026-06-03 17:27:49 [restartedMain] WARN  org.springframework.security.config.annotation.web.builders.WebSecurity - You are asking Spring Security to ignore Ant [pattern='/webjars/**']. This is not recommended -- please use permitAll via HttpSecurity#authorizeHttpRequests instead.
2026-06-03 17:27:49 [restartedMain] INFO  org.springframework.security.web.DefaultSecurityFilterChain - Will not secure Ant [pattern='/webjars/**']
2026-06-03 17:27:49 [restartedMain] WARN  org.springframework.security.config.annotation.web.builders.WebSecurity - You are asking Spring Security to ignore Ant [pattern='/v3/api-docs/**']. This is not recommended -- please use permitAll via HttpSecurity#authorizeHttpRequests instead.
2026-06-03 17:27:49 [restartedMain] INFO  org.springframework.security.web.DefaultSecurityFilterChain - Will not secure Ant [pattern='/v3/api-docs/**']
2026-06-03 17:27:49 [restartedMain] WARN  org.springframework.security.config.annotation.web.builders.WebSecurity - You are asking Spring Security to ignore Ant [pattern='/actuator/health/**']. This is not recommended -- please use permitAll via HttpSecurity#authorizeHttpRequests instead.
2026-06-03 17:27:49 [restartedMain] INFO  org.springframework.security.web.DefaultSecurityFilterChain - Will not secure Ant [pattern='/actuator/health/**']
2026-06-03 17:27:49 [restartedMain] WARN  org.springframework.security.config.annotation.web.builders.WebSecurity - You are asking Spring Security to ignore Ant [pattern='/actuator/info']. This is not recommended -- please use permitAll via HttpSecurity#authorizeHttpRequests instead.
2026-06-03 17:27:49 [restartedMain] INFO  org.springframework.security.web.DefaultSecurityFilterChain - Will not secure Ant [pattern='/actuator/info']
2026-06-03 17:27:49 [restartedMain] WARN  org.springframework.security.config.annotation.web.builders.WebSecurity - You are asking Spring Security to ignore Ant [pattern='/ninimum/actuator/**']. This is not recommended -- please use permitAll via HttpSecurity#authorizeHttpRequests instead.
2026-06-03 17:27:49 [restartedMain] INFO  org.springframework.security.web.DefaultSecurityFilterChain - Will not secure Ant [pattern='/ninimum/actuator/**']
2026-06-03 17:27:49 [restartedMain] WARN  org.springframework.security.config.annotation.web.builders.WebSecurity - You are asking Spring Security to ignore Ant [pattern='/api/v1/status']. This is not recommended -- please use permitAll via HttpSecurity#authorizeHttpRequests instead.
2026-06-03 17:27:49 [restartedMain] INFO  org.springframework.security.web.DefaultSecurityFilterChain - Will not secure Ant [pattern='/api/v1/status']
2026-06-03 17:27:49 [restartedMain] WARN  org.springframework.security.config.annotation.web.builders.WebSecurity - You are asking Spring Security to ignore Ant [pattern='/ninimum/api/v1/status']. This is not recommended -- please use permitAll via HttpSecurity#authorizeHttpRequests instead.
2026-06-03 17:27:49 [restartedMain] INFO  org.springframework.security.web.DefaultSecurityFilterChain - Will not secure Ant [pattern='/ninimum/api/v1/status']
2026-06-03 17:27:49 [restartedMain] WARN  org.springframework.security.config.annotation.web.builders.WebSecurity - You are asking Spring Security to ignore Ant [pattern='/ninimum/api/v1/user/checkPhoneNumber']. This is not recommended -- please use permitAll via HttpSecurity#authorizeHttpRequests instead.
2026-06-03 17:27:49 [restartedMain] INFO  org.springframework.security.web.DefaultSecurityFilterChain - Will not secure Ant [pattern='/ninimum/api/v1/user/checkPhoneNumber']
2026-06-03 17:27:49 [restartedMain] WARN  org.springframework.security.config.annotation.web.builders.WebSecurity - You are asking Spring Security to ignore Ant [pattern='/ninimum/api/v1/user/register']. This is not recommended -- please use permitAll via HttpSecurity#authorizeHttpRequests instead.
2026-06-03 17:27:49 [restartedMain] INFO  org.springframework.security.web.DefaultSecurityFilterChain - Will not secure Ant [pattern='/ninimum/api/v1/user/register']
2026-06-03 17:27:49 [restartedMain] WARN  org.springframework.security.config.annotation.web.builders.WebSecurity - You are asking Spring Security to ignore Ant [pattern='/ninimum/api/v1/message/verifyPhoneNumber']. This is not recommended -- please use permitAll via HttpSecurity#authorizeHttpRequests instead.
2026-06-03 17:27:49 [restartedMain] INFO  org.springframework.security.web.DefaultSecurityFilterChain - Will not secure Ant [pattern='/ninimum/api/v1/message/verifyPhoneNumber']
2026-06-03 17:27:49 [restartedMain] WARN  org.springframework.security.config.annotation.web.builders.WebSecurity - You are asking Spring Security to ignore Ant [pattern='/error']. This is not recommended -- please use permitAll via HttpSecurity#authorizeHttpRequests instead.
2026-06-03 17:27:49 [restartedMain] INFO  org.springframework.security.web.DefaultSecurityFilterChain - Will not secure Ant [pattern='/error']
2026-06-03 17:27:49 [restartedMain] INFO  com.zaxxer.hikari.HikariDataSource - HikariPool-1 - Starting...
2026-06-03 17:27:51 [restartedMain] INFO  com.zaxxer.hikari.HikariDataSource - HikariPool-1 - Start completed.
2026-06-03 17:27:51 [restartedMain] INFO  org.springframework.boot.devtools.autoconfigure.OptionalLiveReloadServer - LiveReload server is running on port 35729
2026-06-03 17:27:51 [restartedMain] INFO  org.springframework.boot.web.embedded.tomcat.TomcatWebServer - Tomcat started on port(s): 8083 (http) with context path ''
2026-06-03 17:27:51 [restartedMain] INFO  com.ulisesbocchio.jasyptspringboot.caching.RefreshScopeRefreshedEventListener - Refreshing cached encryptable property sources on ServletWebServerInitializedEvent
2026-06-03 17:27:51 [restartedMain] INFO  com.ulisesbocchio.jasyptspringboot.caching.CachingDelegateEncryptablePropertySource - Property Source systemProperties refreshed
2026-06-03 17:27:51 [restartedMain] INFO  com.ulisesbocchio.jasyptspringboot.caching.CachingDelegateEncryptablePropertySource - Property Source systemEnvironment refreshed
2026-06-03 17:27:51 [restartedMain] INFO  com.ulisesbocchio.jasyptspringboot.caching.CachingDelegateEncryptablePropertySource - Property Source random refreshed
2026-06-03 17:27:51 [restartedMain] INFO  com.ulisesbocchio.jasyptspringboot.caching.CachingDelegateEncryptablePropertySource - Property Source Config resource 'class path resource [application.yaml]' via location 'optional:classpath:/' refreshed
2026-06-03 17:27:51 [restartedMain] INFO  com.ulisesbocchio.jasyptspringboot.caching.CachingDelegateEncryptablePropertySource - Property Source devtools refreshed
2026-06-03 17:27:51 [restartedMain] INFO  com.ulisesbocchio.jasyptspringboot.EncryptablePropertySourceConverter - Converting PropertySource server.ports [org.springframework.core.env.MapPropertySource] to EncryptableMapPropertySourceWrapper
2026-06-03 17:27:51 [restartedMain] INFO  com.ulisesbocchio.jasyptspringboot.EncryptablePropertySourceConverter - Skipping PropertySource configurationProperties [class org.springframework.boot.context.properties.source.ConfigurationPropertySourcesPropertySource
2026-06-03 17:27:51 [restartedMain] INFO  com.ulisesbocchio.jasyptspringboot.EncryptablePropertySourceConverter - Skipping PropertySource servletConfigInitParams [class org.springframework.core.env.PropertySource$StubPropertySource
2026-06-03 17:27:51 [restartedMain] INFO  com.ulisesbocchio.jasyptspringboot.EncryptablePropertySourceConverter - Converting PropertySource servletContextInitParams [org.springframework.web.context.support.ServletContextPropertySource] to EncryptableEnumerablePropertySourceWrapper
2026-06-03 17:27:51 [restartedMain] INFO  com.ulisesbocchio.jasyptspringboot.EncryptablePropertySourceConverter - Converting PropertySource Management Server [org.springframework.boot.actuate.autoconfigure.web.server.ManagementContextAutoConfiguration$SameManagementContextConfiguration$1] to EncryptablePropertySourceWrapper
2026-06-03 17:27:51 [restartedMain] INFO  com.ninimum.api.NinimumApplication - Started NinimumApplication in 11.545 seconds (JVM running for 14.279)
2026-06-03 17:29:50 [SpringApplicationShutdownHook] INFO  com.zaxxer.hikari.HikariDataSource - HikariPool-1 - Shutdown initiated...
2026-06-03 17:29:50 [SpringApplicationShutdownHook] INFO  com.zaxxer.hikari.HikariDataSource - HikariPool-1 - Shutdown completed.
2026-06-03 17:33:04 [restartedMain] INFO  com.ninimum.api.NinimumApplication - Starting NinimumApplication using Java 17.0.14 on Akmalui-MacBookPro.local with PID 30204 (/Users/akmalbukhariev/Projects/NinimumBackend/NinimumBackend/target/classes started by akmalbukhariev in /Users/akmalbukhariev/Projects/NinimumBackend/NinimumBackend)
2026-06-03 17:33:04 [restartedMain] INFO  com.ninimum.api.NinimumApplication - The following 1 profile is active: "default"
2026-06-03 17:33:04 [restartedMain] INFO  org.springframework.boot.devtools.env.DevToolsPropertyDefaultsPostProcessor - Devtools property defaults active! Set 'spring.devtools.add-properties' to 'false' to disable
2026-06-03 17:33:04 [restartedMain] INFO  org.springframework.boot.devtools.env.DevToolsPropertyDefaultsPostProcessor - For additional web related logging consider setting the 'logging.level.web' property to 'DEBUG'
2026-06-03 17:33:06 [restartedMain] INFO  org.springframework.data.repository.config.RepositoryConfigurationDelegate - Bootstrapping Spring Data JDBC repositories in DEFAULT mode.
2026-06-03 17:33:06 [restartedMain] INFO  org.springframework.data.repository.config.RepositoryConfigurationDelegate - Finished Spring Data repository scanning in 33 ms. Found 0 JDBC repository interfaces.
2026-06-03 17:33:06 [restartedMain] INFO  com.ulisesbocchio.jasyptspringboot.configuration.EnableEncryptablePropertiesBeanFactoryPostProcessor - Post-processing PropertySource instances
2026-06-03 17:33:06 [restartedMain] INFO  com.ulisesbocchio.jasyptspringboot.EncryptablePropertySourceConverter - Skipping PropertySource configurationProperties [class org.springframework.boot.context.properties.source.ConfigurationPropertySourcesPropertySource
2026-06-03 17:33:06 [restartedMain] INFO  com.ulisesbocchio.jasyptspringboot.EncryptablePropertySourceConverter - Skipping PropertySource servletConfigInitParams [class org.springframework.core.env.PropertySource$StubPropertySource
2026-06-03 17:33:06 [restartedMain] INFO  com.ulisesbocchio.jasyptspringboot.EncryptablePropertySourceConverter - Skipping PropertySource servletContextInitParams [class org.springframework.core.env.PropertySource$StubPropertySource
2026-06-03 17:33:06 [restartedMain] INFO  com.ulisesbocchio.jasyptspringboot.EncryptablePropertySourceConverter - Converting PropertySource systemProperties [org.springframework.core.env.PropertiesPropertySource] to EncryptableMapPropertySourceWrapper
2026-06-03 17:33:06 [restartedMain] INFO  com.ulisesbocchio.jasyptspringboot.EncryptablePropertySourceConverter - Converting PropertySource systemEnvironment [org.springframework.boot.env.SystemEnvironmentPropertySourceEnvironmentPostProcessor$OriginAwareSystemEnvironmentPropertySource] to EncryptableSystemEnvironmentPropertySourceWrapper
2026-06-03 17:33:06 [restartedMain] INFO  com.ulisesbocchio.jasyptspringboot.EncryptablePropertySourceConverter - Converting PropertySource random [org.springframework.boot.env.RandomValuePropertySource] to EncryptablePropertySourceWrapper
2026-06-03 17:33:06 [restartedMain] INFO  com.ulisesbocchio.jasyptspringboot.EncryptablePropertySourceConverter - Converting PropertySource Config resource 'class path resource [application.yaml]' via location 'optional:classpath:/' [org.springframework.boot.env.OriginTrackedMapPropertySource] to EncryptableMapPropertySourceWrapper
2026-06-03 17:33:06 [restartedMain] INFO  com.ulisesbocchio.jasyptspringboot.EncryptablePropertySourceConverter - Converting PropertySource devtools [org.springframework.core.env.MapPropertySource] to EncryptableMapPropertySourceWrapper
2026-06-03 17:33:06 [restartedMain] INFO  com.ulisesbocchio.jasyptspringboot.filter.DefaultLazyPropertyFilter - Property Filter custom Bean not found with name 'encryptablePropertyFilter'. Initializing Default Property Filter
2026-06-03 17:33:07 [restartedMain] INFO  com.ulisesbocchio.jasyptspringboot.resolver.DefaultLazyPropertyResolver - Property Resolver custom Bean not found with name 'encryptablePropertyResolver'. Initializing Default Property Resolver
2026-06-03 17:33:07 [restartedMain] INFO  com.ulisesbocchio.jasyptspringboot.detector.DefaultLazyPropertyDetector - Property Detector custom Bean not found with name 'encryptablePropertyDetector'. Initializing Default Property Detector
2026-06-03 17:33:07 [restartedMain] INFO  org.springframework.boot.web.embedded.tomcat.TomcatWebServer - Tomcat initialized with port(s): 8083 (http)
2026-06-03 17:33:07 [restartedMain] INFO  org.springframework.boot.web.servlet.context.ServletWebServerApplicationContext - Root WebApplicationContext: initialization completed in 2713 ms
2026-06-03 17:33:09 [restartedMain] INFO  org.springframework.boot.actuate.endpoint.web.EndpointLinksResolver - Exposing 2 endpoint(s) beneath base path '/actuator'
2026-06-03 17:33:09 [restartedMain] INFO  org.springframework.security.web.DefaultSecurityFilterChain - Will secure any request with [org.springframework.security.web.session.DisableEncodeUrlFilter@d2220d1, org.springframework.security.web.context.request.async.WebAsyncManagerIntegrationFilter@e6cb694, org.springframework.security.web.context.SecurityContextPersistenceFilter@2c4c5b75, org.springframework.security.web.header.HeaderWriterFilter@76596bf5, org.springframework.web.filter.CorsFilter@6ef693b5, org.springframework.security.web.authentication.logout.LogoutFilter@2ee8a7df, com.ninimum.api.security.jwt.JwtAuthenticationFilter@46ed9159, com.ninimum.api.security.filter.UserAuthenticationFilter@5ad505fd, com.ninimum.api.security.filter.AdminAuthenticationFilter@3166d025, org.springframework.security.web.savedrequest.RequestCacheAwareFilter@44cc6cb, org.springframework.security.web.servletapi.SecurityContextHolderAwareRequestFilter@2ff700db, org.springframework.security.web.authentication.AnonymousAuthenticationFilter@6b579687, org.springframework.security.web.session.SessionManagementFilter@5b9ea44f, org.springframework.security.web.access.ExceptionTranslationFilter@76026785, org.springframework.security.web.access.intercept.AuthorizationFilter@635c023b]
2026-06-03 17:33:09 [restartedMain] WARN  org.springframework.security.config.annotation.web.builders.WebSecurity - You are asking Spring Security to ignore Ant [pattern='/**/webjars/**']. This is not recommended -- please use permitAll via HttpSecurity#authorizeHttpRequests instead.
2026-06-03 17:33:09 [restartedMain] INFO  org.springframework.security.web.DefaultSecurityFilterChain - Will not secure Ant [pattern='/**/webjars/**']
2026-06-03 17:33:09 [restartedMain] WARN  org.springframework.security.config.annotation.web.builders.WebSecurity - You are asking Spring Security to ignore Ant [pattern='/uploads/**']. This is not recommended -- please use permitAll via HttpSecurity#authorizeHttpRequests instead.
2026-06-03 17:33:09 [restartedMain] INFO  org.springframework.security.web.DefaultSecurityFilterChain - Will not secure Ant [pattern='/uploads/**']
2026-06-03 17:33:09 [restartedMain] WARN  org.springframework.security.config.annotation.web.builders.WebSecurity - You are asking Spring Security to ignore Ant [pattern='/v2/api-docs']. This is not recommended -- please use permitAll via HttpSecurity#authorizeHttpRequests instead.
2026-06-03 17:33:09 [restartedMain] INFO  org.springframework.security.web.DefaultSecurityFilterChain - Will not secure Ant [pattern='/v2/api-docs']
2026-06-03 17:33:09 [restartedMain] WARN  org.springframework.security.config.annotation.web.builders.WebSecurity - You are asking Spring Security to ignore Ant [pattern='/swagger-resources']. This is not recommended -- please use permitAll via HttpSecurity#authorizeHttpRequests instead.
2026-06-03 17:33:09 [restartedMain] INFO  org.springframework.security.web.DefaultSecurityFilterChain - Will not secure Ant [pattern='/swagger-resources']
2026-06-03 17:33:09 [restartedMain] WARN  org.springframework.security.config.annotation.web.builders.WebSecurity - You are asking Spring Security to ignore Ant [pattern='/swagger-resources/**']. This is not recommended -- please use permitAll via HttpSecurity#authorizeHttpRequests instead.
2026-06-03 17:33:09 [restartedMain] INFO  org.springframework.security.web.DefaultSecurityFilterChain - Will not secure Ant [pattern='/swagger-resources/**']
2026-06-03 17:33:09 [restartedMain] WARN  org.springframework.security.config.annotation.web.builders.WebSecurity - You are asking Spring Security to ignore Ant [pattern='/configuration/ui']. This is not recommended -- please use permitAll via HttpSecurity#authorizeHttpRequests instead.
2026-06-03 17:33:09 [restartedMain] INFO  org.springframework.security.web.DefaultSecurityFilterChain - Will not secure Ant [pattern='/configuration/ui']
2026-06-03 17:33:09 [restartedMain] WARN  org.springframework.security.config.annotation.web.builders.WebSecurity - You are asking Spring Security to ignore Ant [pattern='/configuration/security']. This is not recommended -- please use permitAll via HttpSecurity#authorizeHttpRequests instead.
2026-06-03 17:33:09 [restartedMain] INFO  org.springframework.security.web.DefaultSecurityFilterChain - Will not secure Ant [pattern='/configuration/security']
2026-06-03 17:33:09 [restartedMain] WARN  org.springframework.security.config.annotation.web.builders.WebSecurity - You are asking Spring Security to ignore Ant [pattern='/swagger-ui/**']. This is not recommended -- please use permitAll via HttpSecurity#authorizeHttpRequests instead.
2026-06-03 17:33:09 [restartedMain] INFO  org.springframework.security.web.DefaultSecurityFilterChain - Will not secure Ant [pattern='/swagger-ui/**']
2026-06-03 17:33:09 [restartedMain] WARN  org.springframework.security.config.annotation.web.builders.WebSecurity - You are asking Spring Security to ignore Ant [pattern='/webjars/**']. This is not recommended -- please use permitAll via HttpSecurity#authorizeHttpRequests instead.
2026-06-03 17:33:09 [restartedMain] INFO  org.springframework.security.web.DefaultSecurityFilterChain - Will not secure Ant [pattern='/webjars/**']
2026-06-03 17:33:09 [restartedMain] WARN  org.springframework.security.config.annotation.web.builders.WebSecurity - You are asking Spring Security to ignore Ant [pattern='/v3/api-docs/**']. This is not recommended -- please use permitAll via HttpSecurity#authorizeHttpRequests instead.
2026-06-03 17:33:09 [restartedMain] INFO  org.springframework.security.web.DefaultSecurityFilterChain - Will not secure Ant [pattern='/v3/api-docs/**']
2026-06-03 17:33:09 [restartedMain] WARN  org.springframework.security.config.annotation.web.builders.WebSecurity - You are asking Spring Security to ignore Ant [pattern='/actuator/health/**']. This is not recommended -- please use permitAll via HttpSecurity#authorizeHttpRequests instead.
2026-06-03 17:33:09 [restartedMain] INFO  org.springframework.security.web.DefaultSecurityFilterChain - Will not secure Ant [pattern='/actuator/health/**']
2026-06-03 17:33:09 [restartedMain] WARN  org.springframework.security.config.annotation.web.builders.WebSecurity - You are asking Spring Security to ignore Ant [pattern='/actuator/info']. This is not recommended -- please use permitAll via HttpSecurity#authorizeHttpRequests instead.
2026-06-03 17:33:09 [restartedMain] INFO  org.springframework.security.web.DefaultSecurityFilterChain - Will not secure Ant [pattern='/actuator/info']
2026-06-03 17:33:09 [restartedMain] WARN  org.springframework.security.config.annotation.web.builders.WebSecurity - You are asking Spring Security to ignore Ant [pattern='/ninimum/actuator/**']. This is not recommended -- please use permitAll via HttpSecurity#authorizeHttpRequests instead.
2026-06-03 17:33:09 [restartedMain] INFO  org.springframework.security.web.DefaultSecurityFilterChain - Will not secure Ant [pattern='/ninimum/actuator/**']
2026-06-03 17:33:09 [restartedMain] WARN  org.springframework.security.config.annotation.web.builders.WebSecurity - You are asking Spring Security to ignore Ant [pattern='/api/v1/status']. This is not recommended -- please use permitAll via HttpSecurity#authorizeHttpRequests instead.
2026-06-03 17:33:09 [restartedMain] INFO  org.springframework.security.web.DefaultSecurityFilterChain - Will not secure Ant [pattern='/api/v1/status']
2026-06-03 17:33:09 [restartedMain] WARN  org.springframework.security.config.annotation.web.builders.WebSecurity - You are asking Spring Security to ignore Ant [pattern='/ninimum/api/v1/status']. This is not recommended -- please use permitAll via HttpSecurity#authorizeHttpRequests instead.
2026-06-03 17:33:09 [restartedMain] INFO  org.springframework.security.web.DefaultSecurityFilterChain - Will not secure Ant [pattern='/ninimum/api/v1/status']
2026-06-03 17:33:09 [restartedMain] WARN  org.springframework.security.config.annotation.web.builders.WebSecurity - You are asking Spring Security to ignore Ant [pattern='/ninimum/api/v1/user/checkPhoneNumber']. This is not recommended -- please use permitAll via HttpSecurity#authorizeHttpRequests instead.
2026-06-03 17:33:09 [restartedMain] INFO  org.springframework.security.web.DefaultSecurityFilterChain - Will not secure Ant [pattern='/ninimum/api/v1/user/checkPhoneNumber']
2026-06-03 17:33:09 [restartedMain] WARN  org.springframework.security.config.annotation.web.builders.WebSecurity - You are asking Spring Security to ignore Ant [pattern='/ninimum/api/v1/user/register']. This is not recommended -- please use permitAll via HttpSecurity#authorizeHttpRequests instead.
2026-06-03 17:33:09 [restartedMain] INFO  org.springframework.security.web.DefaultSecurityFilterChain - Will not secure Ant [pattern='/ninimum/api/v1/user/register']
2026-06-03 17:33:09 [restartedMain] WARN  org.springframework.security.config.annotation.web.builders.WebSecurity - You are asking Spring Security to ignore Ant [pattern='/ninimum/api/v1/message/verifyPhoneNumber']. This is not recommended -- please use permitAll via HttpSecurity#authorizeHttpRequests instead.
2026-06-03 17:33:09 [restartedMain] INFO  org.springframework.security.web.DefaultSecurityFilterChain - Will not secure Ant [pattern='/ninimum/api/v1/message/verifyPhoneNumber']
2026-06-03 17:33:09 [restartedMain] WARN  org.springframework.security.config.annotation.web.builders.WebSecurity - You are asking Spring Security to ignore Ant [pattern='/error']. This is not recommended -- please use permitAll via HttpSecurity#authorizeHttpRequests instead.
2026-06-03 17:33:09 [restartedMain] INFO  org.springframework.security.web.DefaultSecurityFilterChain - Will not secure Ant [pattern='/error']
2026-06-03 17:33:09 [restartedMain] INFO  com.zaxxer.hikari.HikariDataSource - HikariPool-1 - Starting...
2026-06-03 17:33:10 [restartedMain] INFO  com.zaxxer.hikari.HikariDataSource - HikariPool-1 - Start completed.
2026-06-03 17:33:11 [restartedMain] INFO  org.springframework.boot.devtools.autoconfigure.OptionalLiveReloadServer - LiveReload server is running on port 35729
2026-06-03 17:33:11 [restartedMain] INFO  org.springframework.boot.web.embedded.tomcat.TomcatWebServer - Tomcat started on port(s): 8083 (http) with context path ''
2026-06-03 17:33:11 [restartedMain] INFO  com.ulisesbocchio.jasyptspringboot.caching.RefreshScopeRefreshedEventListener - Refreshing cached encryptable property sources on ServletWebServerInitializedEvent
2026-06-03 17:33:11 [restartedMain] INFO  com.ulisesbocchio.jasyptspringboot.caching.CachingDelegateEncryptablePropertySource - Property Source systemProperties refreshed
2026-06-03 17:33:11 [restartedMain] INFO  com.ulisesbocchio.jasyptspringboot.caching.CachingDelegateEncryptablePropertySource - Property Source systemEnvironment refreshed
2026-06-03 17:33:11 [restartedMain] INFO  com.ulisesbocchio.jasyptspringboot.caching.CachingDelegateEncryptablePropertySource - Property Source random refreshed
2026-06-03 17:33:11 [restartedMain] INFO  com.ulisesbocchio.jasyptspringboot.caching.CachingDelegateEncryptablePropertySource - Property Source Config resource 'class path resource [application.yaml]' via location 'optional:classpath:/' refreshed
2026-06-03 17:33:11 [restartedMain] INFO  com.ulisesbocchio.jasyptspringboot.caching.CachingDelegateEncryptablePropertySource - Property Source devtools refreshed
2026-06-03 17:33:11 [restartedMain] INFO  com.ulisesbocchio.jasyptspringboot.EncryptablePropertySourceConverter - Converting PropertySource server.ports [org.springframework.core.env.MapPropertySource] to EncryptableMapPropertySourceWrapper
2026-06-03 17:33:11 [restartedMain] INFO  com.ulisesbocchio.jasyptspringboot.EncryptablePropertySourceConverter - Skipping PropertySource configurationProperties [class org.springframework.boot.context.properties.source.ConfigurationPropertySourcesPropertySource
2026-06-03 17:33:11 [restartedMain] INFO  com.ulisesbocchio.jasyptspringboot.EncryptablePropertySourceConverter - Skipping PropertySource servletConfigInitParams [class org.springframework.core.env.PropertySource$StubPropertySource
2026-06-03 17:33:11 [restartedMain] INFO  com.ulisesbocchio.jasyptspringboot.EncryptablePropertySourceConverter - Converting PropertySource servletContextInitParams [org.springframework.web.context.support.ServletContextPropertySource] to EncryptableEnumerablePropertySourceWrapper
2026-06-03 17:33:11 [restartedMain] INFO  com.ulisesbocchio.jasyptspringboot.EncryptablePropertySourceConverter - Converting PropertySource Management Server [org.springframework.boot.actuate.autoconfigure.web.server.ManagementContextAutoConfiguration$SameManagementContextConfiguration$1] to EncryptablePropertySourceWrapper
2026-06-03 17:33:11 [restartedMain] INFO  com.ninimum.api.NinimumApplication - Started NinimumApplication in 7.313 seconds (JVM running for 9.207)
2026-06-03 17:34:42 [http-nio-0.0.0.0-8083-exec-1] INFO  org.springframework.web.servlet.DispatcherServlet - Initializing Servlet 'dispatcherServlet'
2026-06-03 17:34:42 [http-nio-0.0.0.0-8083-exec-1] INFO  org.springframework.web.servlet.DispatcherServlet - Completed initialization in 4 ms
2026-06-03 17:34:42 [http-nio-0.0.0.0-8083-exec-1] INFO  com.ninimum.api.security.jwt.JwtAuthenticationFilter - bearerToken==> Bearer eyJhbGciOiJIUzI1NiJ9.eyJzdWIiOiI5OTg5OTg4ODc3NjYiLCJhdXRoIjoiVVNFUiIsImV4cCI6MTgxMTk4MTU0N30.ldem1w8LNad6B0jOu9cp6A_arviQRAZFRslYoJHNuP0
2026-06-03 17:35:22 [http-nio-0.0.0.0-8083-exec-2] INFO  com.ninimum.api.security.jwt.JwtAuthenticationFilter - bearerToken==> Bearer eyJhbGciOiJIUzI1NiJ9.eyJzdWIiOiI5OTg5OTg4ODc3NjYiLCJhdXRoIjoiVVNFUiIsImV4cCI6MTgxMTk4MTU0N30.ldem1w8LNad6B0jOu9cp6A_arviQRAZFRslYoJHNuP0
2026-06-03 17:35:23 [http-nio-0.0.0.0-8083-exec-2] ERROR com.ninimum.api.favorite.controller.FavoriteController - FavoriteController => getFavoriteList: 
org.springframework.jdbc.BadSqlGrammarException: 
### Error querying database.  Cause: java.sql.SQLSyntaxErrorException: (conn=187445) Unknown column 'f.favorite_id' in 'SELECT'
### The error may exist in file [/Users/akmalbukhariev/Projects/NinimumBackend/NinimumBackend/target/classes/mapper/Favorite/FavoriteMapper.xml]
### The error may involve com.ninimum.api.favorite.service.FavoriteMapper.getFavoriteList-Inline
### The error occurred while setting parameters
### SQL: SELECT         f.favorite_id AS favoriteId,         f.user_id AS userId,         f.product_id AS productId,         p.product_name AS productName,         p.product_image_url AS productImageUrl,         p.price AS price,         p.description AS description         FROM favorites f         INNER JOIN products p ON f.product_id = p.product_id         WHERE f.user_id = ?         AND p.use_yn = 'Y'         ORDER BY f.favorite_id DESC
### Cause: java.sql.SQLSyntaxErrorException: (conn=187445) Unknown column 'f.favorite_id' in 'SELECT'
; bad SQL grammar []; nested exception is java.sql.SQLSyntaxErrorException: (conn=187445) Unknown column 'f.favorite_id' in 'SELECT'
	at org.springframework.jdbc.support.SQLErrorCodeSQLExceptionTranslator.doTranslate(SQLErrorCodeSQLExceptionTranslator.java:239) ~[spring-jdbc-5.3.21.jar:5.3.21]
	at org.springframework.jdbc.support.AbstractFallbackSQLExceptionTranslator.translate(AbstractFallbackSQLExceptionTranslator.java:70) ~[spring-jdbc-5.3.21.jar:5.3.21]
	at org.mybatis.spring.MyBatisExceptionTranslator.translateExceptionIfPossible(MyBatisExceptionTranslator.java:91) ~[mybatis-spring-2.0.7.jar:2.0.7]
	at org.mybatis.spring.SqlSessionTemplate$SqlSessionInterceptor.invoke(SqlSessionTemplate.java:441) ~[mybatis-spring-2.0.7.jar:2.0.7]
	at jdk.proxy2.$Proxy115.selectList(Unknown Source) ~[?:?]
	at org.mybatis.spring.SqlSessionTemplate.selectList(SqlSessionTemplate.java:224) ~[mybatis-spring-2.0.7.jar:2.0.7]
	at org.apache.ibatis.binding.MapperMethod.executeForMany(MapperMethod.java:147) ~[mybatis-3.5.9.jar:3.5.9]
	at org.apache.ibatis.binding.MapperMethod.execute(MapperMethod.java:80) ~[mybatis-3.5.9.jar:3.5.9]
	at org.apache.ibatis.binding.MapperProxy$PlainMethodInvoker.invoke(MapperProxy.java:145) ~[mybatis-3.5.9.jar:3.5.9]
	at org.apache.ibatis.binding.MapperProxy.invoke(MapperProxy.java:86) ~[mybatis-3.5.9.jar:3.5.9]
	at jdk.proxy3.$Proxy129.getFavoriteList(Unknown Source) ~[?:?]
	at com.ninimum.api.favorite.service.impl.FavoriteService.getFavoriteList(FavoriteService.java:23) ~[classes/:?]
	at com.ninimum.api.favorite.controller.FavoriteController.getFavoriteList(FavoriteController.java:52) ~[classes/:?]
	at jdk.internal.reflect.NativeMethodAccessorImpl.invoke0(Native Method) ~[?:?]
	at jdk.internal.reflect.NativeMethodAccessorImpl.invoke(NativeMethodAccessorImpl.java:77) ~[?:?]
	at jdk.internal.reflect.DelegatingMethodAccessorImpl.invoke(DelegatingMethodAccessorImpl.java:43) ~[?:?]
	at java.lang.reflect.Method.invoke(Method.java:569) ~[?:?]
	at org.springframework.web.method.support.InvocableHandlerMethod.doInvoke(InvocableHandlerMethod.java:205) ~[spring-web-5.3.21.jar:5.3.21]
	at org.springframework.web.method.support.InvocableHandlerMethod.invokeForRequest(InvocableHandlerMethod.java:150) ~[spring-web-5.3.21.jar:5.3.21]
	at org.springframework.web.servlet.mvc.method.annotation.ServletInvocableHandlerMethod.invokeAndHandle(ServletInvocableHandlerMethod.java:117) ~[spring-webmvc-5.3.21.jar:5.3.21]
	at org.springframework.web.servlet.mvc.method.annotation.RequestMappingHandlerAdapter.invokeHandlerMethod(RequestMappingHandlerAdapter.java:895) ~[spring-webmvc-5.3.21.jar:5.3.21]
	at org.springframework.web.servlet.mvc.method.annotation.RequestMappingHandlerAdapter.handleInternal(RequestMappingHandlerAdapter.java:808) ~[spring-webmvc-5.3.21.jar:5.3.21]
	at org.springframework.web.servlet.mvc.method.AbstractHandlerMethodAdapter.handle(AbstractHandlerMethodAdapter.java:87) ~[spring-webmvc-5.3.21.jar:5.3.21]
	at org.springframework.web.servlet.DispatcherServlet.doDispatch(DispatcherServlet.java:1067) ~[spring-webmvc-5.3.21.jar:5.3.21]
	at org.springframework.web.servlet.DispatcherServlet.doService(DispatcherServlet.java:963) ~[spring-webmvc-5.3.21.jar:5.3.21]
	at org.springframework.web.servlet.FrameworkServlet.processRequest(FrameworkServlet.java:1006) ~[spring-webmvc-5.3.21.jar:5.3.21]
	at org.springframework.web.servlet.FrameworkServlet.doPost(FrameworkServlet.java:909) ~[spring-webmvc-5.3.21.jar:5.3.21]
	at javax.servlet.http.HttpServlet.service(HttpServlet.java:681) ~[tomcat-embed-core-9.0.64.jar:4.0.FR]
	at org.springframework.web.servlet.FrameworkServlet.service(FrameworkServlet.java:883) ~[spring-webmvc-5.3.21.jar:5.3.21]
	at javax.servlet.http.HttpServlet.service(HttpServlet.java:764) ~[tomcat-embed-core-9.0.64.jar:4.0.FR]
	at org.apache.catalina.core.ApplicationFilterChain.internalDoFilter(ApplicationFilterChain.java:227) ~[tomcat-embed-core-9.0.64.jar:9.0.64]
	at org.apache.catalina.core.ApplicationFilterChain.doFilter(ApplicationFilterChain.java:162) ~[tomcat-embed-core-9.0.64.jar:9.0.64]
	at org.apache.tomcat.websocket.server.WsFilter.doFilter(WsFilter.java:53) ~[tomcat-embed-websocket-9.0.64.jar:9.0.64]
	at org.apache.catalina.core.ApplicationFilterChain.internalDoFilter(ApplicationFilterChain.java:189) ~[tomcat-embed-core-9.0.64.jar:9.0.64]
	at org.apache.catalina.core.ApplicationFilterChain.doFilter(ApplicationFilterChain.java:162) ~[tomcat-embed-core-9.0.64.jar:9.0.64]
	at org.springframework.security.web.FilterChainProxy$VirtualFilterChain.doFilter(FilterChainProxy.java:327) ~[spring-security-web-5.7.2.jar:5.7.2]
	at org.springframework.security.web.access.intercept.AuthorizationFilter.doFilterInternal(AuthorizationFilter.java:73) ~[spring-security-web-5.7.2.jar:5.7.2]
	at org.springframework.web.filter.OncePerRequestFilter.doFilter(OncePerRequestFilter.java:117) ~[spring-web-5.3.21.jar:5.3.21]
	at org.springframework.security.web.FilterChainProxy$VirtualFilterChain.doFilter(FilterChainProxy.java:336) ~[spring-security-web-5.7.2.jar:5.7.2]
	at org.springframework.security.web.access.ExceptionTranslationFilter.doFilter(ExceptionTranslationFilter.java:122) ~[spring-security-web-5.7.2.jar:5.7.2]
	at org.springframework.security.web.access.ExceptionTranslationFilter.doFilter(ExceptionTranslationFilter.java:116) ~[spring-security-web-5.7.2.jar:5.7.2]
	at org.springframework.security.web.FilterChainProxy$VirtualFilterChain.doFilter(FilterChainProxy.java:336) ~[spring-security-web-5.7.2.jar:5.7.2]
	at org.springframework.security.web.session.SessionManagementFilter.doFilter(SessionManagementFilter.java:126) ~[spring-security-web-5.7.2.jar:5.7.2]
	at org.springframework.security.web.session.SessionManagementFilter.doFilter(SessionManagementFilter.java:81) ~[spring-security-web-5.7.2.jar:5.7.2]
	at org.springframework.security.web.FilterChainProxy$VirtualFilterChain.doFilter(FilterChainProxy.java:336) ~[spring-security-web-5.7.2.jar:5.7.2]
	at org.springframework.security.web.authentication.AnonymousAuthenticationFilter.doFilter(AnonymousAuthenticationFilter.java:109) ~[spring-security-web-5.7.2.jar:5.7.2]
	at org.springframework.security.web.FilterChainProxy$VirtualFilterChain.doFilter(FilterChainProxy.java:336) ~[spring-security-web-5.7.2.jar:5.7.2]
	at org.springframework.security.web.servletapi.SecurityContextHolderAwareRequestFilter.doFilter(SecurityContextHolderAwareRequestFilter.java:149) ~[spring-security-web-5.7.2.jar:5.7.2]
	at org.springframework.security.web.FilterChainProxy$VirtualFilterChain.doFilter(FilterChainProxy.java:336) ~[spring-security-web-5.7.2.jar:5.7.2]
	at org.springframework.security.web.savedrequest.RequestCacheAwareFilter.doFilter(RequestCacheAwareFilter.java:63) ~[spring-security-web-5.7.2.jar:5.7.2]
	at org.springframework.security.web.FilterChainProxy$VirtualFilterChain.doFilter(FilterChainProxy.java:336) ~[spring-security-web-5.7.2.jar:5.7.2]
	at org.springframework.security.web.authentication.AbstractAuthenticationProcessingFilter.doFilter(AbstractAuthenticationProcessingFilter.java:223) ~[spring-security-web-5.7.2.jar:5.7.2]
	at org.springframework.security.web.authentication.AbstractAuthenticationProcessingFilter.doFilter(AbstractAuthenticationProcessingFilter.java:217) ~[spring-security-web-5.7.2.jar:5.7.2]
	at org.springframework.security.web.FilterChainProxy$VirtualFilterChain.doFilter(FilterChainProxy.java:336) ~[spring-security-web-5.7.2.jar:5.7.2]
	at org.springframework.security.web.authentication.AbstractAuthenticationProcessingFilter.doFilter(AbstractAuthenticationProcessingFilter.java:223) ~[spring-security-web-5.7.2.jar:5.7.2]
	at org.springframework.security.web.authentication.AbstractAuthenticationProcessingFilter.doFilter(AbstractAuthenticationProcessingFilter.java:217) ~[spring-security-web-5.7.2.jar:5.7.2]
	at org.springframework.security.web.FilterChainProxy$VirtualFilterChain.doFilter(FilterChainProxy.java:336) ~[spring-security-web-5.7.2.jar:5.7.2]
	at com.ninimum.api.security.jwt.JwtAuthenticationFilter.doFilterInternal(JwtAuthenticationFilter.java:95) ~[classes/:?]
	at org.springframework.web.filter.OncePerRequestFilter.doFilter(OncePerRequestFilter.java:117) ~[spring-web-5.3.21.jar:5.3.21]
	at org.springframework.security.web.FilterChainProxy$VirtualFilterChain.doFilter(FilterChainProxy.java:336) ~[spring-security-web-5.7.2.jar:5.7.2]
	at org.springframework.security.web.authentication.logout.LogoutFilter.doFilter(LogoutFilter.java:103) ~[spring-security-web-5.7.2.jar:5.7.2]
	at org.springframework.security.web.authentication.logout.LogoutFilter.doFilter(LogoutFilter.java:89) ~[spring-security-web-5.7.2.jar:5.7.2]
	at org.springframework.security.web.FilterChainProxy$VirtualFilterChain.doFilter(FilterChainProxy.java:336) ~[spring-security-web-5.7.2.jar:5.7.2]
	at org.springframework.web.filter.CorsFilter.doFilterInternal(CorsFilter.java:91) ~[spring-web-5.3.21.jar:5.3.21]
	at org.springframework.web.filter.OncePerRequestFilter.doFilter(OncePerRequestFilter.java:117) ~[spring-web-5.3.21.jar:5.3.21]
	at org.springframework.security.web.FilterChainProxy$VirtualFilterChain.doFilter(FilterChainProxy.java:336) ~[spring-security-web-5.7.2.jar:5.7.2]
	at org.springframework.security.web.header.HeaderWriterFilter.doHeadersAfter(HeaderWriterFilter.java:90) ~[spring-security-web-5.7.2.jar:5.7.2]
	at org.springframework.security.web.header.HeaderWriterFilter.doFilterInternal(HeaderWriterFilter.java:75) ~[spring-security-web-5.7.2.jar:5.7.2]
	at org.springframework.web.filter.OncePerRequestFilter.doFilter(OncePerRequestFilter.java:117) ~[spring-web-5.3.21.jar:5.3.21]
	at org.springframework.security.web.FilterChainProxy$VirtualFilterChain.doFilter(FilterChainProxy.java:336) ~[spring-security-web-5.7.2.jar:5.7.2]
	at org.springframework.security.web.context.SecurityContextPersistenceFilter.doFilter(SecurityContextPersistenceFilter.java:112) ~[spring-security-web-5.7.2.jar:5.7.2]
	at org.springframework.security.web.context.SecurityContextPersistenceFilter.doFilter(SecurityContextPersistenceFilter.java:82) ~[spring-security-web-5.7.2.jar:5.7.2]
	at org.springframework.security.web.FilterChainProxy$VirtualFilterChain.doFilter(FilterChainProxy.java:336) ~[spring-security-web-5.7.2.jar:5.7.2]
	at org.springframework.security.web.context.request.async.WebAsyncManagerIntegrationFilter.doFilterInternal(WebAsyncManagerIntegrationFilter.java:55) ~[spring-security-web-5.7.2.jar:5.7.2]
	at org.springframework.web.filter.OncePerRequestFilter.doFilter(OncePerRequestFilter.java:117) ~[spring-web-5.3.21.jar:5.3.21]
	at org.springframework.security.web.FilterChainProxy$VirtualFilterChain.doFilter(FilterChainProxy.java:336) ~[spring-security-web-5.7.2.jar:5.7.2]
	at org.springframework.security.web.session.DisableEncodeUrlFilter.doFilterInternal(DisableEncodeUrlFilter.java:42) ~[spring-security-web-5.7.2.jar:5.7.2]
	at org.springframework.web.filter.OncePerRequestFilter.doFilter(OncePerRequestFilter.java:117) ~[spring-web-5.3.21.jar:5.3.21]
	at org.springframework.security.web.FilterChainProxy$VirtualFilterChain.doFilter(FilterChainProxy.java:336) ~[spring-security-web-5.7.2.jar:5.7.2]
	at org.springframework.security.web.FilterChainProxy.doFilterInternal(FilterChainProxy.java:211) ~[spring-security-web-5.7.2.jar:5.7.2]
	at org.springframework.security.web.FilterChainProxy.doFilter(FilterChainProxy.java:183) ~[spring-security-web-5.7.2.jar:5.7.2]
	at org.springframework.web.filter.DelegatingFilterProxy.invokeDelegate(DelegatingFilterProxy.java:354) ~[spring-web-5.3.21.jar:5.3.21]
	at org.springframework.web.filter.DelegatingFilterProxy.doFilter(DelegatingFilterProxy.java:267) ~[spring-web-5.3.21.jar:5.3.21]
	at org.apache.catalina.core.ApplicationFilterChain.internalDoFilter(ApplicationFilterChain.java:189) ~[tomcat-embed-core-9.0.64.jar:9.0.64]
	at org.apache.catalina.core.ApplicationFilterChain.doFilter(ApplicationFilterChain.java:162) ~[tomcat-embed-core-9.0.64.jar:9.0.64]
	at org.springframework.web.filter.RequestContextFilter.doFilterInternal(RequestContextFilter.java:100) ~[spring-web-5.3.21.jar:5.3.21]
	at org.springframework.web.filter.OncePerRequestFilter.doFilter(OncePerRequestFilter.java:117) ~[spring-web-5.3.21.jar:5.3.21]
	at org.apache.catalina.core.ApplicationFilterChain.internalDoFilter(ApplicationFilterChain.java:189) ~[tomcat-embed-core-9.0.64.jar:9.0.64]
	at org.apache.catalina.core.ApplicationFilterChain.doFilter(ApplicationFilterChain.java:162) ~[tomcat-embed-core-9.0.64.jar:9.0.64]
	at org.springframework.web.filter.FormContentFilter.doFilterInternal(FormContentFilter.java:93) ~[spring-web-5.3.21.jar:5.3.21]
	at org.springframework.web.filter.OncePerRequestFilter.doFilter(OncePerRequestFilter.java:117) ~[spring-web-5.3.21.jar:5.3.21]
	at org.apache.catalina.core.ApplicationFilterChain.internalDoFilter(ApplicationFilterChain.java:189) ~[tomcat-embed-core-9.0.64.jar:9.0.64]
	at org.apache.catalina.core.ApplicationFilterChain.doFilter(ApplicationFilterChain.java:162) ~[tomcat-embed-core-9.0.64.jar:9.0.64]
	at org.springframework.boot.actuate.metrics.web.servlet.WebMvcMetricsFilter.doFilterInternal(WebMvcMetricsFilter.java:96) ~[spring-boot-actuator-2.7.1.jar:2.7.1]
	at org.springframework.web.filter.OncePerRequestFilter.doFilter(OncePerRequestFilter.java:117) ~[spring-web-5.3.21.jar:5.3.21]
	at org.apache.catalina.core.ApplicationFilterChain.internalDoFilter(ApplicationFilterChain.java:189) ~[tomcat-embed-core-9.0.64.jar:9.0.64]
	at org.apache.catalina.core.ApplicationFilterChain.doFilter(ApplicationFilterChain.java:162) ~[tomcat-embed-core-9.0.64.jar:9.0.64]
	at org.springframework.web.filter.CharacterEncodingFilter.doFilterInternal(CharacterEncodingFilter.java:201) ~[spring-web-5.3.21.jar:5.3.21]
	at org.springframework.web.filter.OncePerRequestFilter.doFilter(OncePerRequestFilter.java:117) ~[spring-web-5.3.21.jar:5.3.21]
	at org.apache.catalina.core.ApplicationFilterChain.internalDoFilter(ApplicationFilterChain.java:189) ~[tomcat-embed-core-9.0.64.jar:9.0.64]
	at org.apache.catalina.core.ApplicationFilterChain.doFilter(ApplicationFilterChain.java:162) ~[tomcat-embed-core-9.0.64.jar:9.0.64]
	at org.apache.catalina.core.StandardWrapperValve.invoke(StandardWrapperValve.java:197) ~[tomcat-embed-core-9.0.64.jar:9.0.64]
	at org.apache.catalina.core.StandardContextValve.invoke(StandardContextValve.java:97) ~[tomcat-embed-core-9.0.64.jar:9.0.64]
	at org.apache.catalina.authenticator.AuthenticatorBase.invoke(AuthenticatorBase.java:541) ~[tomcat-embed-core-9.0.64.jar:9.0.64]
	at org.apache.catalina.core.StandardHostValve.invoke(StandardHostValve.java:135) ~[tomcat-embed-core-9.0.64.jar:9.0.64]
	at org.apache.catalina.valves.ErrorReportValve.invoke(ErrorReportValve.java:92) ~[tomcat-embed-core-9.0.64.jar:9.0.64]
	at org.apache.catalina.core.StandardEngineValve.invoke(StandardEngineValve.java:78) ~[tomcat-embed-core-9.0.64.jar:9.0.64]
	at org.apache.catalina.connector.CoyoteAdapter.service(CoyoteAdapter.java:360) ~[tomcat-embed-core-9.0.64.jar:9.0.64]
	at org.apache.coyote.http11.Http11Processor.service(Http11Processor.java:399) ~[tomcat-embed-core-9.0.64.jar:9.0.64]
	at org.apache.coyote.AbstractProcessorLight.process(AbstractProcessorLight.java:65) ~[tomcat-embed-core-9.0.64.jar:9.0.64]
	at org.apache.coyote.AbstractProtocol$ConnectionHandler.process(AbstractProtocol.java:890) ~[tomcat-embed-core-9.0.64.jar:9.0.64]
	at org.apache.tomcat.util.net.NioEndpoint$SocketProcessor.doRun(NioEndpoint.java:1787) ~[tomcat-embed-core-9.0.64.jar:9.0.64]
	at org.apache.tomcat.util.net.SocketProcessorBase.run(SocketProcessorBase.java:49) ~[tomcat-embed-core-9.0.64.jar:9.0.64]
	at org.apache.tomcat.util.threads.ThreadPoolExecutor.runWorker(ThreadPoolExecutor.java:1191) ~[tomcat-embed-core-9.0.64.jar:9.0.64]
	at org.apache.tomcat.util.threads.ThreadPoolExecutor$Worker.run(ThreadPoolExecutor.java:659) ~[tomcat-embed-core-9.0.64.jar:9.0.64]
	at org.apache.tomcat.util.threads.TaskThread$WrappingRunnable.run(TaskThread.java:61) ~[tomcat-embed-core-9.0.64.jar:9.0.64]
	at java.lang.Thread.run(Thread.java:840) ~[?:?]
Caused by: java.sql.SQLSyntaxErrorException: (conn=187445) Unknown column 'f.favorite_id' in 'SELECT'
	at org.mariadb.jdbc.internal.util.exceptions.ExceptionFactory.createException(ExceptionFactory.java:62) ~[mariadb-java-client-2.7.3.jar:?]
	at org.mariadb.jdbc.internal.util.exceptions.ExceptionFactory.create(ExceptionFactory.java:155) ~[mariadb-java-client-2.7.3.jar:?]
	at org.mariadb.jdbc.MariaDbStatement.executeExceptionEpilogue(MariaDbStatement.java:274) ~[mariadb-java-client-2.7.3.jar:?]
	at org.mariadb.jdbc.ClientSidePreparedStatement.executeInternal(ClientSidePreparedStatement.java:229) ~[mariadb-java-client-2.7.3.jar:?]
	at org.mariadb.jdbc.ClientSidePreparedStatement.execute(ClientSidePreparedStatement.java:149) ~[mariadb-java-client-2.7.3.jar:?]
	at com.zaxxer.hikari.pool.ProxyPreparedStatement.execute(ProxyPreparedStatement.java:44) ~[HikariCP-4.0.3.jar:?]
	at com.zaxxer.hikari.pool.HikariProxyPreparedStatement.execute(HikariProxyPreparedStatement.java) ~[HikariCP-4.0.3.jar:?]
	at org.apache.ibatis.executor.statement.PreparedStatementHandler.query(PreparedStatementHandler.java:64) ~[mybatis-3.5.9.jar:3.5.9]
	at org.apache.ibatis.executor.statement.RoutingStatementHandler.query(RoutingStatementHandler.java:79) ~[mybatis-3.5.9.jar:3.5.9]
	at org.apache.ibatis.executor.SimpleExecutor.doQuery(SimpleExecutor.java:63) ~[mybatis-3.5.9.jar:3.5.9]
	at org.apache.ibatis.executor.BaseExecutor.queryFromDatabase(BaseExecutor.java:325) ~[mybatis-3.5.9.jar:3.5.9]
	at org.apache.ibatis.executor.BaseExecutor.query(BaseExecutor.java:156) ~[mybatis-3.5.9.jar:3.5.9]
	at org.apache.ibatis.executor.CachingExecutor.query(CachingExecutor.java:109) ~[mybatis-3.5.9.jar:3.5.9]
	at org.apache.ibatis.executor.CachingExecutor.query(CachingExecutor.java:89) ~[mybatis-3.5.9.jar:3.5.9]
	at org.apache.ibatis.session.defaults.DefaultSqlSession.selectList(DefaultSqlSession.java:151) ~[mybatis-3.5.9.jar:3.5.9]
	at org.apache.ibatis.session.defaults.DefaultSqlSession.selectList(DefaultSqlSession.java:145) ~[mybatis-3.5.9.jar:3.5.9]
	at org.apache.ibatis.session.defaults.DefaultSqlSession.selectList(DefaultSqlSession.java:140) ~[mybatis-3.5.9.jar:3.5.9]
	at jdk.internal.reflect.NativeMethodAccessorImpl.invoke0(Native Method) ~[?:?]
	at jdk.internal.reflect.NativeMethodAccessorImpl.invoke(NativeMethodAccessorImpl.java:77) ~[?:?]
	at jdk.internal.reflect.DelegatingMethodAccessorImpl.invoke(DelegatingMethodAccessorImpl.java:43) ~[?:?]
	at java.lang.reflect.Method.invoke(Method.java:569) ~[?:?]
	at org.mybatis.spring.SqlSessionTemplate$SqlSessionInterceptor.invoke(SqlSessionTemplate.java:427) ~[mybatis-spring-2.0.7.jar:2.0.7]
	... 113 more
Caused by: org.mariadb.jdbc.internal.util.exceptions.MariaDbSqlException: Unknown column 'f.favorite_id' in 'SELECT'
	at org.mariadb.jdbc.internal.util.exceptions.MariaDbSqlException.of(MariaDbSqlException.java:34) ~[mariadb-java-client-2.7.3.jar:?]
	at org.mariadb.jdbc.internal.protocol.AbstractQueryProtocol.exceptionWithQuery(AbstractQueryProtocol.java:194) ~[mariadb-java-client-2.7.3.jar:?]
	at org.mariadb.jdbc.internal.protocol.AbstractQueryProtocol.exceptionWithQuery(AbstractQueryProtocol.java:177) ~[mariadb-java-client-2.7.3.jar:?]
	at org.mariadb.jdbc.internal.protocol.AbstractQueryProtocol.executeQuery(AbstractQueryProtocol.java:362) ~[mariadb-java-client-2.7.3.jar:?]
	at org.mariadb.jdbc.ClientSidePreparedStatement.executeInternal(ClientSidePreparedStatement.java:217) ~[mariadb-java-client-2.7.3.jar:?]
	at org.mariadb.jdbc.ClientSidePreparedStatement.execute(ClientSidePreparedStatement.java:149) ~[mariadb-java-client-2.7.3.jar:?]
	at com.zaxxer.hikari.pool.ProxyPreparedStatement.execute(ProxyPreparedStatement.java:44) ~[HikariCP-4.0.3.jar:?]
	at com.zaxxer.hikari.pool.HikariProxyPreparedStatement.execute(HikariProxyPreparedStatement.java) ~[HikariCP-4.0.3.jar:?]
	at org.apache.ibatis.executor.statement.PreparedStatementHandler.query(PreparedStatementHandler.java:64) ~[mybatis-3.5.9.jar:3.5.9]
	at org.apache.ibatis.executor.statement.RoutingStatementHandler.query(RoutingStatementHandler.java:79) ~[mybatis-3.5.9.jar:3.5.9]
	at org.apache.ibatis.executor.SimpleExecutor.doQuery(SimpleExecutor.java:63) ~[mybatis-3.5.9.jar:3.5.9]
	at org.apache.ibatis.executor.BaseExecutor.queryFromDatabase(BaseExecutor.java:325) ~[mybatis-3.5.9.jar:3.5.9]
	at org.apache.ibatis.executor.BaseExecutor.query(BaseExecutor.java:156) ~[mybatis-3.5.9.jar:3.5.9]
	at org.apache.ibatis.executor.CachingExecutor.query(CachingExecutor.java:109) ~[mybatis-3.5.9.jar:3.5.9]
	at org.apache.ibatis.executor.CachingExecutor.query(CachingExecutor.java:89) ~[mybatis-3.5.9.jar:3.5.9]
	at org.apache.ibatis.session.defaults.DefaultSqlSession.selectList(DefaultSqlSession.java:151) ~[mybatis-3.5.9.jar:3.5.9]
	at org.apache.ibatis.session.defaults.DefaultSqlSession.selectList(DefaultSqlSession.java:145) ~[mybatis-3.5.9.jar:3.5.9]
	at org.apache.ibatis.session.defaults.DefaultSqlSession.selectList(DefaultSqlSession.java:140) ~[mybatis-3.5.9.jar:3.5.9]
	at jdk.internal.reflect.NativeMethodAccessorImpl.invoke0(Native Method) ~[?:?]
	at jdk.internal.reflect.NativeMethodAccessorImpl.invoke(NativeMethodAccessorImpl.java:77) ~[?:?]
	at jdk.internal.reflect.DelegatingMethodAccessorImpl.invoke(DelegatingMethodAccessorImpl.java:43) ~[?:?]
	at java.lang.reflect.Method.invoke(Method.java:569) ~[?:?]
	at org.mybatis.spring.SqlSessionTemplate$SqlSessionInterceptor.invoke(SqlSessionTemplate.java:427) ~[mybatis-spring-2.0.7.jar:2.0.7]
	... 113 more
Caused by: java.sql.SQLException: Unknown column 'f.favorite_id' in 'SELECT'
	at org.mariadb.jdbc.internal.protocol.AbstractQueryProtocol.readErrorPacket(AbstractQueryProtocol.java:1694) ~[mariadb-java-client-2.7.3.jar:?]
	at org.mariadb.jdbc.internal.protocol.AbstractQueryProtocol.readPacket(AbstractQueryProtocol.java:1556) ~[mariadb-java-client-2.7.3.jar:?]
	at org.mariadb.jdbc.internal.protocol.AbstractQueryProtocol.getResult(AbstractQueryProtocol.java:1519) ~[mariadb-java-client-2.7.3.jar:?]
	at org.mariadb.jdbc.internal.protocol.AbstractQueryProtocol.executeQuery(AbstractQueryProtocol.java:359) ~[mariadb-java-client-2.7.3.jar:?]
	at org.mariadb.jdbc.ClientSidePreparedStatement.executeInternal(ClientSidePreparedStatement.java:217) ~[mariadb-java-client-2.7.3.jar:?]
	at org.mariadb.jdbc.ClientSidePreparedStatement.execute(ClientSidePreparedStatement.java:149) ~[mariadb-java-client-2.7.3.jar:?]
	at com.zaxxer.hikari.pool.ProxyPreparedStatement.execute(ProxyPreparedStatement.java:44) ~[HikariCP-4.0.3.jar:?]
	at com.zaxxer.hikari.pool.HikariProxyPreparedStatement.execute(HikariProxyPreparedStatement.java) ~[HikariCP-4.0.3.jar:?]
	at org.apache.ibatis.executor.statement.PreparedStatementHandler.query(PreparedStatementHandler.java:64) ~[mybatis-3.5.9.jar:3.5.9]
	at org.apache.ibatis.executor.statement.RoutingStatementHandler.query(RoutingStatementHandler.java:79) ~[mybatis-3.5.9.jar:3.5.9]
	at org.apache.ibatis.executor.SimpleExecutor.doQuery(SimpleExecutor.java:63) ~[mybatis-3.5.9.jar:3.5.9]
	at org.apache.ibatis.executor.BaseExecutor.queryFromDatabase(BaseExecutor.java:325) ~[mybatis-3.5.9.jar:3.5.9]
	at org.apache.ibatis.executor.BaseExecutor.query(BaseExecutor.java:156) ~[mybatis-3.5.9.jar:3.5.9]
	at org.apache.ibatis.executor.CachingExecutor.query(CachingExecutor.java:109) ~[mybatis-3.5.9.jar:3.5.9]
	at org.apache.ibatis.executor.CachingExecutor.query(CachingExecutor.java:89) ~[mybatis-3.5.9.jar:3.5.9]
	at org.apache.ibatis.session.defaults.DefaultSqlSession.selectList(DefaultSqlSession.java:151) ~[mybatis-3.5.9.jar:3.5.9]
	at org.apache.ibatis.session.defaults.DefaultSqlSession.selectList(DefaultSqlSession.java:145) ~[mybatis-3.5.9.jar:3.5.9]
	at org.apache.ibatis.session.defaults.DefaultSqlSession.selectList(DefaultSqlSession.java:140) ~[mybatis-3.5.9.jar:3.5.9]
	at jdk.internal.reflect.NativeMethodAccessorImpl.invoke0(Native Method) ~[?:?]
	at jdk.internal.reflect.NativeMethodAccessorImpl.invoke(NativeMethodAccessorImpl.java:77) ~[?:?]
	at jdk.internal.reflect.DelegatingMethodAccessorImpl.invoke(DelegatingMethodAccessorImpl.java:43) ~[?:?]
	at java.lang.reflect.Method.invoke(Method.java:569) ~[?:?]
	at org.mybatis.spring.SqlSessionTemplate$SqlSessionInterceptor.invoke(SqlSessionTemplate.java:427) ~[mybatis-spring-2.0.7.jar:2.0.7]
	... 113 more
2026-06-03 17:35:47 [SpringApplicationShutdownHook] INFO  com.zaxxer.hikari.HikariDataSource - HikariPool-1 - Shutdown initiated...
2026-06-03 17:35:47 [SpringApplicationShutdownHook] INFO  com.zaxxer.hikari.HikariDataSource - HikariPool-1 - Shutdown completed.
2026-06-03 18:30:57 [restartedMain] INFO  com.ninimum.api.NinimumApplication - Starting NinimumApplication using Java 17.0.14 on Akmalui-MacBookPro.local with PID 34824 (/Users/akmalbukhariev/Projects/NinimumBackend/NinimumBackend/target/classes started by akmalbukhariev in /Users/akmalbukhariev/Projects/NinimumBackend/NinimumBackend)
2026-06-03 18:30:57 [restartedMain] INFO  com.ninimum.api.NinimumApplication - The following 1 profile is active: "default"
2026-06-03 18:30:57 [restartedMain] INFO  org.springframework.boot.devtools.env.DevToolsPropertyDefaultsPostProcessor - Devtools property defaults active! Set 'spring.devtools.add-properties' to 'false' to disable
2026-06-03 18:30:57 [restartedMain] INFO  org.springframework.boot.devtools.env.DevToolsPropertyDefaultsPostProcessor - For additional web related logging consider setting the 'logging.level.web' property to 'DEBUG'
2026-06-03 18:30:59 [restartedMain] INFO  org.springframework.data.repository.config.RepositoryConfigurationDelegate - Bootstrapping Spring Data JDBC repositories in DEFAULT mode.
2026-06-03 18:30:59 [restartedMain] INFO  org.springframework.data.repository.config.RepositoryConfigurationDelegate - Finished Spring Data repository scanning in 28 ms. Found 0 JDBC repository interfaces.
2026-06-03 18:30:59 [restartedMain] INFO  com.ulisesbocchio.jasyptspringboot.configuration.EnableEncryptablePropertiesBeanFactoryPostProcessor - Post-processing PropertySource instances
2026-06-03 18:30:59 [restartedMain] INFO  com.ulisesbocchio.jasyptspringboot.EncryptablePropertySourceConverter - Skipping PropertySource configurationProperties [class org.springframework.boot.context.properties.source.ConfigurationPropertySourcesPropertySource
2026-06-03 18:30:59 [restartedMain] INFO  com.ulisesbocchio.jasyptspringboot.EncryptablePropertySourceConverter - Skipping PropertySource servletConfigInitParams [class org.springframework.core.env.PropertySource$StubPropertySource
2026-06-03 18:30:59 [restartedMain] INFO  com.ulisesbocchio.jasyptspringboot.EncryptablePropertySourceConverter - Skipping PropertySource servletContextInitParams [class org.springframework.core.env.PropertySource$StubPropertySource
2026-06-03 18:30:59 [restartedMain] INFO  com.ulisesbocchio.jasyptspringboot.EncryptablePropertySourceConverter - Converting PropertySource systemProperties [org.springframework.core.env.PropertiesPropertySource] to EncryptableMapPropertySourceWrapper
2026-06-03 18:30:59 [restartedMain] INFO  com.ulisesbocchio.jasyptspringboot.EncryptablePropertySourceConverter - Converting PropertySource systemEnvironment [org.springframework.boot.env.SystemEnvironmentPropertySourceEnvironmentPostProcessor$OriginAwareSystemEnvironmentPropertySource] to EncryptableSystemEnvironmentPropertySourceWrapper
2026-06-03 18:30:59 [restartedMain] INFO  com.ulisesbocchio.jasyptspringboot.EncryptablePropertySourceConverter - Converting PropertySource random [org.springframework.boot.env.RandomValuePropertySource] to EncryptablePropertySourceWrapper
2026-06-03 18:30:59 [restartedMain] INFO  com.ulisesbocchio.jasyptspringboot.EncryptablePropertySourceConverter - Converting PropertySource Config resource 'class path resource [application.yaml]' via location 'optional:classpath:/' [org.springframework.boot.env.OriginTrackedMapPropertySource] to EncryptableMapPropertySourceWrapper
2026-06-03 18:30:59 [restartedMain] INFO  com.ulisesbocchio.jasyptspringboot.EncryptablePropertySourceConverter - Converting PropertySource devtools [org.springframework.core.env.MapPropertySource] to EncryptableMapPropertySourceWrapper
2026-06-03 18:30:59 [restartedMain] INFO  com.ulisesbocchio.jasyptspringboot.filter.DefaultLazyPropertyFilter - Property Filter custom Bean not found with name 'encryptablePropertyFilter'. Initializing Default Property Filter
2026-06-03 18:30:59 [restartedMain] INFO  com.ulisesbocchio.jasyptspringboot.resolver.DefaultLazyPropertyResolver - Property Resolver custom Bean not found with name 'encryptablePropertyResolver'. Initializing Default Property Resolver
2026-06-03 18:30:59 [restartedMain] INFO  com.ulisesbocchio.jasyptspringboot.detector.DefaultLazyPropertyDetector - Property Detector custom Bean not found with name 'encryptablePropertyDetector'. Initializing Default Property Detector
2026-06-03 18:31:00 [restartedMain] INFO  org.springframework.boot.web.embedded.tomcat.TomcatWebServer - Tomcat initialized with port(s): 8083 (http)
2026-06-03 18:31:00 [restartedMain] INFO  org.springframework.boot.web.servlet.context.ServletWebServerApplicationContext - Root WebApplicationContext: initialization completed in 2406 ms
2026-06-03 18:31:02 [restartedMain] INFO  org.springframework.boot.actuate.endpoint.web.EndpointLinksResolver - Exposing 2 endpoint(s) beneath base path '/actuator'
2026-06-03 18:31:02 [restartedMain] INFO  org.springframework.security.web.DefaultSecurityFilterChain - Will secure any request with [org.springframework.security.web.session.DisableEncodeUrlFilter@36d3dc1e, org.springframework.security.web.context.request.async.WebAsyncManagerIntegrationFilter@d2220d1, org.springframework.security.web.context.SecurityContextPersistenceFilter@3c0b2193, org.springframework.security.web.header.HeaderWriterFilter@1f88bf90, org.springframework.web.filter.CorsFilter@e6cb694, org.springframework.security.web.authentication.logout.LogoutFilter@3476796b, com.ninimum.api.security.jwt.JwtAuthenticationFilter@6ef693b5, com.ninimum.api.security.filter.UserAuthenticationFilter@46ed9159, com.ninimum.api.security.filter.AdminAuthenticationFilter@5ad505fd, org.springframework.security.web.savedrequest.RequestCacheAwareFilter@25e2e6f, org.springframework.security.web.servletapi.SecurityContextHolderAwareRequestFilter@61ae6868, org.springframework.security.web.authentication.AnonymousAuthenticationFilter@3166d025, org.springframework.security.web.session.SessionManagementFilter@3ec5d25d, org.springframework.security.web.access.ExceptionTranslationFilter@2bcc6300, org.springframework.security.web.access.intercept.AuthorizationFilter@430f08b5]
2026-06-03 18:31:02 [restartedMain] WARN  org.springframework.security.config.annotation.web.builders.WebSecurity - You are asking Spring Security to ignore Ant [pattern='/**/webjars/**']. This is not recommended -- please use permitAll via HttpSecurity#authorizeHttpRequests instead.
2026-06-03 18:31:02 [restartedMain] INFO  org.springframework.security.web.DefaultSecurityFilterChain - Will not secure Ant [pattern='/**/webjars/**']
2026-06-03 18:31:02 [restartedMain] WARN  org.springframework.security.config.annotation.web.builders.WebSecurity - You are asking Spring Security to ignore Ant [pattern='/uploads/**']. This is not recommended -- please use permitAll via HttpSecurity#authorizeHttpRequests instead.
2026-06-03 18:31:02 [restartedMain] INFO  org.springframework.security.web.DefaultSecurityFilterChain - Will not secure Ant [pattern='/uploads/**']
2026-06-03 18:31:02 [restartedMain] WARN  org.springframework.security.config.annotation.web.builders.WebSecurity - You are asking Spring Security to ignore Ant [pattern='/v2/api-docs']. This is not recommended -- please use permitAll via HttpSecurity#authorizeHttpRequests instead.
2026-06-03 18:31:02 [restartedMain] INFO  org.springframework.security.web.DefaultSecurityFilterChain - Will not secure Ant [pattern='/v2/api-docs']
2026-06-03 18:31:02 [restartedMain] WARN  org.springframework.security.config.annotation.web.builders.WebSecurity - You are asking Spring Security to ignore Ant [pattern='/swagger-resources']. This is not recommended -- please use permitAll via HttpSecurity#authorizeHttpRequests instead.
2026-06-03 18:31:02 [restartedMain] INFO  org.springframework.security.web.DefaultSecurityFilterChain - Will not secure Ant [pattern='/swagger-resources']
2026-06-03 18:31:02 [restartedMain] WARN  org.springframework.security.config.annotation.web.builders.WebSecurity - You are asking Spring Security to ignore Ant [pattern='/swagger-resources/**']. This is not recommended -- please use permitAll via HttpSecurity#authorizeHttpRequests instead.
2026-06-03 18:31:02 [restartedMain] INFO  org.springframework.security.web.DefaultSecurityFilterChain - Will not secure Ant [pattern='/swagger-resources/**']
2026-06-03 18:31:02 [restartedMain] WARN  org.springframework.security.config.annotation.web.builders.WebSecurity - You are asking Spring Security to ignore Ant [pattern='/configuration/ui']. This is not recommended -- please use permitAll via HttpSecurity#authorizeHttpRequests instead.
2026-06-03 18:31:02 [restartedMain] INFO  org.springframework.security.web.DefaultSecurityFilterChain - Will not secure Ant [pattern='/configuration/ui']
2026-06-03 18:31:02 [restartedMain] WARN  org.springframework.security.config.annotation.web.builders.WebSecurity - You are asking Spring Security to ignore Ant [pattern='/configuration/security']. This is not recommended -- please use permitAll via HttpSecurity#authorizeHttpRequests instead.
2026-06-03 18:31:02 [restartedMain] INFO  org.springframework.security.web.DefaultSecurityFilterChain - Will not secure Ant [pattern='/configuration/security']
2026-06-03 18:31:02 [restartedMain] WARN  org.springframework.security.config.annotation.web.builders.WebSecurity - You are asking Spring Security to ignore Ant [pattern='/swagger-ui/**']. This is not recommended -- please use permitAll via HttpSecurity#authorizeHttpRequests instead.
2026-06-03 18:31:02 [restartedMain] INFO  org.springframework.security.web.DefaultSecurityFilterChain - Will not secure Ant [pattern='/swagger-ui/**']
2026-06-03 18:31:02 [restartedMain] WARN  org.springframework.security.config.annotation.web.builders.WebSecurity - You are asking Spring Security to ignore Ant [pattern='/webjars/**']. This is not recommended -- please use permitAll via HttpSecurity#authorizeHttpRequests instead.
2026-06-03 18:31:02 [restartedMain] INFO  org.springframework.security.web.DefaultSecurityFilterChain - Will not secure Ant [pattern='/webjars/**']
2026-06-03 18:31:02 [restartedMain] WARN  org.springframework.security.config.annotation.web.builders.WebSecurity - You are asking Spring Security to ignore Ant [pattern='/v3/api-docs/**']. This is not recommended -- please use permitAll via HttpSecurity#authorizeHttpRequests instead.
2026-06-03 18:31:02 [restartedMain] INFO  org.springframework.security.web.DefaultSecurityFilterChain - Will not secure Ant [pattern='/v3/api-docs/**']
2026-06-03 18:31:02 [restartedMain] WARN  org.springframework.security.config.annotation.web.builders.WebSecurity - You are asking Spring Security to ignore Ant [pattern='/actuator/health/**']. This is not recommended -- please use permitAll via HttpSecurity#authorizeHttpRequests instead.
2026-06-03 18:31:02 [restartedMain] INFO  org.springframework.security.web.DefaultSecurityFilterChain - Will not secure Ant [pattern='/actuator/health/**']
2026-06-03 18:31:02 [restartedMain] WARN  org.springframework.security.config.annotation.web.builders.WebSecurity - You are asking Spring Security to ignore Ant [pattern='/actuator/info']. This is not recommended -- please use permitAll via HttpSecurity#authorizeHttpRequests instead.
2026-06-03 18:31:02 [restartedMain] INFO  org.springframework.security.web.DefaultSecurityFilterChain - Will not secure Ant [pattern='/actuator/info']
2026-06-03 18:31:02 [restartedMain] WARN  org.springframework.security.config.annotation.web.builders.WebSecurity - You are asking Spring Security to ignore Ant [pattern='/ninimum/actuator/**']. This is not recommended -- please use permitAll via HttpSecurity#authorizeHttpRequests instead.
2026-06-03 18:31:02 [restartedMain] INFO  org.springframework.security.web.DefaultSecurityFilterChain - Will not secure Ant [pattern='/ninimum/actuator/**']
2026-06-03 18:31:02 [restartedMain] WARN  org.springframework.security.config.annotation.web.builders.WebSecurity - You are asking Spring Security to ignore Ant [pattern='/api/v1/status']. This is not recommended -- please use permitAll via HttpSecurity#authorizeHttpRequests instead.
2026-06-03 18:31:02 [restartedMain] INFO  org.springframework.security.web.DefaultSecurityFilterChain - Will not secure Ant [pattern='/api/v1/status']
2026-06-03 18:31:02 [restartedMain] WARN  org.springframework.security.config.annotation.web.builders.WebSecurity - You are asking Spring Security to ignore Ant [pattern='/ninimum/api/v1/status']. This is not recommended -- please use permitAll via HttpSecurity#authorizeHttpRequests instead.
2026-06-03 18:31:02 [restartedMain] INFO  org.springframework.security.web.DefaultSecurityFilterChain - Will not secure Ant [pattern='/ninimum/api/v1/status']
2026-06-03 18:31:02 [restartedMain] WARN  org.springframework.security.config.annotation.web.builders.WebSecurity - You are asking Spring Security to ignore Ant [pattern='/ninimum/api/v1/user/checkPhoneNumber']. This is not recommended -- please use permitAll via HttpSecurity#authorizeHttpRequests instead.
2026-06-03 18:31:02 [restartedMain] INFO  org.springframework.security.web.DefaultSecurityFilterChain - Will not secure Ant [pattern='/ninimum/api/v1/user/checkPhoneNumber']
2026-06-03 18:31:02 [restartedMain] WARN  org.springframework.security.config.annotation.web.builders.WebSecurity - You are asking Spring Security to ignore Ant [pattern='/ninimum/api/v1/user/register']. This is not recommended -- please use permitAll via HttpSecurity#authorizeHttpRequests instead.
2026-06-03 18:31:02 [restartedMain] INFO  org.springframework.security.web.DefaultSecurityFilterChain - Will not secure Ant [pattern='/ninimum/api/v1/user/register']
2026-06-03 18:31:02 [restartedMain] WARN  org.springframework.security.config.annotation.web.builders.WebSecurity - You are asking Spring Security to ignore Ant [pattern='/ninimum/api/v1/message/verifyPhoneNumber']. This is not recommended -- please use permitAll via HttpSecurity#authorizeHttpRequests instead.
2026-06-03 18:31:02 [restartedMain] INFO  org.springframework.security.web.DefaultSecurityFilterChain - Will not secure Ant [pattern='/ninimum/api/v1/message/verifyPhoneNumber']
2026-06-03 18:31:02 [restartedMain] WARN  org.springframework.security.config.annotation.web.builders.WebSecurity - You are asking Spring Security to ignore Ant [pattern='/error']. This is not recommended -- please use permitAll via HttpSecurity#authorizeHttpRequests instead.
2026-06-03 18:31:02 [restartedMain] INFO  org.springframework.security.web.DefaultSecurityFilterChain - Will not secure Ant [pattern='/error']
2026-06-03 18:31:02 [restartedMain] INFO  com.zaxxer.hikari.HikariDataSource - HikariPool-1 - Starting...
2026-06-03 18:31:03 [restartedMain] INFO  com.zaxxer.hikari.HikariDataSource - HikariPool-1 - Start completed.
2026-06-03 18:31:03 [restartedMain] INFO  org.springframework.boot.devtools.autoconfigure.OptionalLiveReloadServer - LiveReload server is running on port 35729
2026-06-03 18:31:04 [restartedMain] INFO  org.springframework.boot.web.embedded.tomcat.TomcatWebServer - Tomcat started on port(s): 8083 (http) with context path ''
2026-06-03 18:31:04 [restartedMain] INFO  com.ulisesbocchio.jasyptspringboot.caching.RefreshScopeRefreshedEventListener - Refreshing cached encryptable property sources on ServletWebServerInitializedEvent
2026-06-03 18:31:04 [restartedMain] INFO  com.ulisesbocchio.jasyptspringboot.caching.CachingDelegateEncryptablePropertySource - Property Source systemProperties refreshed
2026-06-03 18:31:04 [restartedMain] INFO  com.ulisesbocchio.jasyptspringboot.caching.CachingDelegateEncryptablePropertySource - Property Source systemEnvironment refreshed
2026-06-03 18:31:04 [restartedMain] INFO  com.ulisesbocchio.jasyptspringboot.caching.CachingDelegateEncryptablePropertySource - Property Source random refreshed
2026-06-03 18:31:04 [restartedMain] INFO  com.ulisesbocchio.jasyptspringboot.caching.CachingDelegateEncryptablePropertySource - Property Source Config resource 'class path resource [application.yaml]' via location 'optional:classpath:/' refreshed
2026-06-03 18:31:04 [restartedMain] INFO  com.ulisesbocchio.jasyptspringboot.caching.CachingDelegateEncryptablePropertySource - Property Source devtools refreshed
2026-06-03 18:31:04 [restartedMain] INFO  com.ulisesbocchio.jasyptspringboot.EncryptablePropertySourceConverter - Converting PropertySource server.ports [org.springframework.core.env.MapPropertySource] to EncryptableMapPropertySourceWrapper
2026-06-03 18:31:04 [restartedMain] INFO  com.ulisesbocchio.jasyptspringboot.EncryptablePropertySourceConverter - Skipping PropertySource configurationProperties [class org.springframework.boot.context.properties.source.ConfigurationPropertySourcesPropertySource
2026-06-03 18:31:04 [restartedMain] INFO  com.ulisesbocchio.jasyptspringboot.EncryptablePropertySourceConverter - Skipping PropertySource servletConfigInitParams [class org.springframework.core.env.PropertySource$StubPropertySource
2026-06-03 18:31:04 [restartedMain] INFO  com.ulisesbocchio.jasyptspringboot.EncryptablePropertySourceConverter - Converting PropertySource servletContextInitParams [org.springframework.web.context.support.ServletContextPropertySource] to EncryptableEnumerablePropertySourceWrapper
2026-06-03 18:31:04 [restartedMain] INFO  com.ulisesbocchio.jasyptspringboot.EncryptablePropertySourceConverter - Converting PropertySource Management Server [org.springframework.boot.actuate.autoconfigure.web.server.ManagementContextAutoConfiguration$SameManagementContextConfiguration$1] to EncryptablePropertySourceWrapper
2026-06-03 18:31:04 [restartedMain] INFO  com.ninimum.api.NinimumApplication - Started NinimumApplication in 6.839 seconds (JVM running for 8.47)
2026-06-03 18:31:39 [http-nio-0.0.0.0-8083-exec-1] INFO  org.springframework.web.servlet.DispatcherServlet - Initializing Servlet 'dispatcherServlet'
2026-06-03 18:31:39 [http-nio-0.0.0.0-8083-exec-1] INFO  org.springframework.web.servlet.DispatcherServlet - Completed initialization in 1 ms
2026-06-03 18:31:39 [http-nio-0.0.0.0-8083-exec-1] INFO  com.ninimum.api.security.jwt.JwtAuthenticationFilter - bearerToken==> Bearer eyJhbGciOiJIUzI1NiJ9.eyJzdWIiOiI5OTg5OTg4ODc3NjYiLCJhdXRoIjoiVVNFUiIsImV4cCI6MTgxMTk4MTU0N30.ldem1w8LNad6B0jOu9cp6A_arviQRAZFRslYoJHNuP0
2026-06-03 18:33:43 [SpringApplicationShutdownHook] INFO  com.zaxxer.hikari.HikariDataSource - HikariPool-1 - Shutdown initiated...
2026-06-03 18:33:44 [SpringApplicationShutdownHook] INFO  com.zaxxer.hikari.HikariDataSource - HikariPool-1 - Shutdown completed.
2026-06-03 18:35:11 [restartedMain] INFO  com.ninimum.api.NinimumApplication - Starting NinimumApplication using Java 17.0.14 on Akmalui-MacBookPro.local with PID 35149 (/Users/akmalbukhariev/Projects/NinimumBackend/NinimumBackend/target/classes started by akmalbukhariev in /Users/akmalbukhariev/Projects/NinimumBackend/NinimumBackend)
2026-06-03 18:35:11 [restartedMain] INFO  com.ninimum.api.NinimumApplication - The following 1 profile is active: "default"
2026-06-03 18:35:11 [restartedMain] INFO  org.springframework.boot.devtools.env.DevToolsPropertyDefaultsPostProcessor - Devtools property defaults active! Set 'spring.devtools.add-properties' to 'false' to disable
2026-06-03 18:35:11 [restartedMain] INFO  org.springframework.boot.devtools.env.DevToolsPropertyDefaultsPostProcessor - For additional web related logging consider setting the 'logging.level.web' property to 'DEBUG'
2026-06-03 18:35:13 [restartedMain] INFO  org.springframework.data.repository.config.RepositoryConfigurationDelegate - Bootstrapping Spring Data JDBC repositories in DEFAULT mode.
2026-06-03 18:35:13 [restartedMain] INFO  org.springframework.data.repository.config.RepositoryConfigurationDelegate - Finished Spring Data repository scanning in 26 ms. Found 0 JDBC repository interfaces.
2026-06-03 18:35:13 [restartedMain] INFO  com.ulisesbocchio.jasyptspringboot.configuration.EnableEncryptablePropertiesBeanFactoryPostProcessor - Post-processing PropertySource instances
2026-06-03 18:35:13 [restartedMain] INFO  com.ulisesbocchio.jasyptspringboot.EncryptablePropertySourceConverter - Skipping PropertySource configurationProperties [class org.springframework.boot.context.properties.source.ConfigurationPropertySourcesPropertySource
2026-06-03 18:35:13 [restartedMain] INFO  com.ulisesbocchio.jasyptspringboot.EncryptablePropertySourceConverter - Skipping PropertySource servletConfigInitParams [class org.springframework.core.env.PropertySource$StubPropertySource
2026-06-03 18:35:13 [restartedMain] INFO  com.ulisesbocchio.jasyptspringboot.EncryptablePropertySourceConverter - Skipping PropertySource servletContextInitParams [class org.springframework.core.env.PropertySource$StubPropertySource
2026-06-03 18:35:13 [restartedMain] INFO  com.ulisesbocchio.jasyptspringboot.EncryptablePropertySourceConverter - Converting PropertySource systemProperties [org.springframework.core.env.PropertiesPropertySource] to EncryptableMapPropertySourceWrapper
2026-06-03 18:35:13 [restartedMain] INFO  com.ulisesbocchio.jasyptspringboot.EncryptablePropertySourceConverter - Converting PropertySource systemEnvironment [org.springframework.boot.env.SystemEnvironmentPropertySourceEnvironmentPostProcessor$OriginAwareSystemEnvironmentPropertySource] to EncryptableSystemEnvironmentPropertySourceWrapper
2026-06-03 18:35:13 [restartedMain] INFO  com.ulisesbocchio.jasyptspringboot.EncryptablePropertySourceConverter - Converting PropertySource random [org.springframework.boot.env.RandomValuePropertySource] to EncryptablePropertySourceWrapper
2026-06-03 18:35:13 [restartedMain] INFO  com.ulisesbocchio.jasyptspringboot.EncryptablePropertySourceConverter - Converting PropertySource Config resource 'class path resource [application.yaml]' via location 'optional:classpath:/' [org.springframework.boot.env.OriginTrackedMapPropertySource] to EncryptableMapPropertySourceWrapper
2026-06-03 18:35:13 [restartedMain] INFO  com.ulisesbocchio.jasyptspringboot.EncryptablePropertySourceConverter - Converting PropertySource devtools [org.springframework.core.env.MapPropertySource] to EncryptableMapPropertySourceWrapper
2026-06-03 18:35:13 [restartedMain] INFO  com.ulisesbocchio.jasyptspringboot.filter.DefaultLazyPropertyFilter - Property Filter custom Bean not found with name 'encryptablePropertyFilter'. Initializing Default Property Filter
2026-06-03 18:35:13 [restartedMain] INFO  com.ulisesbocchio.jasyptspringboot.resolver.DefaultLazyPropertyResolver - Property Resolver custom Bean not found with name 'encryptablePropertyResolver'. Initializing Default Property Resolver
2026-06-03 18:35:13 [restartedMain] INFO  com.ulisesbocchio.jasyptspringboot.detector.DefaultLazyPropertyDetector - Property Detector custom Bean not found with name 'encryptablePropertyDetector'. Initializing Default Property Detector
2026-06-03 18:35:14 [restartedMain] INFO  org.springframework.boot.web.embedded.tomcat.TomcatWebServer - Tomcat initialized with port(s): 8083 (http)
2026-06-03 18:35:14 [restartedMain] INFO  org.springframework.boot.web.servlet.context.ServletWebServerApplicationContext - Root WebApplicationContext: initialization completed in 2278 ms
2026-06-03 18:35:15 [restartedMain] INFO  org.springframework.boot.actuate.endpoint.web.EndpointLinksResolver - Exposing 2 endpoint(s) beneath base path '/actuator'
2026-06-03 18:35:15 [restartedMain] INFO  org.springframework.security.web.DefaultSecurityFilterChain - Will secure any request with [org.springframework.security.web.session.DisableEncodeUrlFilter@1049144f, org.springframework.security.web.context.request.async.WebAsyncManagerIntegrationFilter@4188775c, org.springframework.security.web.context.SecurityContextPersistenceFilter@38c2147c, org.springframework.security.web.header.HeaderWriterFilter@7a736c0e, org.springframework.web.filter.CorsFilter@39ba89c5, org.springframework.security.web.authentication.logout.LogoutFilter@55679de3, com.ninimum.api.security.jwt.JwtAuthenticationFilter@696ff102, com.ninimum.api.security.filter.UserAuthenticationFilter@315c6b0c, com.ninimum.api.security.filter.AdminAuthenticationFilter@336cc8ec, org.springframework.security.web.savedrequest.RequestCacheAwareFilter@7bbc954e, org.springframework.security.web.servletapi.SecurityContextHolderAwareRequestFilter@57b041d8, org.springframework.security.web.authentication.AnonymousAuthenticationFilter@5ef59be5, org.springframework.security.web.session.SessionManagementFilter@509cd44b, org.springframework.security.web.access.ExceptionTranslationFilter@62fde0ab, org.springframework.security.web.access.intercept.AuthorizationFilter@cdbb97b]
2026-06-03 18:35:15 [restartedMain] WARN  org.springframework.security.config.annotation.web.builders.WebSecurity - You are asking Spring Security to ignore Ant [pattern='/**/webjars/**']. This is not recommended -- please use permitAll via HttpSecurity#authorizeHttpRequests instead.
2026-06-03 18:35:15 [restartedMain] INFO  org.springframework.security.web.DefaultSecurityFilterChain - Will not secure Ant [pattern='/**/webjars/**']
2026-06-03 18:35:15 [restartedMain] WARN  org.springframework.security.config.annotation.web.builders.WebSecurity - You are asking Spring Security to ignore Ant [pattern='/uploads/**']. This is not recommended -- please use permitAll via HttpSecurity#authorizeHttpRequests instead.
2026-06-03 18:35:15 [restartedMain] INFO  org.springframework.security.web.DefaultSecurityFilterChain - Will not secure Ant [pattern='/uploads/**']
2026-06-03 18:35:15 [restartedMain] WARN  org.springframework.security.config.annotation.web.builders.WebSecurity - You are asking Spring Security to ignore Ant [pattern='/v2/api-docs']. This is not recommended -- please use permitAll via HttpSecurity#authorizeHttpRequests instead.
2026-06-03 18:35:15 [restartedMain] INFO  org.springframework.security.web.DefaultSecurityFilterChain - Will not secure Ant [pattern='/v2/api-docs']
2026-06-03 18:35:15 [restartedMain] WARN  org.springframework.security.config.annotation.web.builders.WebSecurity - You are asking Spring Security to ignore Ant [pattern='/swagger-resources']. This is not recommended -- please use permitAll via HttpSecurity#authorizeHttpRequests instead.
2026-06-03 18:35:15 [restartedMain] INFO  org.springframework.security.web.DefaultSecurityFilterChain - Will not secure Ant [pattern='/swagger-resources']
2026-06-03 18:35:15 [restartedMain] WARN  org.springframework.security.config.annotation.web.builders.WebSecurity - You are asking Spring Security to ignore Ant [pattern='/swagger-resources/**']. This is not recommended -- please use permitAll via HttpSecurity#authorizeHttpRequests instead.
2026-06-03 18:35:15 [restartedMain] INFO  org.springframework.security.web.DefaultSecurityFilterChain - Will not secure Ant [pattern='/swagger-resources/**']
2026-06-03 18:35:15 [restartedMain] WARN  org.springframework.security.config.annotation.web.builders.WebSecurity - You are asking Spring Security to ignore Ant [pattern='/configuration/ui']. This is not recommended -- please use permitAll via HttpSecurity#authorizeHttpRequests instead.
2026-06-03 18:35:15 [restartedMain] INFO  org.springframework.security.web.DefaultSecurityFilterChain - Will not secure Ant [pattern='/configuration/ui']
2026-06-03 18:35:15 [restartedMain] WARN  org.springframework.security.config.annotation.web.builders.WebSecurity - You are asking Spring Security to ignore Ant [pattern='/configuration/security']. This is not recommended -- please use permitAll via HttpSecurity#authorizeHttpRequests instead.
2026-06-03 18:35:15 [restartedMain] INFO  org.springframework.security.web.DefaultSecurityFilterChain - Will not secure Ant [pattern='/configuration/security']
2026-06-03 18:35:15 [restartedMain] WARN  org.springframework.security.config.annotation.web.builders.WebSecurity - You are asking Spring Security to ignore Ant [pattern='/swagger-ui/**']. This is not recommended -- please use permitAll via HttpSecurity#authorizeHttpRequests instead.
2026-06-03 18:35:15 [restartedMain] INFO  org.springframework.security.web.DefaultSecurityFilterChain - Will not secure Ant [pattern='/swagger-ui/**']
2026-06-03 18:35:15 [restartedMain] WARN  org.springframework.security.config.annotation.web.builders.WebSecurity - You are asking Spring Security to ignore Ant [pattern='/webjars/**']. This is not recommended -- please use permitAll via HttpSecurity#authorizeHttpRequests instead.
2026-06-03 18:35:15 [restartedMain] INFO  org.springframework.security.web.DefaultSecurityFilterChain - Will not secure Ant [pattern='/webjars/**']
2026-06-03 18:35:15 [restartedMain] WARN  org.springframework.security.config.annotation.web.builders.WebSecurity - You are asking Spring Security to ignore Ant [pattern='/v3/api-docs/**']. This is not recommended -- please use permitAll via HttpSecurity#authorizeHttpRequests instead.
2026-06-03 18:35:15 [restartedMain] INFO  org.springframework.security.web.DefaultSecurityFilterChain - Will not secure Ant [pattern='/v3/api-docs/**']
2026-06-03 18:35:15 [restartedMain] WARN  org.springframework.security.config.annotation.web.builders.WebSecurity - You are asking Spring Security to ignore Ant [pattern='/actuator/health/**']. This is not recommended -- please use permitAll via HttpSecurity#authorizeHttpRequests instead.
2026-06-03 18:35:15 [restartedMain] INFO  org.springframework.security.web.DefaultSecurityFilterChain - Will not secure Ant [pattern='/actuator/health/**']
2026-06-03 18:35:15 [restartedMain] WARN  org.springframework.security.config.annotation.web.builders.WebSecurity - You are asking Spring Security to ignore Ant [pattern='/actuator/info']. This is not recommended -- please use permitAll via HttpSecurity#authorizeHttpRequests instead.
2026-06-03 18:35:15 [restartedMain] INFO  org.springframework.security.web.DefaultSecurityFilterChain - Will not secure Ant [pattern='/actuator/info']
2026-06-03 18:35:15 [restartedMain] WARN  org.springframework.security.config.annotation.web.builders.WebSecurity - You are asking Spring Security to ignore Ant [pattern='/ninimum/actuator/**']. This is not recommended -- please use permitAll via HttpSecurity#authorizeHttpRequests instead.
2026-06-03 18:35:15 [restartedMain] INFO  org.springframework.security.web.DefaultSecurityFilterChain - Will not secure Ant [pattern='/ninimum/actuator/**']
2026-06-03 18:35:15 [restartedMain] WARN  org.springframework.security.config.annotation.web.builders.WebSecurity - You are asking Spring Security to ignore Ant [pattern='/api/v1/status']. This is not recommended -- please use permitAll via HttpSecurity#authorizeHttpRequests instead.
2026-06-03 18:35:15 [restartedMain] INFO  org.springframework.security.web.DefaultSecurityFilterChain - Will not secure Ant [pattern='/api/v1/status']
2026-06-03 18:35:15 [restartedMain] WARN  org.springframework.security.config.annotation.web.builders.WebSecurity - You are asking Spring Security to ignore Ant [pattern='/ninimum/api/v1/status']. This is not recommended -- please use permitAll via HttpSecurity#authorizeHttpRequests instead.
2026-06-03 18:35:15 [restartedMain] INFO  org.springframework.security.web.DefaultSecurityFilterChain - Will not secure Ant [pattern='/ninimum/api/v1/status']
2026-06-03 18:35:15 [restartedMain] WARN  org.springframework.security.config.annotation.web.builders.WebSecurity - You are asking Spring Security to ignore Ant [pattern='/ninimum/api/v1/user/checkPhoneNumber']. This is not recommended -- please use permitAll via HttpSecurity#authorizeHttpRequests instead.
2026-06-03 18:35:15 [restartedMain] INFO  org.springframework.security.web.DefaultSecurityFilterChain - Will not secure Ant [pattern='/ninimum/api/v1/user/checkPhoneNumber']
2026-06-03 18:35:15 [restartedMain] WARN  org.springframework.security.config.annotation.web.builders.WebSecurity - You are asking Spring Security to ignore Ant [pattern='/ninimum/api/v1/user/register']. This is not recommended -- please use permitAll via HttpSecurity#authorizeHttpRequests instead.
2026-06-03 18:35:15 [restartedMain] INFO  org.springframework.security.web.DefaultSecurityFilterChain - Will not secure Ant [pattern='/ninimum/api/v1/user/register']
2026-06-03 18:35:15 [restartedMain] WARN  org.springframework.security.config.annotation.web.builders.WebSecurity - You are asking Spring Security to ignore Ant [pattern='/ninimum/api/v1/message/verifyPhoneNumber']. This is not recommended -- please use permitAll via HttpSecurity#authorizeHttpRequests instead.
2026-06-03 18:35:15 [restartedMain] INFO  org.springframework.security.web.DefaultSecurityFilterChain - Will not secure Ant [pattern='/ninimum/api/v1/message/verifyPhoneNumber']
2026-06-03 18:35:15 [restartedMain] WARN  org.springframework.security.config.annotation.web.builders.WebSecurity - You are asking Spring Security to ignore Ant [pattern='/error']. This is not recommended -- please use permitAll via HttpSecurity#authorizeHttpRequests instead.
2026-06-03 18:35:15 [restartedMain] INFO  org.springframework.security.web.DefaultSecurityFilterChain - Will not secure Ant [pattern='/error']
2026-06-03 18:35:16 [restartedMain] INFO  com.zaxxer.hikari.HikariDataSource - HikariPool-1 - Starting...
2026-06-03 18:35:17 [restartedMain] INFO  com.zaxxer.hikari.HikariDataSource - HikariPool-1 - Start completed.
2026-06-03 18:35:17 [restartedMain] INFO  org.springframework.boot.devtools.autoconfigure.OptionalLiveReloadServer - LiveReload server is running on port 35729
2026-06-03 18:35:17 [restartedMain] INFO  org.springframework.boot.web.embedded.tomcat.TomcatWebServer - Tomcat started on port(s): 8083 (http) with context path ''
2026-06-03 18:35:17 [restartedMain] INFO  com.ulisesbocchio.jasyptspringboot.caching.RefreshScopeRefreshedEventListener - Refreshing cached encryptable property sources on ServletWebServerInitializedEvent
2026-06-03 18:35:17 [restartedMain] INFO  com.ulisesbocchio.jasyptspringboot.caching.CachingDelegateEncryptablePropertySource - Property Source systemProperties refreshed
2026-06-03 18:35:17 [restartedMain] INFO  com.ulisesbocchio.jasyptspringboot.caching.CachingDelegateEncryptablePropertySource - Property Source systemEnvironment refreshed
2026-06-03 18:35:17 [restartedMain] INFO  com.ulisesbocchio.jasyptspringboot.caching.CachingDelegateEncryptablePropertySource - Property Source random refreshed
2026-06-03 18:35:17 [restartedMain] INFO  com.ulisesbocchio.jasyptspringboot.caching.CachingDelegateEncryptablePropertySource - Property Source Config resource 'class path resource [application.yaml]' via location 'optional:classpath:/' refreshed
2026-06-03 18:35:17 [restartedMain] INFO  com.ulisesbocchio.jasyptspringboot.caching.CachingDelegateEncryptablePropertySource - Property Source devtools refreshed
2026-06-03 18:35:17 [restartedMain] INFO  com.ulisesbocchio.jasyptspringboot.EncryptablePropertySourceConverter - Converting PropertySource server.ports [org.springframework.core.env.MapPropertySource] to EncryptableMapPropertySourceWrapper
2026-06-03 18:35:17 [restartedMain] INFO  com.ulisesbocchio.jasyptspringboot.EncryptablePropertySourceConverter - Skipping PropertySource configurationProperties [class org.springframework.boot.context.properties.source.ConfigurationPropertySourcesPropertySource
2026-06-03 18:35:17 [restartedMain] INFO  com.ulisesbocchio.jasyptspringboot.EncryptablePropertySourceConverter - Skipping PropertySource servletConfigInitParams [class org.springframework.core.env.PropertySource$StubPropertySource
2026-06-03 18:35:17 [restartedMain] INFO  com.ulisesbocchio.jasyptspringboot.EncryptablePropertySourceConverter - Converting PropertySource servletContextInitParams [org.springframework.web.context.support.ServletContextPropertySource] to EncryptableEnumerablePropertySourceWrapper
2026-06-03 18:35:17 [restartedMain] INFO  com.ulisesbocchio.jasyptspringboot.EncryptablePropertySourceConverter - Converting PropertySource Management Server [org.springframework.boot.actuate.autoconfigure.web.server.ManagementContextAutoConfiguration$SameManagementContextConfiguration$1] to EncryptablePropertySourceWrapper
2026-06-03 18:35:17 [restartedMain] INFO  com.ninimum.api.NinimumApplication - Started NinimumApplication in 6.344 seconds (JVM running for 7.443)
2026-06-03 18:38:30 [http-nio-0.0.0.0-8083-exec-1] INFO  org.springframework.web.servlet.DispatcherServlet - Initializing Servlet 'dispatcherServlet'
2026-06-03 18:38:30 [http-nio-0.0.0.0-8083-exec-1] INFO  org.springframework.web.servlet.DispatcherServlet - Completed initialization in 1 ms
2026-06-03 18:38:31 [http-nio-0.0.0.0-8083-exec-4] INFO  org.springdoc.api.AbstractOpenApiResource - Init duration for springdoc-openapi is: 669 ms
2026-06-03 18:38:49 [http-nio-0.0.0.0-8083-exec-5] INFO  com.ninimum.api.security.provider.UserAuthenticationProvider - userId => 998998887766
2026-06-03 18:38:49 [http-nio-0.0.0.0-8083-exec-5] INFO  com.ninimum.api.security.provider.UserAuthenticationProvider - passwd => 123
2026-06-03 18:41:38 [SpringApplicationShutdownHook] INFO  com.zaxxer.hikari.HikariDataSource - HikariPool-1 - Shutdown initiated...
2026-06-03 18:41:38 [SpringApplicationShutdownHook] INFO  com.zaxxer.hikari.HikariDataSource - HikariPool-1 - Shutdown completed.
2026-06-03 18:42:48 [restartedMain] INFO  com.ninimum.api.NinimumApplication - Starting NinimumApplication using Java 17.0.14 on Akmalui-MacBookPro.local with PID 35709 (/Users/akmalbukhariev/Projects/NinimumBackend/NinimumBackend/target/classes started by akmalbukhariev in /Users/akmalbukhariev/Projects/NinimumBackend/NinimumBackend)
2026-06-03 18:42:48 [restartedMain] INFO  com.ninimum.api.NinimumApplication - The following 1 profile is active: "default"
2026-06-03 18:42:48 [restartedMain] INFO  org.springframework.boot.devtools.env.DevToolsPropertyDefaultsPostProcessor - Devtools property defaults active! Set 'spring.devtools.add-properties' to 'false' to disable
2026-06-03 18:42:48 [restartedMain] INFO  org.springframework.boot.devtools.env.DevToolsPropertyDefaultsPostProcessor - For additional web related logging consider setting the 'logging.level.web' property to 'DEBUG'
2026-06-03 18:42:49 [restartedMain] INFO  org.springframework.data.repository.config.RepositoryConfigurationDelegate - Bootstrapping Spring Data JDBC repositories in DEFAULT mode.
2026-06-03 18:42:50 [restartedMain] INFO  org.springframework.data.repository.config.RepositoryConfigurationDelegate - Finished Spring Data repository scanning in 30 ms. Found 0 JDBC repository interfaces.
2026-06-03 18:42:50 [restartedMain] INFO  com.ulisesbocchio.jasyptspringboot.configuration.EnableEncryptablePropertiesBeanFactoryPostProcessor - Post-processing PropertySource instances
2026-06-03 18:42:50 [restartedMain] INFO  com.ulisesbocchio.jasyptspringboot.EncryptablePropertySourceConverter - Skipping PropertySource configurationProperties [class org.springframework.boot.context.properties.source.ConfigurationPropertySourcesPropertySource
2026-06-03 18:42:50 [restartedMain] INFO  com.ulisesbocchio.jasyptspringboot.EncryptablePropertySourceConverter - Skipping PropertySource servletConfigInitParams [class org.springframework.core.env.PropertySource$StubPropertySource
2026-06-03 18:42:50 [restartedMain] INFO  com.ulisesbocchio.jasyptspringboot.EncryptablePropertySourceConverter - Skipping PropertySource servletContextInitParams [class org.springframework.core.env.PropertySource$StubPropertySource
2026-06-03 18:42:50 [restartedMain] INFO  com.ulisesbocchio.jasyptspringboot.EncryptablePropertySourceConverter - Converting PropertySource systemProperties [org.springframework.core.env.PropertiesPropertySource] to EncryptableMapPropertySourceWrapper
2026-06-03 18:42:50 [restartedMain] INFO  com.ulisesbocchio.jasyptspringboot.EncryptablePropertySourceConverter - Converting PropertySource systemEnvironment [org.springframework.boot.env.SystemEnvironmentPropertySourceEnvironmentPostProcessor$OriginAwareSystemEnvironmentPropertySource] to EncryptableSystemEnvironmentPropertySourceWrapper
2026-06-03 18:42:50 [restartedMain] INFO  com.ulisesbocchio.jasyptspringboot.EncryptablePropertySourceConverter - Converting PropertySource random [org.springframework.boot.env.RandomValuePropertySource] to EncryptablePropertySourceWrapper
2026-06-03 18:42:50 [restartedMain] INFO  com.ulisesbocchio.jasyptspringboot.EncryptablePropertySourceConverter - Converting PropertySource Config resource 'class path resource [application.yaml]' via location 'optional:classpath:/' [org.springframework.boot.env.OriginTrackedMapPropertySource] to EncryptableMapPropertySourceWrapper
2026-06-03 18:42:50 [restartedMain] INFO  com.ulisesbocchio.jasyptspringboot.EncryptablePropertySourceConverter - Converting PropertySource devtools [org.springframework.core.env.MapPropertySource] to EncryptableMapPropertySourceWrapper
2026-06-03 18:42:50 [restartedMain] INFO  com.ulisesbocchio.jasyptspringboot.filter.DefaultLazyPropertyFilter - Property Filter custom Bean not found with name 'encryptablePropertyFilter'. Initializing Default Property Filter
2026-06-03 18:42:50 [restartedMain] INFO  com.ulisesbocchio.jasyptspringboot.resolver.DefaultLazyPropertyResolver - Property Resolver custom Bean not found with name 'encryptablePropertyResolver'. Initializing Default Property Resolver
2026-06-03 18:42:50 [restartedMain] INFO  com.ulisesbocchio.jasyptspringboot.detector.DefaultLazyPropertyDetector - Property Detector custom Bean not found with name 'encryptablePropertyDetector'. Initializing Default Property Detector
2026-06-03 18:42:50 [restartedMain] INFO  org.springframework.boot.web.embedded.tomcat.TomcatWebServer - Tomcat initialized with port(s): 8083 (http)
2026-06-03 18:42:50 [restartedMain] INFO  org.springframework.boot.web.servlet.context.ServletWebServerApplicationContext - Root WebApplicationContext: initialization completed in 2172 ms
2026-06-03 18:42:52 [restartedMain] INFO  org.springframework.boot.actuate.endpoint.web.EndpointLinksResolver - Exposing 2 endpoint(s) beneath base path '/actuator'
2026-06-03 18:42:52 [restartedMain] INFO  org.springframework.security.web.DefaultSecurityFilterChain - Will secure any request with [org.springframework.security.web.session.DisableEncodeUrlFilter@430f08b5, org.springframework.security.web.context.request.async.WebAsyncManagerIntegrationFilter@635c023b, org.springframework.security.web.context.SecurityContextPersistenceFilter@3ec5d25d, org.springframework.security.web.header.HeaderWriterFilter@5407b7fb, org.springframework.web.filter.CorsFilter@1e0fceb2, org.springframework.security.web.authentication.logout.LogoutFilter@563ece6, com.ninimum.api.security.jwt.JwtAuthenticationFilter@36d3dc1e, com.ninimum.api.security.filter.UserAuthenticationFilter@d2220d1, com.ninimum.api.security.filter.AdminAuthenticationFilter@e6cb694, org.springframework.security.web.savedrequest.RequestCacheAwareFilter@1b0e493, org.springframework.security.web.servletapi.SecurityContextHolderAwareRequestFilter@2c4c5b75, org.springframework.security.web.authentication.AnonymousAuthenticationFilter@6ef693b5, org.springframework.security.web.session.SessionManagementFilter@76026785, org.springframework.security.web.access.ExceptionTranslationFilter@5a80e26e, org.springframework.security.web.access.intercept.AuthorizationFilter@58ff118e]
2026-06-03 18:42:52 [restartedMain] WARN  org.springframework.security.config.annotation.web.builders.WebSecurity - You are asking Spring Security to ignore Ant [pattern='/**/webjars/**']. This is not recommended -- please use permitAll via HttpSecurity#authorizeHttpRequests instead.
2026-06-03 18:42:52 [restartedMain] INFO  org.springframework.security.web.DefaultSecurityFilterChain - Will not secure Ant [pattern='/**/webjars/**']
2026-06-03 18:42:52 [restartedMain] WARN  org.springframework.security.config.annotation.web.builders.WebSecurity - You are asking Spring Security to ignore Ant [pattern='/uploads/**']. This is not recommended -- please use permitAll via HttpSecurity#authorizeHttpRequests instead.
2026-06-03 18:42:52 [restartedMain] INFO  org.springframework.security.web.DefaultSecurityFilterChain - Will not secure Ant [pattern='/uploads/**']
2026-06-03 18:42:52 [restartedMain] WARN  org.springframework.security.config.annotation.web.builders.WebSecurity - You are asking Spring Security to ignore Ant [pattern='/v2/api-docs']. This is not recommended -- please use permitAll via HttpSecurity#authorizeHttpRequests instead.
2026-06-03 18:42:52 [restartedMain] INFO  org.springframework.security.web.DefaultSecurityFilterChain - Will not secure Ant [pattern='/v2/api-docs']
2026-06-03 18:42:52 [restartedMain] WARN  org.springframework.security.config.annotation.web.builders.WebSecurity - You are asking Spring Security to ignore Ant [pattern='/swagger-resources']. This is not recommended -- please use permitAll via HttpSecurity#authorizeHttpRequests instead.
2026-06-03 18:42:52 [restartedMain] INFO  org.springframework.security.web.DefaultSecurityFilterChain - Will not secure Ant [pattern='/swagger-resources']
2026-06-03 18:42:52 [restartedMain] WARN  org.springframework.security.config.annotation.web.builders.WebSecurity - You are asking Spring Security to ignore Ant [pattern='/swagger-resources/**']. This is not recommended -- please use permitAll via HttpSecurity#authorizeHttpRequests instead.
2026-06-03 18:42:52 [restartedMain] INFO  org.springframework.security.web.DefaultSecurityFilterChain - Will not secure Ant [pattern='/swagger-resources/**']
2026-06-03 18:42:52 [restartedMain] WARN  org.springframework.security.config.annotation.web.builders.WebSecurity - You are asking Spring Security to ignore Ant [pattern='/configuration/ui']. This is not recommended -- please use permitAll via HttpSecurity#authorizeHttpRequests instead.
2026-06-03 18:42:52 [restartedMain] INFO  org.springframework.security.web.DefaultSecurityFilterChain - Will not secure Ant [pattern='/configuration/ui']
2026-06-03 18:42:52 [restartedMain] WARN  org.springframework.security.config.annotation.web.builders.WebSecurity - You are asking Spring Security to ignore Ant [pattern='/configuration/security']. This is not recommended -- please use permitAll via HttpSecurity#authorizeHttpRequests instead.
2026-06-03 18:42:52 [restartedMain] INFO  org.springframework.security.web.DefaultSecurityFilterChain - Will not secure Ant [pattern='/configuration/security']
2026-06-03 18:42:52 [restartedMain] WARN  org.springframework.security.config.annotation.web.builders.WebSecurity - You are asking Spring Security to ignore Ant [pattern='/swagger-ui/**']. This is not recommended -- please use permitAll via HttpSecurity#authorizeHttpRequests instead.
2026-06-03 18:42:52 [restartedMain] INFO  org.springframework.security.web.DefaultSecurityFilterChain - Will not secure Ant [pattern='/swagger-ui/**']
2026-06-03 18:42:52 [restartedMain] WARN  org.springframework.security.config.annotation.web.builders.WebSecurity - You are asking Spring Security to ignore Ant [pattern='/webjars/**']. This is not recommended -- please use permitAll via HttpSecurity#authorizeHttpRequests instead.
2026-06-03 18:42:52 [restartedMain] INFO  org.springframework.security.web.DefaultSecurityFilterChain - Will not secure Ant [pattern='/webjars/**']
2026-06-03 18:42:52 [restartedMain] WARN  org.springframework.security.config.annotation.web.builders.WebSecurity - You are asking Spring Security to ignore Ant [pattern='/v3/api-docs/**']. This is not recommended -- please use permitAll via HttpSecurity#authorizeHttpRequests instead.
2026-06-03 18:42:52 [restartedMain] INFO  org.springframework.security.web.DefaultSecurityFilterChain - Will not secure Ant [pattern='/v3/api-docs/**']
2026-06-03 18:42:52 [restartedMain] WARN  org.springframework.security.config.annotation.web.builders.WebSecurity - You are asking Spring Security to ignore Ant [pattern='/actuator/health/**']. This is not recommended -- please use permitAll via HttpSecurity#authorizeHttpRequests instead.
2026-06-03 18:42:52 [restartedMain] INFO  org.springframework.security.web.DefaultSecurityFilterChain - Will not secure Ant [pattern='/actuator/health/**']
2026-06-03 18:42:52 [restartedMain] WARN  org.springframework.security.config.annotation.web.builders.WebSecurity - You are asking Spring Security to ignore Ant [pattern='/actuator/info']. This is not recommended -- please use permitAll via HttpSecurity#authorizeHttpRequests instead.
2026-06-03 18:42:52 [restartedMain] INFO  org.springframework.security.web.DefaultSecurityFilterChain - Will not secure Ant [pattern='/actuator/info']
2026-06-03 18:42:52 [restartedMain] WARN  org.springframework.security.config.annotation.web.builders.WebSecurity - You are asking Spring Security to ignore Ant [pattern='/ninimum/actuator/**']. This is not recommended -- please use permitAll via HttpSecurity#authorizeHttpRequests instead.
2026-06-03 18:42:52 [restartedMain] INFO  org.springframework.security.web.DefaultSecurityFilterChain - Will not secure Ant [pattern='/ninimum/actuator/**']
2026-06-03 18:42:52 [restartedMain] WARN  org.springframework.security.config.annotation.web.builders.WebSecurity - You are asking Spring Security to ignore Ant [pattern='/api/v1/status']. This is not recommended -- please use permitAll via HttpSecurity#authorizeHttpRequests instead.
2026-06-03 18:42:52 [restartedMain] INFO  org.springframework.security.web.DefaultSecurityFilterChain - Will not secure Ant [pattern='/api/v1/status']
2026-06-03 18:42:52 [restartedMain] WARN  org.springframework.security.config.annotation.web.builders.WebSecurity - You are asking Spring Security to ignore Ant [pattern='/ninimum/api/v1/status']. This is not recommended -- please use permitAll via HttpSecurity#authorizeHttpRequests instead.
2026-06-03 18:42:52 [restartedMain] INFO  org.springframework.security.web.DefaultSecurityFilterChain - Will not secure Ant [pattern='/ninimum/api/v1/status']
2026-06-03 18:42:52 [restartedMain] WARN  org.springframework.security.config.annotation.web.builders.WebSecurity - You are asking Spring Security to ignore Ant [pattern='/ninimum/api/v1/user/checkPhoneNumber']. This is not recommended -- please use permitAll via HttpSecurity#authorizeHttpRequests instead.
2026-06-03 18:42:52 [restartedMain] INFO  org.springframework.security.web.DefaultSecurityFilterChain - Will not secure Ant [pattern='/ninimum/api/v1/user/checkPhoneNumber']
2026-06-03 18:42:52 [restartedMain] WARN  org.springframework.security.config.annotation.web.builders.WebSecurity - You are asking Spring Security to ignore Ant [pattern='/ninimum/api/v1/user/register']. This is not recommended -- please use permitAll via HttpSecurity#authorizeHttpRequests instead.
2026-06-03 18:42:52 [restartedMain] INFO  org.springframework.security.web.DefaultSecurityFilterChain - Will not secure Ant [pattern='/ninimum/api/v1/user/register']
2026-06-03 18:42:52 [restartedMain] WARN  org.springframework.security.config.annotation.web.builders.WebSecurity - You are asking Spring Security to ignore Ant [pattern='/ninimum/api/v1/message/verifyPhoneNumber']. This is not recommended -- please use permitAll via HttpSecurity#authorizeHttpRequests instead.
2026-06-03 18:42:52 [restartedMain] INFO  org.springframework.security.web.DefaultSecurityFilterChain - Will not secure Ant [pattern='/ninimum/api/v1/message/verifyPhoneNumber']
2026-06-03 18:42:52 [restartedMain] WARN  org.springframework.security.config.annotation.web.builders.WebSecurity - You are asking Spring Security to ignore Ant [pattern='/error']. This is not recommended -- please use permitAll via HttpSecurity#authorizeHttpRequests instead.
2026-06-03 18:42:52 [restartedMain] INFO  org.springframework.security.web.DefaultSecurityFilterChain - Will not secure Ant [pattern='/error']
2026-06-03 18:42:53 [restartedMain] INFO  com.zaxxer.hikari.HikariDataSource - HikariPool-1 - Starting...
2026-06-03 18:42:54 [restartedMain] INFO  com.zaxxer.hikari.HikariDataSource - HikariPool-1 - Start completed.
2026-06-03 18:42:54 [restartedMain] INFO  org.springframework.boot.devtools.autoconfigure.OptionalLiveReloadServer - LiveReload server is running on port 35729
2026-06-03 18:42:55 [restartedMain] INFO  org.springframework.boot.web.embedded.tomcat.TomcatWebServer - Tomcat started on port(s): 8083 (http) with context path ''
2026-06-03 18:42:55 [restartedMain] INFO  com.ulisesbocchio.jasyptspringboot.caching.RefreshScopeRefreshedEventListener - Refreshing cached encryptable property sources on ServletWebServerInitializedEvent
2026-06-03 18:42:55 [restartedMain] INFO  com.ulisesbocchio.jasyptspringboot.caching.CachingDelegateEncryptablePropertySource - Property Source systemProperties refreshed
2026-06-03 18:42:55 [restartedMain] INFO  com.ulisesbocchio.jasyptspringboot.caching.CachingDelegateEncryptablePropertySource - Property Source systemEnvironment refreshed
2026-06-03 18:42:55 [restartedMain] INFO  com.ulisesbocchio.jasyptspringboot.caching.CachingDelegateEncryptablePropertySource - Property Source random refreshed
2026-06-03 18:42:55 [restartedMain] INFO  com.ulisesbocchio.jasyptspringboot.caching.CachingDelegateEncryptablePropertySource - Property Source Config resource 'class path resource [application.yaml]' via location 'optional:classpath:/' refreshed
2026-06-03 18:42:55 [restartedMain] INFO  com.ulisesbocchio.jasyptspringboot.caching.CachingDelegateEncryptablePropertySource - Property Source devtools refreshed
2026-06-03 18:42:55 [restartedMain] INFO  com.ulisesbocchio.jasyptspringboot.EncryptablePropertySourceConverter - Converting PropertySource server.ports [org.springframework.core.env.MapPropertySource] to EncryptableMapPropertySourceWrapper
2026-06-03 18:42:55 [restartedMain] INFO  com.ulisesbocchio.jasyptspringboot.EncryptablePropertySourceConverter - Skipping PropertySource configurationProperties [class org.springframework.boot.context.properties.source.ConfigurationPropertySourcesPropertySource
2026-06-03 18:42:55 [restartedMain] INFO  com.ulisesbocchio.jasyptspringboot.EncryptablePropertySourceConverter - Skipping PropertySource servletConfigInitParams [class org.springframework.core.env.PropertySource$StubPropertySource
2026-06-03 18:42:55 [restartedMain] INFO  com.ulisesbocchio.jasyptspringboot.EncryptablePropertySourceConverter - Converting PropertySource servletContextInitParams [org.springframework.web.context.support.ServletContextPropertySource] to EncryptableEnumerablePropertySourceWrapper
2026-06-03 18:42:55 [restartedMain] INFO  com.ulisesbocchio.jasyptspringboot.EncryptablePropertySourceConverter - Converting PropertySource Management Server [org.springframework.boot.actuate.autoconfigure.web.server.ManagementContextAutoConfiguration$SameManagementContextConfiguration$1] to EncryptablePropertySourceWrapper
2026-06-03 18:42:55 [restartedMain] INFO  com.ninimum.api.NinimumApplication - Started NinimumApplication in 6.728 seconds (JVM running for 7.823)
2026-06-03 18:43:07 [http-nio-0.0.0.0-8083-exec-1] INFO  org.springframework.web.servlet.DispatcherServlet - Initializing Servlet 'dispatcherServlet'
2026-06-03 18:43:07 [http-nio-0.0.0.0-8083-exec-1] INFO  org.springframework.web.servlet.DispatcherServlet - Completed initialization in 2 ms
2026-06-03 18:43:08 [http-nio-0.0.0.0-8083-exec-4] INFO  org.springdoc.api.AbstractOpenApiResource - Init duration for springdoc-openapi is: 644 ms
2026-06-03 18:44:07 [http-nio-0.0.0.0-8083-exec-5] INFO  com.ninimum.api.security.provider.UserAuthenticationProvider - userId => 998998887766
2026-06-03 18:44:07 [http-nio-0.0.0.0-8083-exec-5] INFO  com.ninimum.api.security.provider.UserAuthenticationProvider - passwd => 123
2026-06-03 18:45:00 [http-nio-0.0.0.0-8083-exec-6] INFO  com.ninimum.api.security.jwt.JwtAuthenticationFilter - bearerToken==> Bearer eyJhbGciOiJIUzI1NiJ9.eyJzdWIiOiI5OTg5OTg4ODc3NjYiLCJhdXRoIjoiVVNFUiIsImV4cCI6MTgxMjAxNTg0N30.7sVVr2TgZUmuZ7uFM3xjPi5LjaxpfmseZTv4ESKH9p0
2026-06-03 18:52:13 [SpringApplicationShutdownHook] INFO  com.zaxxer.hikari.HikariDataSource - HikariPool-1 - Shutdown initiated...
2026-06-03 18:52:13 [SpringApplicationShutdownHook] INFO  com.zaxxer.hikari.HikariDataSource - HikariPool-1 - Shutdown completed.
2026-06-03 18:59:27 [restartedMain] INFO  com.ninimum.api.NinimumApplication - Starting NinimumApplication using Java 17.0.14 on Akmalui-MacBookPro.local with PID 36908 (/Users/akmalbukhariev/Projects/NinimumBackend/NinimumBackend/target/classes started by akmalbukhariev in /Users/akmalbukhariev/Projects/NinimumBackend/NinimumBackend)
2026-06-03 18:59:27 [restartedMain] INFO  com.ninimum.api.NinimumApplication - The following 1 profile is active: "default"
2026-06-03 18:59:27 [restartedMain] INFO  org.springframework.boot.devtools.env.DevToolsPropertyDefaultsPostProcessor - Devtools property defaults active! Set 'spring.devtools.add-properties' to 'false' to disable
2026-06-03 18:59:27 [restartedMain] INFO  org.springframework.boot.devtools.env.DevToolsPropertyDefaultsPostProcessor - For additional web related logging consider setting the 'logging.level.web' property to 'DEBUG'
2026-06-03 18:59:28 [restartedMain] INFO  org.springframework.data.repository.config.RepositoryConfigurationDelegate - Bootstrapping Spring Data JDBC repositories in DEFAULT mode.
2026-06-03 18:59:28 [restartedMain] INFO  org.springframework.data.repository.config.RepositoryConfigurationDelegate - Finished Spring Data repository scanning in 34 ms. Found 0 JDBC repository interfaces.
2026-06-03 18:59:28 [restartedMain] INFO  com.ulisesbocchio.jasyptspringboot.configuration.EnableEncryptablePropertiesBeanFactoryPostProcessor - Post-processing PropertySource instances
2026-06-03 18:59:28 [restartedMain] INFO  com.ulisesbocchio.jasyptspringboot.EncryptablePropertySourceConverter - Skipping PropertySource configurationProperties [class org.springframework.boot.context.properties.source.ConfigurationPropertySourcesPropertySource
2026-06-03 18:59:28 [restartedMain] INFO  com.ulisesbocchio.jasyptspringboot.EncryptablePropertySourceConverter - Skipping PropertySource servletConfigInitParams [class org.springframework.core.env.PropertySource$StubPropertySource
2026-06-03 18:59:28 [restartedMain] INFO  com.ulisesbocchio.jasyptspringboot.EncryptablePropertySourceConverter - Skipping PropertySource servletContextInitParams [class org.springframework.core.env.PropertySource$StubPropertySource
2026-06-03 18:59:28 [restartedMain] INFO  com.ulisesbocchio.jasyptspringboot.EncryptablePropertySourceConverter - Converting PropertySource systemProperties [org.springframework.core.env.PropertiesPropertySource] to EncryptableMapPropertySourceWrapper
2026-06-03 18:59:28 [restartedMain] INFO  com.ulisesbocchio.jasyptspringboot.EncryptablePropertySourceConverter - Converting PropertySource systemEnvironment [org.springframework.boot.env.SystemEnvironmentPropertySourceEnvironmentPostProcessor$OriginAwareSystemEnvironmentPropertySource] to EncryptableSystemEnvironmentPropertySourceWrapper
2026-06-03 18:59:28 [restartedMain] INFO  com.ulisesbocchio.jasyptspringboot.EncryptablePropertySourceConverter - Converting PropertySource random [org.springframework.boot.env.RandomValuePropertySource] to EncryptablePropertySourceWrapper
2026-06-03 18:59:28 [restartedMain] INFO  com.ulisesbocchio.jasyptspringboot.EncryptablePropertySourceConverter - Converting PropertySource Config resource 'class path resource [application.yaml]' via location 'optional:classpath:/' [org.springframework.boot.env.OriginTrackedMapPropertySource] to EncryptableMapPropertySourceWrapper
2026-06-03 18:59:28 [restartedMain] INFO  com.ulisesbocchio.jasyptspringboot.EncryptablePropertySourceConverter - Converting PropertySource devtools [org.springframework.core.env.MapPropertySource] to EncryptableMapPropertySourceWrapper
2026-06-03 18:59:29 [restartedMain] INFO  com.ulisesbocchio.jasyptspringboot.filter.DefaultLazyPropertyFilter - Property Filter custom Bean not found with name 'encryptablePropertyFilter'. Initializing Default Property Filter
2026-06-03 18:59:29 [restartedMain] INFO  com.ulisesbocchio.jasyptspringboot.resolver.DefaultLazyPropertyResolver - Property Resolver custom Bean not found with name 'encryptablePropertyResolver'. Initializing Default Property Resolver
2026-06-03 18:59:29 [restartedMain] INFO  com.ulisesbocchio.jasyptspringboot.detector.DefaultLazyPropertyDetector - Property Detector custom Bean not found with name 'encryptablePropertyDetector'. Initializing Default Property Detector
2026-06-03 18:59:29 [restartedMain] INFO  org.springframework.boot.web.embedded.tomcat.TomcatWebServer - Tomcat initialized with port(s): 8083 (http)
2026-06-03 18:59:29 [restartedMain] INFO  org.springframework.boot.web.servlet.context.ServletWebServerApplicationContext - Root WebApplicationContext: initialization completed in 2247 ms
2026-06-03 18:59:31 [restartedMain] INFO  org.springframework.boot.actuate.endpoint.web.EndpointLinksResolver - Exposing 2 endpoint(s) beneath base path '/actuator'
2026-06-03 18:59:31 [restartedMain] INFO  org.springframework.security.web.DefaultSecurityFilterChain - Will secure any request with [org.springframework.security.web.session.DisableEncodeUrlFilter@4f4b1ba1, org.springframework.security.web.context.request.async.WebAsyncManagerIntegrationFilter@51871062, org.springframework.security.web.context.SecurityContextPersistenceFilter@165c5f18, org.springframework.security.web.header.HeaderWriterFilter@16fc806d, org.springframework.web.filter.CorsFilter@1d31dc3d, org.springframework.security.web.authentication.logout.LogoutFilter@25e2e6f, com.ninimum.api.security.jwt.JwtAuthenticationFilter@1dba397a, com.ninimum.api.security.filter.UserAuthenticationFilter@abbaf7f, com.ninimum.api.security.filter.AdminAuthenticationFilter@6356aa4a, org.springframework.security.web.savedrequest.RequestCacheAwareFilter@66209c1b, org.springframework.security.web.servletapi.SecurityContextHolderAwareRequestFilter@796537f6, org.springframework.security.web.authentication.AnonymousAuthenticationFilter@70955229, org.springframework.security.web.session.SessionManagementFilter@5e5bf599, org.springframework.security.web.access.ExceptionTranslationFilter@4b0eede6, org.springframework.security.web.access.intercept.AuthorizationFilter@325590ea]
2026-06-03 18:59:31 [restartedMain] WARN  org.springframework.security.config.annotation.web.builders.WebSecurity - You are asking Spring Security to ignore Ant [pattern='/**/webjars/**']. This is not recommended -- please use permitAll via HttpSecurity#authorizeHttpRequests instead.
2026-06-03 18:59:31 [restartedMain] INFO  org.springframework.security.web.DefaultSecurityFilterChain - Will not secure Ant [pattern='/**/webjars/**']
2026-06-03 18:59:31 [restartedMain] WARN  org.springframework.security.config.annotation.web.builders.WebSecurity - You are asking Spring Security to ignore Ant [pattern='/uploads/**']. This is not recommended -- please use permitAll via HttpSecurity#authorizeHttpRequests instead.
2026-06-03 18:59:31 [restartedMain] INFO  org.springframework.security.web.DefaultSecurityFilterChain - Will not secure Ant [pattern='/uploads/**']
2026-06-03 18:59:31 [restartedMain] WARN  org.springframework.security.config.annotation.web.builders.WebSecurity - You are asking Spring Security to ignore Ant [pattern='/v2/api-docs']. This is not recommended -- please use permitAll via HttpSecurity#authorizeHttpRequests instead.
2026-06-03 18:59:31 [restartedMain] INFO  org.springframework.security.web.DefaultSecurityFilterChain - Will not secure Ant [pattern='/v2/api-docs']
2026-06-03 18:59:31 [restartedMain] WARN  org.springframework.security.config.annotation.web.builders.WebSecurity - You are asking Spring Security to ignore Ant [pattern='/swagger-resources']. This is not recommended -- please use permitAll via HttpSecurity#authorizeHttpRequests instead.
2026-06-03 18:59:31 [restartedMain] INFO  org.springframework.security.web.DefaultSecurityFilterChain - Will not secure Ant [pattern='/swagger-resources']
2026-06-03 18:59:31 [restartedMain] WARN  org.springframework.security.config.annotation.web.builders.WebSecurity - You are asking Spring Security to ignore Ant [pattern='/swagger-resources/**']. This is not recommended -- please use permitAll via HttpSecurity#authorizeHttpRequests instead.
2026-06-03 18:59:31 [restartedMain] INFO  org.springframework.security.web.DefaultSecurityFilterChain - Will not secure Ant [pattern='/swagger-resources/**']
2026-06-03 18:59:31 [restartedMain] WARN  org.springframework.security.config.annotation.web.builders.WebSecurity - You are asking Spring Security to ignore Ant [pattern='/configuration/ui']. This is not recommended -- please use permitAll via HttpSecurity#authorizeHttpRequests instead.
2026-06-03 18:59:31 [restartedMain] INFO  org.springframework.security.web.DefaultSecurityFilterChain - Will not secure Ant [pattern='/configuration/ui']
2026-06-03 18:59:31 [restartedMain] WARN  org.springframework.security.config.annotation.web.builders.WebSecurity - You are asking Spring Security to ignore Ant [pattern='/configuration/security']. This is not recommended -- please use permitAll via HttpSecurity#authorizeHttpRequests instead.
2026-06-03 18:59:31 [restartedMain] INFO  org.springframework.security.web.DefaultSecurityFilterChain - Will not secure Ant [pattern='/configuration/security']
2026-06-03 18:59:31 [restartedMain] WARN  org.springframework.security.config.annotation.web.builders.WebSecurity - You are asking Spring Security to ignore Ant [pattern='/swagger-ui/**']. This is not recommended -- please use permitAll via HttpSecurity#authorizeHttpRequests instead.
2026-06-03 18:59:31 [restartedMain] INFO  org.springframework.security.web.DefaultSecurityFilterChain - Will not secure Ant [pattern='/swagger-ui/**']
2026-06-03 18:59:31 [restartedMain] WARN  org.springframework.security.config.annotation.web.builders.WebSecurity - You are asking Spring Security to ignore Ant [pattern='/webjars/**']. This is not recommended -- please use permitAll via HttpSecurity#authorizeHttpRequests instead.
2026-06-03 18:59:31 [restartedMain] INFO  org.springframework.security.web.DefaultSecurityFilterChain - Will not secure Ant [pattern='/webjars/**']
2026-06-03 18:59:31 [restartedMain] WARN  org.springframework.security.config.annotation.web.builders.WebSecurity - You are asking Spring Security to ignore Ant [pattern='/v3/api-docs/**']. This is not recommended -- please use permitAll via HttpSecurity#authorizeHttpRequests instead.
2026-06-03 18:59:31 [restartedMain] INFO  org.springframework.security.web.DefaultSecurityFilterChain - Will not secure Ant [pattern='/v3/api-docs/**']
2026-06-03 18:59:31 [restartedMain] WARN  org.springframework.security.config.annotation.web.builders.WebSecurity - You are asking Spring Security to ignore Ant [pattern='/actuator/health/**']. This is not recommended -- please use permitAll via HttpSecurity#authorizeHttpRequests instead.
2026-06-03 18:59:31 [restartedMain] INFO  org.springframework.security.web.DefaultSecurityFilterChain - Will not secure Ant [pattern='/actuator/health/**']
2026-06-03 18:59:31 [restartedMain] WARN  org.springframework.security.config.annotation.web.builders.WebSecurity - You are asking Spring Security to ignore Ant [pattern='/actuator/info']. This is not recommended -- please use permitAll via HttpSecurity#authorizeHttpRequests instead.
2026-06-03 18:59:31 [restartedMain] INFO  org.springframework.security.web.DefaultSecurityFilterChain - Will not secure Ant [pattern='/actuator/info']
2026-06-03 18:59:31 [restartedMain] WARN  org.springframework.security.config.annotation.web.builders.WebSecurity - You are asking Spring Security to ignore Ant [pattern='/ninimum/actuator/**']. This is not recommended -- please use permitAll via HttpSecurity#authorizeHttpRequests instead.
2026-06-03 18:59:31 [restartedMain] INFO  org.springframework.security.web.DefaultSecurityFilterChain - Will not secure Ant [pattern='/ninimum/actuator/**']
2026-06-03 18:59:31 [restartedMain] WARN  org.springframework.security.config.annotation.web.builders.WebSecurity - You are asking Spring Security to ignore Ant [pattern='/api/v1/status']. This is not recommended -- please use permitAll via HttpSecurity#authorizeHttpRequests instead.
2026-06-03 18:59:31 [restartedMain] INFO  org.springframework.security.web.DefaultSecurityFilterChain - Will not secure Ant [pattern='/api/v1/status']
2026-06-03 18:59:31 [restartedMain] WARN  org.springframework.security.config.annotation.web.builders.WebSecurity - You are asking Spring Security to ignore Ant [pattern='/ninimum/api/v1/status']. This is not recommended -- please use permitAll via HttpSecurity#authorizeHttpRequests instead.
2026-06-03 18:59:31 [restartedMain] INFO  org.springframework.security.web.DefaultSecurityFilterChain - Will not secure Ant [pattern='/ninimum/api/v1/status']
2026-06-03 18:59:31 [restartedMain] WARN  org.springframework.security.config.annotation.web.builders.WebSecurity - You are asking Spring Security to ignore Ant [pattern='/ninimum/api/v1/user/checkPhoneNumber']. This is not recommended -- please use permitAll via HttpSecurity#authorizeHttpRequests instead.
2026-06-03 18:59:31 [restartedMain] INFO  org.springframework.security.web.DefaultSecurityFilterChain - Will not secure Ant [pattern='/ninimum/api/v1/user/checkPhoneNumber']
2026-06-03 18:59:31 [restartedMain] WARN  org.springframework.security.config.annotation.web.builders.WebSecurity - You are asking Spring Security to ignore Ant [pattern='/ninimum/api/v1/user/register']. This is not recommended -- please use permitAll via HttpSecurity#authorizeHttpRequests instead.
2026-06-03 18:59:31 [restartedMain] INFO  org.springframework.security.web.DefaultSecurityFilterChain - Will not secure Ant [pattern='/ninimum/api/v1/user/register']
2026-06-03 18:59:31 [restartedMain] WARN  org.springframework.security.config.annotation.web.builders.WebSecurity - You are asking Spring Security to ignore Ant [pattern='/ninimum/api/v1/message/verifyPhoneNumber']. This is not recommended -- please use permitAll via HttpSecurity#authorizeHttpRequests instead.
2026-06-03 18:59:31 [restartedMain] INFO  org.springframework.security.web.DefaultSecurityFilterChain - Will not secure Ant [pattern='/ninimum/api/v1/message/verifyPhoneNumber']
2026-06-03 18:59:31 [restartedMain] WARN  org.springframework.security.config.annotation.web.builders.WebSecurity - You are asking Spring Security to ignore Ant [pattern='/error']. This is not recommended -- please use permitAll via HttpSecurity#authorizeHttpRequests instead.
2026-06-03 18:59:31 [restartedMain] INFO  org.springframework.security.web.DefaultSecurityFilterChain - Will not secure Ant [pattern='/error']
2026-06-03 18:59:31 [restartedMain] INFO  com.zaxxer.hikari.HikariDataSource - HikariPool-1 - Starting...
2026-06-03 18:59:32 [restartedMain] INFO  com.zaxxer.hikari.HikariDataSource - HikariPool-1 - Start completed.
2026-06-03 18:59:33 [restartedMain] INFO  org.springframework.boot.devtools.autoconfigure.OptionalLiveReloadServer - LiveReload server is running on port 35729
2026-06-03 18:59:33 [restartedMain] INFO  org.springframework.boot.web.embedded.tomcat.TomcatWebServer - Tomcat started on port(s): 8083 (http) with context path ''
2026-06-03 18:59:33 [restartedMain] INFO  com.ulisesbocchio.jasyptspringboot.caching.RefreshScopeRefreshedEventListener - Refreshing cached encryptable property sources on ServletWebServerInitializedEvent
2026-06-03 18:59:33 [restartedMain] INFO  com.ulisesbocchio.jasyptspringboot.caching.CachingDelegateEncryptablePropertySource - Property Source systemProperties refreshed
2026-06-03 18:59:33 [restartedMain] INFO  com.ulisesbocchio.jasyptspringboot.caching.CachingDelegateEncryptablePropertySource - Property Source systemEnvironment refreshed
2026-06-03 18:59:33 [restartedMain] INFO  com.ulisesbocchio.jasyptspringboot.caching.CachingDelegateEncryptablePropertySource - Property Source random refreshed
2026-06-03 18:59:33 [restartedMain] INFO  com.ulisesbocchio.jasyptspringboot.caching.CachingDelegateEncryptablePropertySource - Property Source Config resource 'class path resource [application.yaml]' via location 'optional:classpath:/' refreshed
2026-06-03 18:59:33 [restartedMain] INFO  com.ulisesbocchio.jasyptspringboot.caching.CachingDelegateEncryptablePropertySource - Property Source devtools refreshed
2026-06-03 18:59:33 [restartedMain] INFO  com.ulisesbocchio.jasyptspringboot.EncryptablePropertySourceConverter - Converting PropertySource server.ports [org.springframework.core.env.MapPropertySource] to EncryptableMapPropertySourceWrapper
2026-06-03 18:59:33 [restartedMain] INFO  com.ulisesbocchio.jasyptspringboot.EncryptablePropertySourceConverter - Skipping PropertySource configurationProperties [class org.springframework.boot.context.properties.source.ConfigurationPropertySourcesPropertySource
2026-06-03 18:59:33 [restartedMain] INFO  com.ulisesbocchio.jasyptspringboot.EncryptablePropertySourceConverter - Skipping PropertySource servletConfigInitParams [class org.springframework.core.env.PropertySource$StubPropertySource
2026-06-03 18:59:33 [restartedMain] INFO  com.ulisesbocchio.jasyptspringboot.EncryptablePropertySourceConverter - Converting PropertySource servletContextInitParams [org.springframework.web.context.support.ServletContextPropertySource] to EncryptableEnumerablePropertySourceWrapper
2026-06-03 18:59:33 [restartedMain] INFO  com.ulisesbocchio.jasyptspringboot.EncryptablePropertySourceConverter - Converting PropertySource Management Server [org.springframework.boot.actuate.autoconfigure.web.server.ManagementContextAutoConfiguration$SameManagementContextConfiguration$1] to EncryptablePropertySourceWrapper
2026-06-03 18:59:33 [restartedMain] INFO  com.ninimum.api.NinimumApplication - Started NinimumApplication in 6.371 seconds (JVM running for 7.522)
2026-06-03 19:00:08 [http-nio-0.0.0.0-8083-exec-1] INFO  org.springframework.web.servlet.DispatcherServlet - Initializing Servlet 'dispatcherServlet'
2026-06-03 19:00:08 [http-nio-0.0.0.0-8083-exec-1] INFO  org.springframework.web.servlet.DispatcherServlet - Completed initialization in 3 ms
2026-06-03 19:00:08 [http-nio-0.0.0.0-8083-exec-4] INFO  org.springdoc.api.AbstractOpenApiResource - Init duration for springdoc-openapi is: 733 ms
2026-06-03 19:01:25 [http-nio-0.0.0.0-8083-exec-6] INFO  com.ninimum.api.security.provider.UserAuthenticationProvider - userId => 998998887766
2026-06-03 19:01:25 [http-nio-0.0.0.0-8083-exec-6] INFO  com.ninimum.api.security.provider.UserAuthenticationProvider - passwd => 123
2026-06-03 19:02:55 [http-nio-0.0.0.0-8083-exec-8] INFO  com.ninimum.api.security.jwt.JwtAuthenticationFilter - bearerToken==> Bearer eyJhbGciOiJIUzI1NiJ9.eyJzdWIiOiI5OTg5OTg4ODc3NjYiLCJhdXRoIjoiVVNFUiIsImV4cCI6MTgxMjAxNjg4Nn0.ZdW5oXEWeZrnOg9qRJBKfdZMSau_TZck-5vHYBCPzjw
2026-06-03 19:03:36 [http-nio-0.0.0.0-8083-exec-9] INFO  com.ninimum.api.security.jwt.JwtAuthenticationFilter - bearerToken==> Bearer eyJhbGciOiJIUzI1NiJ9.eyJzdWIiOiI5OTg5OTg4ODc3NjYiLCJhdXRoIjoiVVNFUiIsImV4cCI6MTgxMjAxNjg4Nn0.ZdW5oXEWeZrnOg9qRJBKfdZMSau_TZck-5vHYBCPzjw
2026-06-03 19:03:37 [http-nio-0.0.0.0-8083-exec-9] ERROR com.ninimum.api.product.controller.ProductController - ProductController => getProductList: 
org.mybatis.spring.MyBatisSystemException: nested exception is org.apache.ibatis.reflection.ReflectionException: There is no getter for property named 'userId' in 'class com.ninimum.api.param.ProductListParam'
	at org.mybatis.spring.MyBatisExceptionTranslator.translateExceptionIfPossible(MyBatisExceptionTranslator.java:96) ~[mybatis-spring-2.0.7.jar:2.0.7]
	at org.mybatis.spring.SqlSessionTemplate$SqlSessionInterceptor.invoke(SqlSessionTemplate.java:441) ~[mybatis-spring-2.0.7.jar:2.0.7]
	at jdk.proxy2.$Proxy115.selectList(Unknown Source) ~[?:?]
	at org.mybatis.spring.SqlSessionTemplate.selectList(SqlSessionTemplate.java:224) ~[mybatis-spring-2.0.7.jar:2.0.7]
	at org.apache.ibatis.binding.MapperMethod.executeForMany(MapperMethod.java:147) ~[mybatis-3.5.9.jar:3.5.9]
	at org.apache.ibatis.binding.MapperMethod.execute(MapperMethod.java:80) ~[mybatis-3.5.9.jar:3.5.9]
	at org.apache.ibatis.binding.MapperProxy$PlainMethodInvoker.invoke(MapperProxy.java:145) ~[mybatis-3.5.9.jar:3.5.9]
	at org.apache.ibatis.binding.MapperProxy.invoke(MapperProxy.java:86) ~[mybatis-3.5.9.jar:3.5.9]
	at jdk.proxy3.$Proxy130.getProductList(Unknown Source) ~[?:?]
	at com.ninimum.api.product.service.impl.ProductService.getProductList(ProductService.java:85) ~[classes/:?]
	at com.ninimum.api.product.service.impl.ProductService$$FastClassBySpringCGLIB$$6c50e75c.invoke(<generated>) ~[classes/:?]
	at org.springframework.cglib.proxy.MethodProxy.invoke(MethodProxy.java:218) ~[spring-core-5.3.21.jar:5.3.21]
	at org.springframework.aop.framework.CglibAopProxy.invokeMethod(CglibAopProxy.java:386) ~[spring-aop-5.3.21.jar:5.3.21]
	at org.springframework.aop.framework.CglibAopProxy.access$000(CglibAopProxy.java:85) ~[spring-aop-5.3.21.jar:5.3.21]
	at org.springframework.aop.framework.CglibAopProxy$DynamicAdvisedInterceptor.intercept(CglibAopProxy.java:704) ~[spring-aop-5.3.21.jar:5.3.21]
	at com.ninimum.api.product.service.impl.ProductService$$EnhancerBySpringCGLIB$$100984f5.getProductList(<generated>) ~[classes/:?]
	at com.ninimum.api.product.controller.ProductController.getProductList(ProductController.java:74) ~[classes/:?]
	at jdk.internal.reflect.NativeMethodAccessorImpl.invoke0(Native Method) ~[?:?]
	at jdk.internal.reflect.NativeMethodAccessorImpl.invoke(NativeMethodAccessorImpl.java:77) ~[?:?]
	at jdk.internal.reflect.DelegatingMethodAccessorImpl.invoke(DelegatingMethodAccessorImpl.java:43) ~[?:?]
	at java.lang.reflect.Method.invoke(Method.java:569) ~[?:?]
	at org.springframework.web.method.support.InvocableHandlerMethod.doInvoke(InvocableHandlerMethod.java:205) ~[spring-web-5.3.21.jar:5.3.21]
	at org.springframework.web.method.support.InvocableHandlerMethod.invokeForRequest(InvocableHandlerMethod.java:150) ~[spring-web-5.3.21.jar:5.3.21]
	at org.springframework.web.servlet.mvc.method.annotation.ServletInvocableHandlerMethod.invokeAndHandle(ServletInvocableHandlerMethod.java:117) ~[spring-webmvc-5.3.21.jar:5.3.21]
	at org.springframework.web.servlet.mvc.method.annotation.RequestMappingHandlerAdapter.invokeHandlerMethod(RequestMappingHandlerAdapter.java:895) ~[spring-webmvc-5.3.21.jar:5.3.21]
	at org.springframework.web.servlet.mvc.method.annotation.RequestMappingHandlerAdapter.handleInternal(RequestMappingHandlerAdapter.java:808) ~[spring-webmvc-5.3.21.jar:5.3.21]
	at org.springframework.web.servlet.mvc.method.AbstractHandlerMethodAdapter.handle(AbstractHandlerMethodAdapter.java:87) ~[spring-webmvc-5.3.21.jar:5.3.21]
	at org.springframework.web.servlet.DispatcherServlet.doDispatch(DispatcherServlet.java:1067) ~[spring-webmvc-5.3.21.jar:5.3.21]
	at org.springframework.web.servlet.DispatcherServlet.doService(DispatcherServlet.java:963) ~[spring-webmvc-5.3.21.jar:5.3.21]
	at org.springframework.web.servlet.FrameworkServlet.processRequest(FrameworkServlet.java:1006) ~[spring-webmvc-5.3.21.jar:5.3.21]
	at org.springframework.web.servlet.FrameworkServlet.doPost(FrameworkServlet.java:909) ~[spring-webmvc-5.3.21.jar:5.3.21]
	at javax.servlet.http.HttpServlet.service(HttpServlet.java:681) ~[tomcat-embed-core-9.0.64.jar:4.0.FR]
	at org.springframework.web.servlet.FrameworkServlet.service(FrameworkServlet.java:883) ~[spring-webmvc-5.3.21.jar:5.3.21]
	at javax.servlet.http.HttpServlet.service(HttpServlet.java:764) ~[tomcat-embed-core-9.0.64.jar:4.0.FR]
	at org.apache.catalina.core.ApplicationFilterChain.internalDoFilter(ApplicationFilterChain.java:227) ~[tomcat-embed-core-9.0.64.jar:9.0.64]
	at org.apache.catalina.core.ApplicationFilterChain.doFilter(ApplicationFilterChain.java:162) ~[tomcat-embed-core-9.0.64.jar:9.0.64]
	at org.apache.tomcat.websocket.server.WsFilter.doFilter(WsFilter.java:53) ~[tomcat-embed-websocket-9.0.64.jar:9.0.64]
	at org.apache.catalina.core.ApplicationFilterChain.internalDoFilter(ApplicationFilterChain.java:189) ~[tomcat-embed-core-9.0.64.jar:9.0.64]
	at org.apache.catalina.core.ApplicationFilterChain.doFilter(ApplicationFilterChain.java:162) ~[tomcat-embed-core-9.0.64.jar:9.0.64]
	at org.springframework.security.web.FilterChainProxy$VirtualFilterChain.doFilter(FilterChainProxy.java:327) ~[spring-security-web-5.7.2.jar:5.7.2]
	at org.springframework.security.web.access.intercept.AuthorizationFilter.doFilterInternal(AuthorizationFilter.java:73) ~[spring-security-web-5.7.2.jar:5.7.2]
	at org.springframework.web.filter.OncePerRequestFilter.doFilter(OncePerRequestFilter.java:117) ~[spring-web-5.3.21.jar:5.3.21]
	at org.springframework.security.web.FilterChainProxy$VirtualFilterChain.doFilter(FilterChainProxy.java:336) ~[spring-security-web-5.7.2.jar:5.7.2]
	at org.springframework.security.web.access.ExceptionTranslationFilter.doFilter(ExceptionTranslationFilter.java:122) ~[spring-security-web-5.7.2.jar:5.7.2]
	at org.springframework.security.web.access.ExceptionTranslationFilter.doFilter(ExceptionTranslationFilter.java:116) ~[spring-security-web-5.7.2.jar:5.7.2]
	at org.springframework.security.web.FilterChainProxy$VirtualFilterChain.doFilter(FilterChainProxy.java:336) ~[spring-security-web-5.7.2.jar:5.7.2]
	at org.springframework.security.web.session.SessionManagementFilter.doFilter(SessionManagementFilter.java:126) ~[spring-security-web-5.7.2.jar:5.7.2]
	at org.springframework.security.web.session.SessionManagementFilter.doFilter(SessionManagementFilter.java:81) ~[spring-security-web-5.7.2.jar:5.7.2]
	at org.springframework.security.web.FilterChainProxy$VirtualFilterChain.doFilter(FilterChainProxy.java:336) ~[spring-security-web-5.7.2.jar:5.7.2]
	at org.springframework.security.web.authentication.AnonymousAuthenticationFilter.doFilter(AnonymousAuthenticationFilter.java:109) ~[spring-security-web-5.7.2.jar:5.7.2]
	at org.springframework.security.web.FilterChainProxy$VirtualFilterChain.doFilter(FilterChainProxy.java:336) ~[spring-security-web-5.7.2.jar:5.7.2]
	at org.springframework.security.web.servletapi.SecurityContextHolderAwareRequestFilter.doFilter(SecurityContextHolderAwareRequestFilter.java:149) ~[spring-security-web-5.7.2.jar:5.7.2]
	at org.springframework.security.web.FilterChainProxy$VirtualFilterChain.doFilter(FilterChainProxy.java:336) ~[spring-security-web-5.7.2.jar:5.7.2]
	at org.springframework.security.web.savedrequest.RequestCacheAwareFilter.doFilter(RequestCacheAwareFilter.java:63) ~[spring-security-web-5.7.2.jar:5.7.2]
	at org.springframework.security.web.FilterChainProxy$VirtualFilterChain.doFilter(FilterChainProxy.java:336) ~[spring-security-web-5.7.2.jar:5.7.2]
	at org.springframework.security.web.authentication.AbstractAuthenticationProcessingFilter.doFilter(AbstractAuthenticationProcessingFilter.java:223) ~[spring-security-web-5.7.2.jar:5.7.2]
	at org.springframework.security.web.authentication.AbstractAuthenticationProcessingFilter.doFilter(AbstractAuthenticationProcessingFilter.java:217) ~[spring-security-web-5.7.2.jar:5.7.2]
	at org.springframework.security.web.FilterChainProxy$VirtualFilterChain.doFilter(FilterChainProxy.java:336) ~[spring-security-web-5.7.2.jar:5.7.2]
	at org.springframework.security.web.authentication.AbstractAuthenticationProcessingFilter.doFilter(AbstractAuthenticationProcessingFilter.java:223) ~[spring-security-web-5.7.2.jar:5.7.2]
	at org.springframework.security.web.authentication.AbstractAuthenticationProcessingFilter.doFilter(AbstractAuthenticationProcessingFilter.java:217) ~[spring-security-web-5.7.2.jar:5.7.2]
	at org.springframework.security.web.FilterChainProxy$VirtualFilterChain.doFilter(FilterChainProxy.java:336) ~[spring-security-web-5.7.2.jar:5.7.2]
	at com.ninimum.api.security.jwt.JwtAuthenticationFilter.doFilterInternal(JwtAuthenticationFilter.java:95) ~[classes/:?]
	at org.springframework.web.filter.OncePerRequestFilter.doFilter(OncePerRequestFilter.java:117) ~[spring-web-5.3.21.jar:5.3.21]
	at org.springframework.security.web.FilterChainProxy$VirtualFilterChain.doFilter(FilterChainProxy.java:336) ~[spring-security-web-5.7.2.jar:5.7.2]
	at org.springframework.security.web.authentication.logout.LogoutFilter.doFilter(LogoutFilter.java:103) ~[spring-security-web-5.7.2.jar:5.7.2]
	at org.springframework.security.web.authentication.logout.LogoutFilter.doFilter(LogoutFilter.java:89) ~[spring-security-web-5.7.2.jar:5.7.2]
	at org.springframework.security.web.FilterChainProxy$VirtualFilterChain.doFilter(FilterChainProxy.java:336) ~[spring-security-web-5.7.2.jar:5.7.2]
	at org.springframework.web.filter.CorsFilter.doFilterInternal(CorsFilter.java:91) ~[spring-web-5.3.21.jar:5.3.21]
	at org.springframework.web.filter.OncePerRequestFilter.doFilter(OncePerRequestFilter.java:117) ~[spring-web-5.3.21.jar:5.3.21]
	at org.springframework.security.web.FilterChainProxy$VirtualFilterChain.doFilter(FilterChainProxy.java:336) ~[spring-security-web-5.7.2.jar:5.7.2]
	at org.springframework.security.web.header.HeaderWriterFilter.doHeadersAfter(HeaderWriterFilter.java:90) ~[spring-security-web-5.7.2.jar:5.7.2]
	at org.springframework.security.web.header.HeaderWriterFilter.doFilterInternal(HeaderWriterFilter.java:75) ~[spring-security-web-5.7.2.jar:5.7.2]
	at org.springframework.web.filter.OncePerRequestFilter.doFilter(OncePerRequestFilter.java:117) ~[spring-web-5.3.21.jar:5.3.21]
	at org.springframework.security.web.FilterChainProxy$VirtualFilterChain.doFilter(FilterChainProxy.java:336) ~[spring-security-web-5.7.2.jar:5.7.2]
	at org.springframework.security.web.context.SecurityContextPersistenceFilter.doFilter(SecurityContextPersistenceFilter.java:112) ~[spring-security-web-5.7.2.jar:5.7.2]
	at org.springframework.security.web.context.SecurityContextPersistenceFilter.doFilter(SecurityContextPersistenceFilter.java:82) ~[spring-security-web-5.7.2.jar:5.7.2]
	at org.springframework.security.web.FilterChainProxy$VirtualFilterChain.doFilter(FilterChainProxy.java:336) ~[spring-security-web-5.7.2.jar:5.7.2]
	at org.springframework.security.web.context.request.async.WebAsyncManagerIntegrationFilter.doFilterInternal(WebAsyncManagerIntegrationFilter.java:55) ~[spring-security-web-5.7.2.jar:5.7.2]
	at org.springframework.web.filter.OncePerRequestFilter.doFilter(OncePerRequestFilter.java:117) ~[spring-web-5.3.21.jar:5.3.21]
	at org.springframework.security.web.FilterChainProxy$VirtualFilterChain.doFilter(FilterChainProxy.java:336) ~[spring-security-web-5.7.2.jar:5.7.2]
	at org.springframework.security.web.session.DisableEncodeUrlFilter.doFilterInternal(DisableEncodeUrlFilter.java:42) ~[spring-security-web-5.7.2.jar:5.7.2]
	at org.springframework.web.filter.OncePerRequestFilter.doFilter(OncePerRequestFilter.java:117) ~[spring-web-5.3.21.jar:5.3.21]
	at org.springframework.security.web.FilterChainProxy$VirtualFilterChain.doFilter(FilterChainProxy.java:336) ~[spring-security-web-5.7.2.jar:5.7.2]
	at org.springframework.security.web.FilterChainProxy.doFilterInternal(FilterChainProxy.java:211) ~[spring-security-web-5.7.2.jar:5.7.2]
	at org.springframework.security.web.FilterChainProxy.doFilter(FilterChainProxy.java:183) ~[spring-security-web-5.7.2.jar:5.7.2]
	at org.springframework.web.filter.DelegatingFilterProxy.invokeDelegate(DelegatingFilterProxy.java:354) ~[spring-web-5.3.21.jar:5.3.21]
	at org.springframework.web.filter.DelegatingFilterProxy.doFilter(DelegatingFilterProxy.java:267) ~[spring-web-5.3.21.jar:5.3.21]
	at org.apache.catalina.core.ApplicationFilterChain.internalDoFilter(ApplicationFilterChain.java:189) ~[tomcat-embed-core-9.0.64.jar:9.0.64]
	at org.apache.catalina.core.ApplicationFilterChain.doFilter(ApplicationFilterChain.java:162) ~[tomcat-embed-core-9.0.64.jar:9.0.64]
	at org.springframework.web.filter.RequestContextFilter.doFilterInternal(RequestContextFilter.java:100) ~[spring-web-5.3.21.jar:5.3.21]
	at org.springframework.web.filter.OncePerRequestFilter.doFilter(OncePerRequestFilter.java:117) ~[spring-web-5.3.21.jar:5.3.21]
	at org.apache.catalina.core.ApplicationFilterChain.internalDoFilter(ApplicationFilterChain.java:189) ~[tomcat-embed-core-9.0.64.jar:9.0.64]
	at org.apache.catalina.core.ApplicationFilterChain.doFilter(ApplicationFilterChain.java:162) ~[tomcat-embed-core-9.0.64.jar:9.0.64]
	at org.springframework.web.filter.FormContentFilter.doFilterInternal(FormContentFilter.java:93) ~[spring-web-5.3.21.jar:5.3.21]
	at org.springframework.web.filter.OncePerRequestFilter.doFilter(OncePerRequestFilter.java:117) ~[spring-web-5.3.21.jar:5.3.21]
	at org.apache.catalina.core.ApplicationFilterChain.internalDoFilter(ApplicationFilterChain.java:189) ~[tomcat-embed-core-9.0.64.jar:9.0.64]
	at org.apache.catalina.core.ApplicationFilterChain.doFilter(ApplicationFilterChain.java:162) ~[tomcat-embed-core-9.0.64.jar:9.0.64]
	at org.springframework.boot.actuate.metrics.web.servlet.WebMvcMetricsFilter.doFilterInternal(WebMvcMetricsFilter.java:96) ~[spring-boot-actuator-2.7.1.jar:2.7.1]
	at org.springframework.web.filter.OncePerRequestFilter.doFilter(OncePerRequestFilter.java:117) ~[spring-web-5.3.21.jar:5.3.21]
	at org.apache.catalina.core.ApplicationFilterChain.internalDoFilter(ApplicationFilterChain.java:189) ~[tomcat-embed-core-9.0.64.jar:9.0.64]
	at org.apache.catalina.core.ApplicationFilterChain.doFilter(ApplicationFilterChain.java:162) ~[tomcat-embed-core-9.0.64.jar:9.0.64]
	at org.springframework.web.filter.CharacterEncodingFilter.doFilterInternal(CharacterEncodingFilter.java:201) ~[spring-web-5.3.21.jar:5.3.21]
	at org.springframework.web.filter.OncePerRequestFilter.doFilter(OncePerRequestFilter.java:117) ~[spring-web-5.3.21.jar:5.3.21]
	at org.apache.catalina.core.ApplicationFilterChain.internalDoFilter(ApplicationFilterChain.java:189) ~[tomcat-embed-core-9.0.64.jar:9.0.64]
	at org.apache.catalina.core.ApplicationFilterChain.doFilter(ApplicationFilterChain.java:162) ~[tomcat-embed-core-9.0.64.jar:9.0.64]
	at org.apache.catalina.core.StandardWrapperValve.invoke(StandardWrapperValve.java:197) ~[tomcat-embed-core-9.0.64.jar:9.0.64]
	at org.apache.catalina.core.StandardContextValve.invoke(StandardContextValve.java:97) ~[tomcat-embed-core-9.0.64.jar:9.0.64]
	at org.apache.catalina.authenticator.AuthenticatorBase.invoke(AuthenticatorBase.java:541) ~[tomcat-embed-core-9.0.64.jar:9.0.64]
	at org.apache.catalina.core.StandardHostValve.invoke(StandardHostValve.java:135) ~[tomcat-embed-core-9.0.64.jar:9.0.64]
	at org.apache.catalina.valves.ErrorReportValve.invoke(ErrorReportValve.java:92) ~[tomcat-embed-core-9.0.64.jar:9.0.64]
	at org.apache.catalina.core.StandardEngineValve.invoke(StandardEngineValve.java:78) ~[tomcat-embed-core-9.0.64.jar:9.0.64]
	at org.apache.catalina.connector.CoyoteAdapter.service(CoyoteAdapter.java:360) ~[tomcat-embed-core-9.0.64.jar:9.0.64]
	at org.apache.coyote.http11.Http11Processor.service(Http11Processor.java:399) ~[tomcat-embed-core-9.0.64.jar:9.0.64]
	at org.apache.coyote.AbstractProcessorLight.process(AbstractProcessorLight.java:65) ~[tomcat-embed-core-9.0.64.jar:9.0.64]
	at org.apache.coyote.AbstractProtocol$ConnectionHandler.process(AbstractProtocol.java:890) ~[tomcat-embed-core-9.0.64.jar:9.0.64]
	at org.apache.tomcat.util.net.NioEndpoint$SocketProcessor.doRun(NioEndpoint.java:1787) ~[tomcat-embed-core-9.0.64.jar:9.0.64]
	at org.apache.tomcat.util.net.SocketProcessorBase.run(SocketProcessorBase.java:49) ~[tomcat-embed-core-9.0.64.jar:9.0.64]
	at org.apache.tomcat.util.threads.ThreadPoolExecutor.runWorker(ThreadPoolExecutor.java:1191) ~[tomcat-embed-core-9.0.64.jar:9.0.64]
	at org.apache.tomcat.util.threads.ThreadPoolExecutor$Worker.run(ThreadPoolExecutor.java:659) ~[tomcat-embed-core-9.0.64.jar:9.0.64]
	at org.apache.tomcat.util.threads.TaskThread$WrappingRunnable.run(TaskThread.java:61) ~[tomcat-embed-core-9.0.64.jar:9.0.64]
	at java.lang.Thread.run(Thread.java:840) ~[?:?]
Caused by: org.apache.ibatis.reflection.ReflectionException: There is no getter for property named 'userId' in 'class com.ninimum.api.param.ProductListParam'
	at org.apache.ibatis.reflection.Reflector.getGetInvoker(Reflector.java:374) ~[mybatis-3.5.9.jar:3.5.9]
	at org.apache.ibatis.reflection.MetaClass.getGetInvoker(MetaClass.java:164) ~[mybatis-3.5.9.jar:3.5.9]
	at org.apache.ibatis.reflection.wrapper.BeanWrapper.getBeanProperty(BeanWrapper.java:162) ~[mybatis-3.5.9.jar:3.5.9]
	at org.apache.ibatis.reflection.wrapper.BeanWrapper.get(BeanWrapper.java:49) ~[mybatis-3.5.9.jar:3.5.9]
	at org.apache.ibatis.reflection.MetaObject.getValue(MetaObject.java:122) ~[mybatis-3.5.9.jar:3.5.9]
	at org.apache.ibatis.executor.BaseExecutor.createCacheKey(BaseExecutor.java:219) ~[mybatis-3.5.9.jar:3.5.9]
	at org.apache.ibatis.executor.CachingExecutor.createCacheKey(CachingExecutor.java:146) ~[mybatis-3.5.9.jar:3.5.9]
	at org.apache.ibatis.executor.CachingExecutor.query(CachingExecutor.java:88) ~[mybatis-3.5.9.jar:3.5.9]
	at org.apache.ibatis.session.defaults.DefaultSqlSession.selectList(DefaultSqlSession.java:151) ~[mybatis-3.5.9.jar:3.5.9]
	at org.apache.ibatis.session.defaults.DefaultSqlSession.selectList(DefaultSqlSession.java:145) ~[mybatis-3.5.9.jar:3.5.9]
	at org.apache.ibatis.session.defaults.DefaultSqlSession.selectList(DefaultSqlSession.java:140) ~[mybatis-3.5.9.jar:3.5.9]
	at jdk.internal.reflect.NativeMethodAccessorImpl.invoke0(Native Method) ~[?:?]
	at jdk.internal.reflect.NativeMethodAccessorImpl.invoke(NativeMethodAccessorImpl.java:77) ~[?:?]
	at jdk.internal.reflect.DelegatingMethodAccessorImpl.invoke(DelegatingMethodAccessorImpl.java:43) ~[?:?]
	at java.lang.reflect.Method.invoke(Method.java:569) ~[?:?]
	at org.mybatis.spring.SqlSessionTemplate$SqlSessionInterceptor.invoke(SqlSessionTemplate.java:427) ~[mybatis-spring-2.0.7.jar:2.0.7]
	... 119 more
2026-06-03 19:04:05 [http-nio-0.0.0.0-8083-exec-10] INFO  com.ninimum.api.security.jwt.JwtAuthenticationFilter - bearerToken==> Bearer eyJhbGciOiJIUzI1NiJ9.eyJzdWIiOiI5OTg5OTg4ODc3NjYiLCJhdXRoIjoiVVNFUiIsImV4cCI6MTgxMjAxNjg4Nn0.ZdW5oXEWeZrnOg9qRJBKfdZMSau_TZck-5vHYBCPzjw
2026-06-03 19:04:06 [http-nio-0.0.0.0-8083-exec-10] ERROR com.ninimum.api.product.controller.ProductController - ProductController => getProductList: 
org.mybatis.spring.MyBatisSystemException: nested exception is org.apache.ibatis.reflection.ReflectionException: There is no getter for property named 'userId' in 'class com.ninimum.api.param.ProductListParam'
	at org.mybatis.spring.MyBatisExceptionTranslator.translateExceptionIfPossible(MyBatisExceptionTranslator.java:96) ~[mybatis-spring-2.0.7.jar:2.0.7]
	at org.mybatis.spring.SqlSessionTemplate$SqlSessionInterceptor.invoke(SqlSessionTemplate.java:441) ~[mybatis-spring-2.0.7.jar:2.0.7]
	at jdk.proxy2.$Proxy115.selectList(Unknown Source) ~[?:?]
	at org.mybatis.spring.SqlSessionTemplate.selectList(SqlSessionTemplate.java:224) ~[mybatis-spring-2.0.7.jar:2.0.7]
	at org.apache.ibatis.binding.MapperMethod.executeForMany(MapperMethod.java:147) ~[mybatis-3.5.9.jar:3.5.9]
	at org.apache.ibatis.binding.MapperMethod.execute(MapperMethod.java:80) ~[mybatis-3.5.9.jar:3.5.9]
	at org.apache.ibatis.binding.MapperProxy$PlainMethodInvoker.invoke(MapperProxy.java:145) ~[mybatis-3.5.9.jar:3.5.9]
	at org.apache.ibatis.binding.MapperProxy.invoke(MapperProxy.java:86) ~[mybatis-3.5.9.jar:3.5.9]
	at jdk.proxy3.$Proxy130.getProductList(Unknown Source) ~[?:?]
	at com.ninimum.api.product.service.impl.ProductService.getProductList(ProductService.java:85) ~[classes/:?]
	at com.ninimum.api.product.service.impl.ProductService$$FastClassBySpringCGLIB$$6c50e75c.invoke(<generated>) ~[classes/:?]
	at org.springframework.cglib.proxy.MethodProxy.invoke(MethodProxy.java:218) ~[spring-core-5.3.21.jar:5.3.21]
	at org.springframework.aop.framework.CglibAopProxy.invokeMethod(CglibAopProxy.java:386) ~[spring-aop-5.3.21.jar:5.3.21]
	at org.springframework.aop.framework.CglibAopProxy.access$000(CglibAopProxy.java:85) ~[spring-aop-5.3.21.jar:5.3.21]
	at org.springframework.aop.framework.CglibAopProxy$DynamicAdvisedInterceptor.intercept(CglibAopProxy.java:704) ~[spring-aop-5.3.21.jar:5.3.21]
	at com.ninimum.api.product.service.impl.ProductService$$EnhancerBySpringCGLIB$$100984f5.getProductList(<generated>) ~[classes/:?]
	at com.ninimum.api.product.controller.ProductController.getProductList(ProductController.java:74) ~[classes/:?]
	at jdk.internal.reflect.NativeMethodAccessorImpl.invoke0(Native Method) ~[?:?]
	at jdk.internal.reflect.NativeMethodAccessorImpl.invoke(NativeMethodAccessorImpl.java:77) ~[?:?]
	at jdk.internal.reflect.DelegatingMethodAccessorImpl.invoke(DelegatingMethodAccessorImpl.java:43) ~[?:?]
	at java.lang.reflect.Method.invoke(Method.java:569) ~[?:?]
	at org.springframework.web.method.support.InvocableHandlerMethod.doInvoke(InvocableHandlerMethod.java:205) ~[spring-web-5.3.21.jar:5.3.21]
	at org.springframework.web.method.support.InvocableHandlerMethod.invokeForRequest(InvocableHandlerMethod.java:150) ~[spring-web-5.3.21.jar:5.3.21]
	at org.springframework.web.servlet.mvc.method.annotation.ServletInvocableHandlerMethod.invokeAndHandle(ServletInvocableHandlerMethod.java:117) ~[spring-webmvc-5.3.21.jar:5.3.21]
	at org.springframework.web.servlet.mvc.method.annotation.RequestMappingHandlerAdapter.invokeHandlerMethod(RequestMappingHandlerAdapter.java:895) ~[spring-webmvc-5.3.21.jar:5.3.21]
	at org.springframework.web.servlet.mvc.method.annotation.RequestMappingHandlerAdapter.handleInternal(RequestMappingHandlerAdapter.java:808) ~[spring-webmvc-5.3.21.jar:5.3.21]
	at org.springframework.web.servlet.mvc.method.AbstractHandlerMethodAdapter.handle(AbstractHandlerMethodAdapter.java:87) ~[spring-webmvc-5.3.21.jar:5.3.21]
	at org.springframework.web.servlet.DispatcherServlet.doDispatch(DispatcherServlet.java:1067) ~[spring-webmvc-5.3.21.jar:5.3.21]
	at org.springframework.web.servlet.DispatcherServlet.doService(DispatcherServlet.java:963) ~[spring-webmvc-5.3.21.jar:5.3.21]
	at org.springframework.web.servlet.FrameworkServlet.processRequest(FrameworkServlet.java:1006) ~[spring-webmvc-5.3.21.jar:5.3.21]
	at org.springframework.web.servlet.FrameworkServlet.doPost(FrameworkServlet.java:909) ~[spring-webmvc-5.3.21.jar:5.3.21]
	at javax.servlet.http.HttpServlet.service(HttpServlet.java:681) ~[tomcat-embed-core-9.0.64.jar:4.0.FR]
	at org.springframework.web.servlet.FrameworkServlet.service(FrameworkServlet.java:883) ~[spring-webmvc-5.3.21.jar:5.3.21]
	at javax.servlet.http.HttpServlet.service(HttpServlet.java:764) ~[tomcat-embed-core-9.0.64.jar:4.0.FR]
	at org.apache.catalina.core.ApplicationFilterChain.internalDoFilter(ApplicationFilterChain.java:227) ~[tomcat-embed-core-9.0.64.jar:9.0.64]
	at org.apache.catalina.core.ApplicationFilterChain.doFilter(ApplicationFilterChain.java:162) ~[tomcat-embed-core-9.0.64.jar:9.0.64]
	at org.apache.tomcat.websocket.server.WsFilter.doFilter(WsFilter.java:53) ~[tomcat-embed-websocket-9.0.64.jar:9.0.64]
	at org.apache.catalina.core.ApplicationFilterChain.internalDoFilter(ApplicationFilterChain.java:189) ~[tomcat-embed-core-9.0.64.jar:9.0.64]
	at org.apache.catalina.core.ApplicationFilterChain.doFilter(ApplicationFilterChain.java:162) ~[tomcat-embed-core-9.0.64.jar:9.0.64]
	at org.springframework.security.web.FilterChainProxy$VirtualFilterChain.doFilter(FilterChainProxy.java:327) ~[spring-security-web-5.7.2.jar:5.7.2]
	at org.springframework.security.web.access.intercept.AuthorizationFilter.doFilterInternal(AuthorizationFilter.java:73) ~[spring-security-web-5.7.2.jar:5.7.2]
	at org.springframework.web.filter.OncePerRequestFilter.doFilter(OncePerRequestFilter.java:117) ~[spring-web-5.3.21.jar:5.3.21]
	at org.springframework.security.web.FilterChainProxy$VirtualFilterChain.doFilter(FilterChainProxy.java:336) ~[spring-security-web-5.7.2.jar:5.7.2]
	at org.springframework.security.web.access.ExceptionTranslationFilter.doFilter(ExceptionTranslationFilter.java:122) ~[spring-security-web-5.7.2.jar:5.7.2]
	at org.springframework.security.web.access.ExceptionTranslationFilter.doFilter(ExceptionTranslationFilter.java:116) ~[spring-security-web-5.7.2.jar:5.7.2]
	at org.springframework.security.web.FilterChainProxy$VirtualFilterChain.doFilter(FilterChainProxy.java:336) ~[spring-security-web-5.7.2.jar:5.7.2]
	at org.springframework.security.web.session.SessionManagementFilter.doFilter(SessionManagementFilter.java:126) ~[spring-security-web-5.7.2.jar:5.7.2]
	at org.springframework.security.web.session.SessionManagementFilter.doFilter(SessionManagementFilter.java:81) ~[spring-security-web-5.7.2.jar:5.7.2]
	at org.springframework.security.web.FilterChainProxy$VirtualFilterChain.doFilter(FilterChainProxy.java:336) ~[spring-security-web-5.7.2.jar:5.7.2]
	at org.springframework.security.web.authentication.AnonymousAuthenticationFilter.doFilter(AnonymousAuthenticationFilter.java:109) ~[spring-security-web-5.7.2.jar:5.7.2]
	at org.springframework.security.web.FilterChainProxy$VirtualFilterChain.doFilter(FilterChainProxy.java:336) ~[spring-security-web-5.7.2.jar:5.7.2]
	at org.springframework.security.web.servletapi.SecurityContextHolderAwareRequestFilter.doFilter(SecurityContextHolderAwareRequestFilter.java:149) ~[spring-security-web-5.7.2.jar:5.7.2]
	at org.springframework.security.web.FilterChainProxy$VirtualFilterChain.doFilter(FilterChainProxy.java:336) ~[spring-security-web-5.7.2.jar:5.7.2]
	at org.springframework.security.web.savedrequest.RequestCacheAwareFilter.doFilter(RequestCacheAwareFilter.java:63) ~[spring-security-web-5.7.2.jar:5.7.2]
	at org.springframework.security.web.FilterChainProxy$VirtualFilterChain.doFilter(FilterChainProxy.java:336) ~[spring-security-web-5.7.2.jar:5.7.2]
	at org.springframework.security.web.authentication.AbstractAuthenticationProcessingFilter.doFilter(AbstractAuthenticationProcessingFilter.java:223) ~[spring-security-web-5.7.2.jar:5.7.2]
	at org.springframework.security.web.authentication.AbstractAuthenticationProcessingFilter.doFilter(AbstractAuthenticationProcessingFilter.java:217) ~[spring-security-web-5.7.2.jar:5.7.2]
	at org.springframework.security.web.FilterChainProxy$VirtualFilterChain.doFilter(FilterChainProxy.java:336) ~[spring-security-web-5.7.2.jar:5.7.2]
	at org.springframework.security.web.authentication.AbstractAuthenticationProcessingFilter.doFilter(AbstractAuthenticationProcessingFilter.java:223) ~[spring-security-web-5.7.2.jar:5.7.2]
	at org.springframework.security.web.authentication.AbstractAuthenticationProcessingFilter.doFilter(AbstractAuthenticationProcessingFilter.java:217) ~[spring-security-web-5.7.2.jar:5.7.2]
	at org.springframework.security.web.FilterChainProxy$VirtualFilterChain.doFilter(FilterChainProxy.java:336) ~[spring-security-web-5.7.2.jar:5.7.2]
	at com.ninimum.api.security.jwt.JwtAuthenticationFilter.doFilterInternal(JwtAuthenticationFilter.java:95) ~[classes/:?]
	at org.springframework.web.filter.OncePerRequestFilter.doFilter(OncePerRequestFilter.java:117) ~[spring-web-5.3.21.jar:5.3.21]
	at org.springframework.security.web.FilterChainProxy$VirtualFilterChain.doFilter(FilterChainProxy.java:336) ~[spring-security-web-5.7.2.jar:5.7.2]
	at org.springframework.security.web.authentication.logout.LogoutFilter.doFilter(LogoutFilter.java:103) ~[spring-security-web-5.7.2.jar:5.7.2]
	at org.springframework.security.web.authentication.logout.LogoutFilter.doFilter(LogoutFilter.java:89) ~[spring-security-web-5.7.2.jar:5.7.2]
	at org.springframework.security.web.FilterChainProxy$VirtualFilterChain.doFilter(FilterChainProxy.java:336) ~[spring-security-web-5.7.2.jar:5.7.2]
	at org.springframework.web.filter.CorsFilter.doFilterInternal(CorsFilter.java:91) ~[spring-web-5.3.21.jar:5.3.21]
	at org.springframework.web.filter.OncePerRequestFilter.doFilter(OncePerRequestFilter.java:117) ~[spring-web-5.3.21.jar:5.3.21]
	at org.springframework.security.web.FilterChainProxy$VirtualFilterChain.doFilter(FilterChainProxy.java:336) ~[spring-security-web-5.7.2.jar:5.7.2]
	at org.springframework.security.web.header.HeaderWriterFilter.doHeadersAfter(HeaderWriterFilter.java:90) ~[spring-security-web-5.7.2.jar:5.7.2]
	at org.springframework.security.web.header.HeaderWriterFilter.doFilterInternal(HeaderWriterFilter.java:75) ~[spring-security-web-5.7.2.jar:5.7.2]
	at org.springframework.web.filter.OncePerRequestFilter.doFilter(OncePerRequestFilter.java:117) ~[spring-web-5.3.21.jar:5.3.21]
	at org.springframework.security.web.FilterChainProxy$VirtualFilterChain.doFilter(FilterChainProxy.java:336) ~[spring-security-web-5.7.2.jar:5.7.2]
	at org.springframework.security.web.context.SecurityContextPersistenceFilter.doFilter(SecurityContextPersistenceFilter.java:112) ~[spring-security-web-5.7.2.jar:5.7.2]
	at org.springframework.security.web.context.SecurityContextPersistenceFilter.doFilter(SecurityContextPersistenceFilter.java:82) ~[spring-security-web-5.7.2.jar:5.7.2]
	at org.springframework.security.web.FilterChainProxy$VirtualFilterChain.doFilter(FilterChainProxy.java:336) ~[spring-security-web-5.7.2.jar:5.7.2]
	at org.springframework.security.web.context.request.async.WebAsyncManagerIntegrationFilter.doFilterInternal(WebAsyncManagerIntegrationFilter.java:55) ~[spring-security-web-5.7.2.jar:5.7.2]
	at org.springframework.web.filter.OncePerRequestFilter.doFilter(OncePerRequestFilter.java:117) ~[spring-web-5.3.21.jar:5.3.21]
	at org.springframework.security.web.FilterChainProxy$VirtualFilterChain.doFilter(FilterChainProxy.java:336) ~[spring-security-web-5.7.2.jar:5.7.2]
	at org.springframework.security.web.session.DisableEncodeUrlFilter.doFilterInternal(DisableEncodeUrlFilter.java:42) ~[spring-security-web-5.7.2.jar:5.7.2]
	at org.springframework.web.filter.OncePerRequestFilter.doFilter(OncePerRequestFilter.java:117) ~[spring-web-5.3.21.jar:5.3.21]
	at org.springframework.security.web.FilterChainProxy$VirtualFilterChain.doFilter(FilterChainProxy.java:336) ~[spring-security-web-5.7.2.jar:5.7.2]
	at org.springframework.security.web.FilterChainProxy.doFilterInternal(FilterChainProxy.java:211) ~[spring-security-web-5.7.2.jar:5.7.2]
	at org.springframework.security.web.FilterChainProxy.doFilter(FilterChainProxy.java:183) ~[spring-security-web-5.7.2.jar:5.7.2]
	at org.springframework.web.filter.DelegatingFilterProxy.invokeDelegate(DelegatingFilterProxy.java:354) ~[spring-web-5.3.21.jar:5.3.21]
	at org.springframework.web.filter.DelegatingFilterProxy.doFilter(DelegatingFilterProxy.java:267) ~[spring-web-5.3.21.jar:5.3.21]
	at org.apache.catalina.core.ApplicationFilterChain.internalDoFilter(ApplicationFilterChain.java:189) ~[tomcat-embed-core-9.0.64.jar:9.0.64]
	at org.apache.catalina.core.ApplicationFilterChain.doFilter(ApplicationFilterChain.java:162) ~[tomcat-embed-core-9.0.64.jar:9.0.64]
	at org.springframework.web.filter.RequestContextFilter.doFilterInternal(RequestContextFilter.java:100) ~[spring-web-5.3.21.jar:5.3.21]
	at org.springframework.web.filter.OncePerRequestFilter.doFilter(OncePerRequestFilter.java:117) ~[spring-web-5.3.21.jar:5.3.21]
	at org.apache.catalina.core.ApplicationFilterChain.internalDoFilter(ApplicationFilterChain.java:189) ~[tomcat-embed-core-9.0.64.jar:9.0.64]
	at org.apache.catalina.core.ApplicationFilterChain.doFilter(ApplicationFilterChain.java:162) ~[tomcat-embed-core-9.0.64.jar:9.0.64]
	at org.springframework.web.filter.FormContentFilter.doFilterInternal(FormContentFilter.java:93) ~[spring-web-5.3.21.jar:5.3.21]
	at org.springframework.web.filter.OncePerRequestFilter.doFilter(OncePerRequestFilter.java:117) ~[spring-web-5.3.21.jar:5.3.21]
	at org.apache.catalina.core.ApplicationFilterChain.internalDoFilter(ApplicationFilterChain.java:189) ~[tomcat-embed-core-9.0.64.jar:9.0.64]
	at org.apache.catalina.core.ApplicationFilterChain.doFilter(ApplicationFilterChain.java:162) ~[tomcat-embed-core-9.0.64.jar:9.0.64]
	at org.springframework.boot.actuate.metrics.web.servlet.WebMvcMetricsFilter.doFilterInternal(WebMvcMetricsFilter.java:96) ~[spring-boot-actuator-2.7.1.jar:2.7.1]
	at org.springframework.web.filter.OncePerRequestFilter.doFilter(OncePerRequestFilter.java:117) ~[spring-web-5.3.21.jar:5.3.21]
	at org.apache.catalina.core.ApplicationFilterChain.internalDoFilter(ApplicationFilterChain.java:189) ~[tomcat-embed-core-9.0.64.jar:9.0.64]
	at org.apache.catalina.core.ApplicationFilterChain.doFilter(ApplicationFilterChain.java:162) ~[tomcat-embed-core-9.0.64.jar:9.0.64]
	at org.springframework.web.filter.CharacterEncodingFilter.doFilterInternal(CharacterEncodingFilter.java:201) ~[spring-web-5.3.21.jar:5.3.21]
	at org.springframework.web.filter.OncePerRequestFilter.doFilter(OncePerRequestFilter.java:117) ~[spring-web-5.3.21.jar:5.3.21]
	at org.apache.catalina.core.ApplicationFilterChain.internalDoFilter(ApplicationFilterChain.java:189) ~[tomcat-embed-core-9.0.64.jar:9.0.64]
	at org.apache.catalina.core.ApplicationFilterChain.doFilter(ApplicationFilterChain.java:162) ~[tomcat-embed-core-9.0.64.jar:9.0.64]
	at org.apache.catalina.core.StandardWrapperValve.invoke(StandardWrapperValve.java:197) ~[tomcat-embed-core-9.0.64.jar:9.0.64]
	at org.apache.catalina.core.StandardContextValve.invoke(StandardContextValve.java:97) ~[tomcat-embed-core-9.0.64.jar:9.0.64]
	at org.apache.catalina.authenticator.AuthenticatorBase.invoke(AuthenticatorBase.java:541) ~[tomcat-embed-core-9.0.64.jar:9.0.64]
	at org.apache.catalina.core.StandardHostValve.invoke(StandardHostValve.java:135) ~[tomcat-embed-core-9.0.64.jar:9.0.64]
	at org.apache.catalina.valves.ErrorReportValve.invoke(ErrorReportValve.java:92) ~[tomcat-embed-core-9.0.64.jar:9.0.64]
	at org.apache.catalina.core.StandardEngineValve.invoke(StandardEngineValve.java:78) ~[tomcat-embed-core-9.0.64.jar:9.0.64]
	at org.apache.catalina.connector.CoyoteAdapter.service(CoyoteAdapter.java:360) ~[tomcat-embed-core-9.0.64.jar:9.0.64]
	at org.apache.coyote.http11.Http11Processor.service(Http11Processor.java:399) ~[tomcat-embed-core-9.0.64.jar:9.0.64]
	at org.apache.coyote.AbstractProcessorLight.process(AbstractProcessorLight.java:65) ~[tomcat-embed-core-9.0.64.jar:9.0.64]
	at org.apache.coyote.AbstractProtocol$ConnectionHandler.process(AbstractProtocol.java:890) ~[tomcat-embed-core-9.0.64.jar:9.0.64]
	at org.apache.tomcat.util.net.NioEndpoint$SocketProcessor.doRun(NioEndpoint.java:1787) ~[tomcat-embed-core-9.0.64.jar:9.0.64]
	at org.apache.tomcat.util.net.SocketProcessorBase.run(SocketProcessorBase.java:49) ~[tomcat-embed-core-9.0.64.jar:9.0.64]
	at org.apache.tomcat.util.threads.ThreadPoolExecutor.runWorker(ThreadPoolExecutor.java:1191) ~[tomcat-embed-core-9.0.64.jar:9.0.64]
	at org.apache.tomcat.util.threads.ThreadPoolExecutor$Worker.run(ThreadPoolExecutor.java:659) ~[tomcat-embed-core-9.0.64.jar:9.0.64]
	at org.apache.tomcat.util.threads.TaskThread$WrappingRunnable.run(TaskThread.java:61) ~[tomcat-embed-core-9.0.64.jar:9.0.64]
	at java.lang.Thread.run(Thread.java:840) ~[?:?]
Caused by: org.apache.ibatis.reflection.ReflectionException: There is no getter for property named 'userId' in 'class com.ninimum.api.param.ProductListParam'
	at org.apache.ibatis.reflection.Reflector.getGetInvoker(Reflector.java:374) ~[mybatis-3.5.9.jar:3.5.9]
	at org.apache.ibatis.reflection.MetaClass.getGetInvoker(MetaClass.java:164) ~[mybatis-3.5.9.jar:3.5.9]
	at org.apache.ibatis.reflection.wrapper.BeanWrapper.getBeanProperty(BeanWrapper.java:162) ~[mybatis-3.5.9.jar:3.5.9]
	at org.apache.ibatis.reflection.wrapper.BeanWrapper.get(BeanWrapper.java:49) ~[mybatis-3.5.9.jar:3.5.9]
	at org.apache.ibatis.reflection.MetaObject.getValue(MetaObject.java:122) ~[mybatis-3.5.9.jar:3.5.9]
	at org.apache.ibatis.executor.BaseExecutor.createCacheKey(BaseExecutor.java:219) ~[mybatis-3.5.9.jar:3.5.9]
	at org.apache.ibatis.executor.CachingExecutor.createCacheKey(CachingExecutor.java:146) ~[mybatis-3.5.9.jar:3.5.9]
	at org.apache.ibatis.executor.CachingExecutor.query(CachingExecutor.java:88) ~[mybatis-3.5.9.jar:3.5.9]
	at org.apache.ibatis.session.defaults.DefaultSqlSession.selectList(DefaultSqlSession.java:151) ~[mybatis-3.5.9.jar:3.5.9]
	at org.apache.ibatis.session.defaults.DefaultSqlSession.selectList(DefaultSqlSession.java:145) ~[mybatis-3.5.9.jar:3.5.9]
	at org.apache.ibatis.session.defaults.DefaultSqlSession.selectList(DefaultSqlSession.java:140) ~[mybatis-3.5.9.jar:3.5.9]
	at jdk.internal.reflect.NativeMethodAccessorImpl.invoke0(Native Method) ~[?:?]
	at jdk.internal.reflect.NativeMethodAccessorImpl.invoke(NativeMethodAccessorImpl.java:77) ~[?:?]
	at jdk.internal.reflect.DelegatingMethodAccessorImpl.invoke(DelegatingMethodAccessorImpl.java:43) ~[?:?]
	at java.lang.reflect.Method.invoke(Method.java:569) ~[?:?]
	at org.mybatis.spring.SqlSessionTemplate$SqlSessionInterceptor.invoke(SqlSessionTemplate.java:427) ~[mybatis-spring-2.0.7.jar:2.0.7]
	... 119 more
2026-06-03 19:06:17 [http-nio-0.0.0.0-8083-exec-2] INFO  com.ninimum.api.security.jwt.JwtAuthenticationFilter - bearerToken==> Bearer eyJhbGciOiJIUzI1NiJ9.eyJzdWIiOiI5OTg5OTg4ODc3NjYiLCJhdXRoIjoiVVNFUiIsImV4cCI6MTgxMjAxNjg4Nn0.ZdW5oXEWeZrnOg9qRJBKfdZMSau_TZck-5vHYBCPzjw
2026-06-03 19:06:36 [http-nio-0.0.0.0-8083-exec-2] ERROR com.ninimum.api.product.controller.ProductController - ProductController => getProductList: 
org.mybatis.spring.MyBatisSystemException: nested exception is org.apache.ibatis.reflection.ReflectionException: There is no getter for property named 'userId' in 'class com.ninimum.api.param.ProductListParam'
	at org.mybatis.spring.MyBatisExceptionTranslator.translateExceptionIfPossible(MyBatisExceptionTranslator.java:96) ~[mybatis-spring-2.0.7.jar:2.0.7]
	at org.mybatis.spring.SqlSessionTemplate$SqlSessionInterceptor.invoke(SqlSessionTemplate.java:441) ~[mybatis-spring-2.0.7.jar:2.0.7]
	at jdk.proxy2.$Proxy115.selectList(Unknown Source) ~[?:?]
	at org.mybatis.spring.SqlSessionTemplate.selectList(SqlSessionTemplate.java:224) ~[mybatis-spring-2.0.7.jar:2.0.7]
	at org.apache.ibatis.binding.MapperMethod.executeForMany(MapperMethod.java:147) ~[mybatis-3.5.9.jar:3.5.9]
	at org.apache.ibatis.binding.MapperMethod.execute(MapperMethod.java:80) ~[mybatis-3.5.9.jar:3.5.9]
	at org.apache.ibatis.binding.MapperProxy$PlainMethodInvoker.invoke(MapperProxy.java:145) ~[mybatis-3.5.9.jar:3.5.9]
	at org.apache.ibatis.binding.MapperProxy.invoke(MapperProxy.java:86) ~[mybatis-3.5.9.jar:3.5.9]
	at jdk.proxy3.$Proxy130.getProductList(Unknown Source) ~[?:?]
	at com.ninimum.api.product.service.impl.ProductService.getProductList(ProductService.java:85) ~[classes/:?]
	at com.ninimum.api.product.service.impl.ProductService$$FastClassBySpringCGLIB$$6c50e75c.invoke(<generated>) ~[classes/:?]
	at org.springframework.cglib.proxy.MethodProxy.invoke(MethodProxy.java:218) ~[spring-core-5.3.21.jar:5.3.21]
	at org.springframework.aop.framework.CglibAopProxy.invokeMethod(CglibAopProxy.java:386) ~[spring-aop-5.3.21.jar:5.3.21]
	at org.springframework.aop.framework.CglibAopProxy.access$000(CglibAopProxy.java:85) ~[spring-aop-5.3.21.jar:5.3.21]
	at org.springframework.aop.framework.CglibAopProxy$DynamicAdvisedInterceptor.intercept(CglibAopProxy.java:704) ~[spring-aop-5.3.21.jar:5.3.21]
	at com.ninimum.api.product.service.impl.ProductService$$EnhancerBySpringCGLIB$$100984f5.getProductList(<generated>) ~[classes/:?]
	at com.ninimum.api.product.controller.ProductController.getProductList(ProductController.java:74) ~[classes/:?]
	at jdk.internal.reflect.NativeMethodAccessorImpl.invoke0(Native Method) ~[?:?]
	at jdk.internal.reflect.NativeMethodAccessorImpl.invoke(NativeMethodAccessorImpl.java:77) ~[?:?]
	at jdk.internal.reflect.DelegatingMethodAccessorImpl.invoke(DelegatingMethodAccessorImpl.java:43) ~[?:?]
	at java.lang.reflect.Method.invoke(Method.java:569) ~[?:?]
	at org.springframework.web.method.support.InvocableHandlerMethod.doInvoke(InvocableHandlerMethod.java:205) ~[spring-web-5.3.21.jar:5.3.21]
	at org.springframework.web.method.support.InvocableHandlerMethod.invokeForRequest(InvocableHandlerMethod.java:150) ~[spring-web-5.3.21.jar:5.3.21]
	at org.springframework.web.servlet.mvc.method.annotation.ServletInvocableHandlerMethod.invokeAndHandle(ServletInvocableHandlerMethod.java:117) ~[spring-webmvc-5.3.21.jar:5.3.21]
	at org.springframework.web.servlet.mvc.method.annotation.RequestMappingHandlerAdapter.invokeHandlerMethod(RequestMappingHandlerAdapter.java:895) ~[spring-webmvc-5.3.21.jar:5.3.21]
	at org.springframework.web.servlet.mvc.method.annotation.RequestMappingHandlerAdapter.handleInternal(RequestMappingHandlerAdapter.java:808) ~[spring-webmvc-5.3.21.jar:5.3.21]
	at org.springframework.web.servlet.mvc.method.AbstractHandlerMethodAdapter.handle(AbstractHandlerMethodAdapter.java:87) ~[spring-webmvc-5.3.21.jar:5.3.21]
	at org.springframework.web.servlet.DispatcherServlet.doDispatch(DispatcherServlet.java:1067) ~[spring-webmvc-5.3.21.jar:5.3.21]
	at org.springframework.web.servlet.DispatcherServlet.doService(DispatcherServlet.java:963) ~[spring-webmvc-5.3.21.jar:5.3.21]
	at org.springframework.web.servlet.FrameworkServlet.processRequest(FrameworkServlet.java:1006) ~[spring-webmvc-5.3.21.jar:5.3.21]
	at org.springframework.web.servlet.FrameworkServlet.doPost(FrameworkServlet.java:909) ~[spring-webmvc-5.3.21.jar:5.3.21]
	at javax.servlet.http.HttpServlet.service(HttpServlet.java:681) ~[tomcat-embed-core-9.0.64.jar:4.0.FR]
	at org.springframework.web.servlet.FrameworkServlet.service(FrameworkServlet.java:883) ~[spring-webmvc-5.3.21.jar:5.3.21]
	at javax.servlet.http.HttpServlet.service(HttpServlet.java:764) ~[tomcat-embed-core-9.0.64.jar:4.0.FR]
	at org.apache.catalina.core.ApplicationFilterChain.internalDoFilter(ApplicationFilterChain.java:227) ~[tomcat-embed-core-9.0.64.jar:9.0.64]
	at org.apache.catalina.core.ApplicationFilterChain.doFilter(ApplicationFilterChain.java:162) ~[tomcat-embed-core-9.0.64.jar:9.0.64]
	at org.apache.tomcat.websocket.server.WsFilter.doFilter(WsFilter.java:53) ~[tomcat-embed-websocket-9.0.64.jar:9.0.64]
	at org.apache.catalina.core.ApplicationFilterChain.internalDoFilter(ApplicationFilterChain.java:189) ~[tomcat-embed-core-9.0.64.jar:9.0.64]
	at org.apache.catalina.core.ApplicationFilterChain.doFilter(ApplicationFilterChain.java:162) ~[tomcat-embed-core-9.0.64.jar:9.0.64]
	at org.springframework.security.web.FilterChainProxy$VirtualFilterChain.doFilter(FilterChainProxy.java:327) ~[spring-security-web-5.7.2.jar:5.7.2]
	at org.springframework.security.web.access.intercept.AuthorizationFilter.doFilterInternal(AuthorizationFilter.java:73) ~[spring-security-web-5.7.2.jar:5.7.2]
	at org.springframework.web.filter.OncePerRequestFilter.doFilter(OncePerRequestFilter.java:117) ~[spring-web-5.3.21.jar:5.3.21]
	at org.springframework.security.web.FilterChainProxy$VirtualFilterChain.doFilter(FilterChainProxy.java:336) ~[spring-security-web-5.7.2.jar:5.7.2]
	at org.springframework.security.web.access.ExceptionTranslationFilter.doFilter(ExceptionTranslationFilter.java:122) ~[spring-security-web-5.7.2.jar:5.7.2]
	at org.springframework.security.web.access.ExceptionTranslationFilter.doFilter(ExceptionTranslationFilter.java:116) ~[spring-security-web-5.7.2.jar:5.7.2]
	at org.springframework.security.web.FilterChainProxy$VirtualFilterChain.doFilter(FilterChainProxy.java:336) ~[spring-security-web-5.7.2.jar:5.7.2]
	at org.springframework.security.web.session.SessionManagementFilter.doFilter(SessionManagementFilter.java:126) ~[spring-security-web-5.7.2.jar:5.7.2]
	at org.springframework.security.web.session.SessionManagementFilter.doFilter(SessionManagementFilter.java:81) ~[spring-security-web-5.7.2.jar:5.7.2]
	at org.springframework.security.web.FilterChainProxy$VirtualFilterChain.doFilter(FilterChainProxy.java:336) ~[spring-security-web-5.7.2.jar:5.7.2]
	at org.springframework.security.web.authentication.AnonymousAuthenticationFilter.doFilter(AnonymousAuthenticationFilter.java:109) ~[spring-security-web-5.7.2.jar:5.7.2]
	at org.springframework.security.web.FilterChainProxy$VirtualFilterChain.doFilter(FilterChainProxy.java:336) ~[spring-security-web-5.7.2.jar:5.7.2]
	at org.springframework.security.web.servletapi.SecurityContextHolderAwareRequestFilter.doFilter(SecurityContextHolderAwareRequestFilter.java:149) ~[spring-security-web-5.7.2.jar:5.7.2]
	at org.springframework.security.web.FilterChainProxy$VirtualFilterChain.doFilter(FilterChainProxy.java:336) ~[spring-security-web-5.7.2.jar:5.7.2]
	at org.springframework.security.web.savedrequest.RequestCacheAwareFilter.doFilter(RequestCacheAwareFilter.java:63) ~[spring-security-web-5.7.2.jar:5.7.2]
	at org.springframework.security.web.FilterChainProxy$VirtualFilterChain.doFilter(FilterChainProxy.java:336) ~[spring-security-web-5.7.2.jar:5.7.2]
	at org.springframework.security.web.authentication.AbstractAuthenticationProcessingFilter.doFilter(AbstractAuthenticationProcessingFilter.java:223) ~[spring-security-web-5.7.2.jar:5.7.2]
	at org.springframework.security.web.authentication.AbstractAuthenticationProcessingFilter.doFilter(AbstractAuthenticationProcessingFilter.java:217) ~[spring-security-web-5.7.2.jar:5.7.2]
	at org.springframework.security.web.FilterChainProxy$VirtualFilterChain.doFilter(FilterChainProxy.java:336) ~[spring-security-web-5.7.2.jar:5.7.2]
	at org.springframework.security.web.authentication.AbstractAuthenticationProcessingFilter.doFilter(AbstractAuthenticationProcessingFilter.java:223) ~[spring-security-web-5.7.2.jar:5.7.2]
	at org.springframework.security.web.authentication.AbstractAuthenticationProcessingFilter.doFilter(AbstractAuthenticationProcessingFilter.java:217) ~[spring-security-web-5.7.2.jar:5.7.2]
	at org.springframework.security.web.FilterChainProxy$VirtualFilterChain.doFilter(FilterChainProxy.java:336) ~[spring-security-web-5.7.2.jar:5.7.2]
	at com.ninimum.api.security.jwt.JwtAuthenticationFilter.doFilterInternal(JwtAuthenticationFilter.java:95) ~[classes/:?]
	at org.springframework.web.filter.OncePerRequestFilter.doFilter(OncePerRequestFilter.java:117) ~[spring-web-5.3.21.jar:5.3.21]
	at org.springframework.security.web.FilterChainProxy$VirtualFilterChain.doFilter(FilterChainProxy.java:336) ~[spring-security-web-5.7.2.jar:5.7.2]
	at org.springframework.security.web.authentication.logout.LogoutFilter.doFilter(LogoutFilter.java:103) ~[spring-security-web-5.7.2.jar:5.7.2]
	at org.springframework.security.web.authentication.logout.LogoutFilter.doFilter(LogoutFilter.java:89) ~[spring-security-web-5.7.2.jar:5.7.2]
	at org.springframework.security.web.FilterChainProxy$VirtualFilterChain.doFilter(FilterChainProxy.java:336) ~[spring-security-web-5.7.2.jar:5.7.2]
	at org.springframework.web.filter.CorsFilter.doFilterInternal(CorsFilter.java:91) ~[spring-web-5.3.21.jar:5.3.21]
	at org.springframework.web.filter.OncePerRequestFilter.doFilter(OncePerRequestFilter.java:117) ~[spring-web-5.3.21.jar:5.3.21]
	at org.springframework.security.web.FilterChainProxy$VirtualFilterChain.doFilter(FilterChainProxy.java:336) ~[spring-security-web-5.7.2.jar:5.7.2]
	at org.springframework.security.web.header.HeaderWriterFilter.doHeadersAfter(HeaderWriterFilter.java:90) ~[spring-security-web-5.7.2.jar:5.7.2]
	at org.springframework.security.web.header.HeaderWriterFilter.doFilterInternal(HeaderWriterFilter.java:75) ~[spring-security-web-5.7.2.jar:5.7.2]
	at org.springframework.web.filter.OncePerRequestFilter.doFilter(OncePerRequestFilter.java:117) ~[spring-web-5.3.21.jar:5.3.21]
	at org.springframework.security.web.FilterChainProxy$VirtualFilterChain.doFilter(FilterChainProxy.java:336) ~[spring-security-web-5.7.2.jar:5.7.2]
	at org.springframework.security.web.context.SecurityContextPersistenceFilter.doFilter(SecurityContextPersistenceFilter.java:112) ~[spring-security-web-5.7.2.jar:5.7.2]
	at org.springframework.security.web.context.SecurityContextPersistenceFilter.doFilter(SecurityContextPersistenceFilter.java:82) ~[spring-security-web-5.7.2.jar:5.7.2]
	at org.springframework.security.web.FilterChainProxy$VirtualFilterChain.doFilter(FilterChainProxy.java:336) ~[spring-security-web-5.7.2.jar:5.7.2]
	at org.springframework.security.web.context.request.async.WebAsyncManagerIntegrationFilter.doFilterInternal(WebAsyncManagerIntegrationFilter.java:55) ~[spring-security-web-5.7.2.jar:5.7.2]
	at org.springframework.web.filter.OncePerRequestFilter.doFilter(OncePerRequestFilter.java:117) ~[spring-web-5.3.21.jar:5.3.21]
	at org.springframework.security.web.FilterChainProxy$VirtualFilterChain.doFilter(FilterChainProxy.java:336) ~[spring-security-web-5.7.2.jar:5.7.2]
	at org.springframework.security.web.session.DisableEncodeUrlFilter.doFilterInternal(DisableEncodeUrlFilter.java:42) ~[spring-security-web-5.7.2.jar:5.7.2]
	at org.springframework.web.filter.OncePerRequestFilter.doFilter(OncePerRequestFilter.java:117) ~[spring-web-5.3.21.jar:5.3.21]
	at org.springframework.security.web.FilterChainProxy$VirtualFilterChain.doFilter(FilterChainProxy.java:336) ~[spring-security-web-5.7.2.jar:5.7.2]
	at org.springframework.security.web.FilterChainProxy.doFilterInternal(FilterChainProxy.java:211) ~[spring-security-web-5.7.2.jar:5.7.2]
	at org.springframework.security.web.FilterChainProxy.doFilter(FilterChainProxy.java:183) ~[spring-security-web-5.7.2.jar:5.7.2]
	at org.springframework.web.filter.DelegatingFilterProxy.invokeDelegate(DelegatingFilterProxy.java:354) ~[spring-web-5.3.21.jar:5.3.21]
	at org.springframework.web.filter.DelegatingFilterProxy.doFilter(DelegatingFilterProxy.java:267) ~[spring-web-5.3.21.jar:5.3.21]
	at org.apache.catalina.core.ApplicationFilterChain.internalDoFilter(ApplicationFilterChain.java:189) ~[tomcat-embed-core-9.0.64.jar:9.0.64]
	at org.apache.catalina.core.ApplicationFilterChain.doFilter(ApplicationFilterChain.java:162) ~[tomcat-embed-core-9.0.64.jar:9.0.64]
	at org.springframework.web.filter.RequestContextFilter.doFilterInternal(RequestContextFilter.java:100) ~[spring-web-5.3.21.jar:5.3.21]
	at org.springframework.web.filter.OncePerRequestFilter.doFilter(OncePerRequestFilter.java:117) ~[spring-web-5.3.21.jar:5.3.21]
	at org.apache.catalina.core.ApplicationFilterChain.internalDoFilter(ApplicationFilterChain.java:189) ~[tomcat-embed-core-9.0.64.jar:9.0.64]
	at org.apache.catalina.core.ApplicationFilterChain.doFilter(ApplicationFilterChain.java:162) ~[tomcat-embed-core-9.0.64.jar:9.0.64]
	at org.springframework.web.filter.FormContentFilter.doFilterInternal(FormContentFilter.java:93) ~[spring-web-5.3.21.jar:5.3.21]
	at org.springframework.web.filter.OncePerRequestFilter.doFilter(OncePerRequestFilter.java:117) ~[spring-web-5.3.21.jar:5.3.21]
	at org.apache.catalina.core.ApplicationFilterChain.internalDoFilter(ApplicationFilterChain.java:189) ~[tomcat-embed-core-9.0.64.jar:9.0.64]
	at org.apache.catalina.core.ApplicationFilterChain.doFilter(ApplicationFilterChain.java:162) ~[tomcat-embed-core-9.0.64.jar:9.0.64]
	at org.springframework.boot.actuate.metrics.web.servlet.WebMvcMetricsFilter.doFilterInternal(WebMvcMetricsFilter.java:96) ~[spring-boot-actuator-2.7.1.jar:2.7.1]
	at org.springframework.web.filter.OncePerRequestFilter.doFilter(OncePerRequestFilter.java:117) ~[spring-web-5.3.21.jar:5.3.21]
	at org.apache.catalina.core.ApplicationFilterChain.internalDoFilter(ApplicationFilterChain.java:189) ~[tomcat-embed-core-9.0.64.jar:9.0.64]
	at org.apache.catalina.core.ApplicationFilterChain.doFilter(ApplicationFilterChain.java:162) ~[tomcat-embed-core-9.0.64.jar:9.0.64]
	at org.springframework.web.filter.CharacterEncodingFilter.doFilterInternal(CharacterEncodingFilter.java:201) ~[spring-web-5.3.21.jar:5.3.21]
	at org.springframework.web.filter.OncePerRequestFilter.doFilter(OncePerRequestFilter.java:117) ~[spring-web-5.3.21.jar:5.3.21]
	at org.apache.catalina.core.ApplicationFilterChain.internalDoFilter(ApplicationFilterChain.java:189) ~[tomcat-embed-core-9.0.64.jar:9.0.64]
	at org.apache.catalina.core.ApplicationFilterChain.doFilter(ApplicationFilterChain.java:162) ~[tomcat-embed-core-9.0.64.jar:9.0.64]
	at org.apache.catalina.core.StandardWrapperValve.invoke(StandardWrapperValve.java:197) ~[tomcat-embed-core-9.0.64.jar:9.0.64]
	at org.apache.catalina.core.StandardContextValve.invoke(StandardContextValve.java:97) ~[tomcat-embed-core-9.0.64.jar:9.0.64]
	at org.apache.catalina.authenticator.AuthenticatorBase.invoke(AuthenticatorBase.java:541) ~[tomcat-embed-core-9.0.64.jar:9.0.64]
	at org.apache.catalina.core.StandardHostValve.invoke(StandardHostValve.java:135) ~[tomcat-embed-core-9.0.64.jar:9.0.64]
	at org.apache.catalina.valves.ErrorReportValve.invoke(ErrorReportValve.java:92) ~[tomcat-embed-core-9.0.64.jar:9.0.64]
	at org.apache.catalina.core.StandardEngineValve.invoke(StandardEngineValve.java:78) ~[tomcat-embed-core-9.0.64.jar:9.0.64]
	at org.apache.catalina.connector.CoyoteAdapter.service(CoyoteAdapter.java:360) ~[tomcat-embed-core-9.0.64.jar:9.0.64]
	at org.apache.coyote.http11.Http11Processor.service(Http11Processor.java:399) ~[tomcat-embed-core-9.0.64.jar:9.0.64]
	at org.apache.coyote.AbstractProcessorLight.process(AbstractProcessorLight.java:65) ~[tomcat-embed-core-9.0.64.jar:9.0.64]
	at org.apache.coyote.AbstractProtocol$ConnectionHandler.process(AbstractProtocol.java:890) ~[tomcat-embed-core-9.0.64.jar:9.0.64]
	at org.apache.tomcat.util.net.NioEndpoint$SocketProcessor.doRun(NioEndpoint.java:1787) ~[tomcat-embed-core-9.0.64.jar:9.0.64]
	at org.apache.tomcat.util.net.SocketProcessorBase.run(SocketProcessorBase.java:49) ~[tomcat-embed-core-9.0.64.jar:9.0.64]
	at org.apache.tomcat.util.threads.ThreadPoolExecutor.runWorker(ThreadPoolExecutor.java:1191) ~[tomcat-embed-core-9.0.64.jar:9.0.64]
	at org.apache.tomcat.util.threads.ThreadPoolExecutor$Worker.run(ThreadPoolExecutor.java:659) ~[tomcat-embed-core-9.0.64.jar:9.0.64]
	at org.apache.tomcat.util.threads.TaskThread$WrappingRunnable.run(TaskThread.java:61) ~[tomcat-embed-core-9.0.64.jar:9.0.64]
	at java.lang.Thread.run(Thread.java:840) ~[?:?]
Caused by: org.apache.ibatis.reflection.ReflectionException: There is no getter for property named 'userId' in 'class com.ninimum.api.param.ProductListParam'
	at org.apache.ibatis.reflection.Reflector.getGetInvoker(Reflector.java:374) ~[mybatis-3.5.9.jar:3.5.9]
	at org.apache.ibatis.reflection.MetaClass.getGetInvoker(MetaClass.java:164) ~[mybatis-3.5.9.jar:3.5.9]
	at org.apache.ibatis.reflection.wrapper.BeanWrapper.getBeanProperty(BeanWrapper.java:162) ~[mybatis-3.5.9.jar:3.5.9]
	at org.apache.ibatis.reflection.wrapper.BeanWrapper.get(BeanWrapper.java:49) ~[mybatis-3.5.9.jar:3.5.9]
	at org.apache.ibatis.reflection.MetaObject.getValue(MetaObject.java:122) ~[mybatis-3.5.9.jar:3.5.9]
	at org.apache.ibatis.executor.BaseExecutor.createCacheKey(BaseExecutor.java:219) ~[mybatis-3.5.9.jar:3.5.9]
	at org.apache.ibatis.executor.CachingExecutor.createCacheKey(CachingExecutor.java:146) ~[mybatis-3.5.9.jar:3.5.9]
	at org.apache.ibatis.executor.CachingExecutor.query(CachingExecutor.java:88) ~[mybatis-3.5.9.jar:3.5.9]
	at org.apache.ibatis.session.defaults.DefaultSqlSession.selectList(DefaultSqlSession.java:151) ~[mybatis-3.5.9.jar:3.5.9]
	at org.apache.ibatis.session.defaults.DefaultSqlSession.selectList(DefaultSqlSession.java:145) ~[mybatis-3.5.9.jar:3.5.9]
	at org.apache.ibatis.session.defaults.DefaultSqlSession.selectList(DefaultSqlSession.java:140) ~[mybatis-3.5.9.jar:3.5.9]
	at jdk.internal.reflect.NativeMethodAccessorImpl.invoke0(Native Method) ~[?:?]
	at jdk.internal.reflect.NativeMethodAccessorImpl.invoke(NativeMethodAccessorImpl.java:77) ~[?:?]
	at jdk.internal.reflect.DelegatingMethodAccessorImpl.invoke(DelegatingMethodAccessorImpl.java:43) ~[?:?]
	at java.lang.reflect.Method.invoke(Method.java:569) ~[?:?]
	at org.mybatis.spring.SqlSessionTemplate$SqlSessionInterceptor.invoke(SqlSessionTemplate.java:427) ~[mybatis-spring-2.0.7.jar:2.0.7]
	... 119 more
2026-06-03 19:07:04 [http-nio-0.0.0.0-8083-exec-3] INFO  com.ninimum.api.security.jwt.JwtAuthenticationFilter - bearerToken==> Bearer eyJhbGciOiJIUzI1NiJ9.eyJzdWIiOiI5OTg5OTg4ODc3NjYiLCJhdXRoIjoiVVNFUiIsImV4cCI6MTgxMjAxNjg4Nn0.ZdW5oXEWeZrnOg9qRJBKfdZMSau_TZck-5vHYBCPzjw
2026-06-03 19:07:23 [http-nio-0.0.0.0-8083-exec-3] ERROR com.ninimum.api.product.controller.ProductController - ProductController => getProductList: 
org.mybatis.spring.MyBatisSystemException: nested exception is org.apache.ibatis.reflection.ReflectionException: There is no getter for property named 'userId' in 'class com.ninimum.api.param.ProductListParam'
	at org.mybatis.spring.MyBatisExceptionTranslator.translateExceptionIfPossible(MyBatisExceptionTranslator.java:96) ~[mybatis-spring-2.0.7.jar:2.0.7]
	at org.mybatis.spring.SqlSessionTemplate$SqlSessionInterceptor.invoke(SqlSessionTemplate.java:441) ~[mybatis-spring-2.0.7.jar:2.0.7]
	at jdk.proxy2.$Proxy115.selectList(Unknown Source) ~[?:?]
	at org.mybatis.spring.SqlSessionTemplate.selectList(SqlSessionTemplate.java:224) ~[mybatis-spring-2.0.7.jar:2.0.7]
	at org.apache.ibatis.binding.MapperMethod.executeForMany(MapperMethod.java:147) ~[mybatis-3.5.9.jar:3.5.9]
	at org.apache.ibatis.binding.MapperMethod.execute(MapperMethod.java:80) ~[mybatis-3.5.9.jar:3.5.9]
	at org.apache.ibatis.binding.MapperProxy$PlainMethodInvoker.invoke(MapperProxy.java:145) ~[mybatis-3.5.9.jar:3.5.9]
	at org.apache.ibatis.binding.MapperProxy.invoke(MapperProxy.java:86) ~[mybatis-3.5.9.jar:3.5.9]
	at jdk.proxy3.$Proxy130.getProductList(Unknown Source) ~[?:?]
	at com.ninimum.api.product.service.impl.ProductService.getProductList(ProductService.java:85) ~[classes/:?]
	at com.ninimum.api.product.service.impl.ProductService$$FastClassBySpringCGLIB$$6c50e75c.invoke(<generated>) ~[classes/:?]
	at org.springframework.cglib.proxy.MethodProxy.invoke(MethodProxy.java:218) ~[spring-core-5.3.21.jar:5.3.21]
	at org.springframework.aop.framework.CglibAopProxy.invokeMethod(CglibAopProxy.java:386) ~[spring-aop-5.3.21.jar:5.3.21]
	at org.springframework.aop.framework.CglibAopProxy.access$000(CglibAopProxy.java:85) ~[spring-aop-5.3.21.jar:5.3.21]
	at org.springframework.aop.framework.CglibAopProxy$DynamicAdvisedInterceptor.intercept(CglibAopProxy.java:704) ~[spring-aop-5.3.21.jar:5.3.21]
	at com.ninimum.api.product.service.impl.ProductService$$EnhancerBySpringCGLIB$$100984f5.getProductList(<generated>) ~[classes/:?]
	at com.ninimum.api.product.controller.ProductController.getProductList(ProductController.java:74) ~[classes/:?]
	at jdk.internal.reflect.NativeMethodAccessorImpl.invoke0(Native Method) ~[?:?]
	at jdk.internal.reflect.NativeMethodAccessorImpl.invoke(NativeMethodAccessorImpl.java:77) ~[?:?]
	at jdk.internal.reflect.DelegatingMethodAccessorImpl.invoke(DelegatingMethodAccessorImpl.java:43) ~[?:?]
	at java.lang.reflect.Method.invoke(Method.java:569) ~[?:?]
	at org.springframework.web.method.support.InvocableHandlerMethod.doInvoke(InvocableHandlerMethod.java:205) ~[spring-web-5.3.21.jar:5.3.21]
	at org.springframework.web.method.support.InvocableHandlerMethod.invokeForRequest(InvocableHandlerMethod.java:150) ~[spring-web-5.3.21.jar:5.3.21]
	at org.springframework.web.servlet.mvc.method.annotation.ServletInvocableHandlerMethod.invokeAndHandle(ServletInvocableHandlerMethod.java:117) ~[spring-webmvc-5.3.21.jar:5.3.21]
	at org.springframework.web.servlet.mvc.method.annotation.RequestMappingHandlerAdapter.invokeHandlerMethod(RequestMappingHandlerAdapter.java:895) ~[spring-webmvc-5.3.21.jar:5.3.21]
	at org.springframework.web.servlet.mvc.method.annotation.RequestMappingHandlerAdapter.handleInternal(RequestMappingHandlerAdapter.java:808) ~[spring-webmvc-5.3.21.jar:5.3.21]
	at org.springframework.web.servlet.mvc.method.AbstractHandlerMethodAdapter.handle(AbstractHandlerMethodAdapter.java:87) ~[spring-webmvc-5.3.21.jar:5.3.21]
	at org.springframework.web.servlet.DispatcherServlet.doDispatch(DispatcherServlet.java:1067) ~[spring-webmvc-5.3.21.jar:5.3.21]
	at org.springframework.web.servlet.DispatcherServlet.doService(DispatcherServlet.java:963) ~[spring-webmvc-5.3.21.jar:5.3.21]
	at org.springframework.web.servlet.FrameworkServlet.processRequest(FrameworkServlet.java:1006) ~[spring-webmvc-5.3.21.jar:5.3.21]
	at org.springframework.web.servlet.FrameworkServlet.doPost(FrameworkServlet.java:909) ~[spring-webmvc-5.3.21.jar:5.3.21]
	at javax.servlet.http.HttpServlet.service(HttpServlet.java:681) ~[tomcat-embed-core-9.0.64.jar:4.0.FR]
	at org.springframework.web.servlet.FrameworkServlet.service(FrameworkServlet.java:883) ~[spring-webmvc-5.3.21.jar:5.3.21]
	at javax.servlet.http.HttpServlet.service(HttpServlet.java:764) ~[tomcat-embed-core-9.0.64.jar:4.0.FR]
	at org.apache.catalina.core.ApplicationFilterChain.internalDoFilter(ApplicationFilterChain.java:227) ~[tomcat-embed-core-9.0.64.jar:9.0.64]
	at org.apache.catalina.core.ApplicationFilterChain.doFilter(ApplicationFilterChain.java:162) ~[tomcat-embed-core-9.0.64.jar:9.0.64]
	at org.apache.tomcat.websocket.server.WsFilter.doFilter(WsFilter.java:53) ~[tomcat-embed-websocket-9.0.64.jar:9.0.64]
	at org.apache.catalina.core.ApplicationFilterChain.internalDoFilter(ApplicationFilterChain.java:189) ~[tomcat-embed-core-9.0.64.jar:9.0.64]
	at org.apache.catalina.core.ApplicationFilterChain.doFilter(ApplicationFilterChain.java:162) ~[tomcat-embed-core-9.0.64.jar:9.0.64]
	at org.springframework.security.web.FilterChainProxy$VirtualFilterChain.doFilter(FilterChainProxy.java:327) ~[spring-security-web-5.7.2.jar:5.7.2]
	at org.springframework.security.web.access.intercept.AuthorizationFilter.doFilterInternal(AuthorizationFilter.java:73) ~[spring-security-web-5.7.2.jar:5.7.2]
	at org.springframework.web.filter.OncePerRequestFilter.doFilter(OncePerRequestFilter.java:117) ~[spring-web-5.3.21.jar:5.3.21]
	at org.springframework.security.web.FilterChainProxy$VirtualFilterChain.doFilter(FilterChainProxy.java:336) ~[spring-security-web-5.7.2.jar:5.7.2]
	at org.springframework.security.web.access.ExceptionTranslationFilter.doFilter(ExceptionTranslationFilter.java:122) ~[spring-security-web-5.7.2.jar:5.7.2]
	at org.springframework.security.web.access.ExceptionTranslationFilter.doFilter(ExceptionTranslationFilter.java:116) ~[spring-security-web-5.7.2.jar:5.7.2]
	at org.springframework.security.web.FilterChainProxy$VirtualFilterChain.doFilter(FilterChainProxy.java:336) ~[spring-security-web-5.7.2.jar:5.7.2]
	at org.springframework.security.web.session.SessionManagementFilter.doFilter(SessionManagementFilter.java:126) ~[spring-security-web-5.7.2.jar:5.7.2]
	at org.springframework.security.web.session.SessionManagementFilter.doFilter(SessionManagementFilter.java:81) ~[spring-security-web-5.7.2.jar:5.7.2]
	at org.springframework.security.web.FilterChainProxy$VirtualFilterChain.doFilter(FilterChainProxy.java:336) ~[spring-security-web-5.7.2.jar:5.7.2]
	at org.springframework.security.web.authentication.AnonymousAuthenticationFilter.doFilter(AnonymousAuthenticationFilter.java:109) ~[spring-security-web-5.7.2.jar:5.7.2]
	at org.springframework.security.web.FilterChainProxy$VirtualFilterChain.doFilter(FilterChainProxy.java:336) ~[spring-security-web-5.7.2.jar:5.7.2]
	at org.springframework.security.web.servletapi.SecurityContextHolderAwareRequestFilter.doFilter(SecurityContextHolderAwareRequestFilter.java:149) ~[spring-security-web-5.7.2.jar:5.7.2]
	at org.springframework.security.web.FilterChainProxy$VirtualFilterChain.doFilter(FilterChainProxy.java:336) ~[spring-security-web-5.7.2.jar:5.7.2]
	at org.springframework.security.web.savedrequest.RequestCacheAwareFilter.doFilter(RequestCacheAwareFilter.java:63) ~[spring-security-web-5.7.2.jar:5.7.2]
	at org.springframework.security.web.FilterChainProxy$VirtualFilterChain.doFilter(FilterChainProxy.java:336) ~[spring-security-web-5.7.2.jar:5.7.2]
	at org.springframework.security.web.authentication.AbstractAuthenticationProcessingFilter.doFilter(AbstractAuthenticationProcessingFilter.java:223) ~[spring-security-web-5.7.2.jar:5.7.2]
	at org.springframework.security.web.authentication.AbstractAuthenticationProcessingFilter.doFilter(AbstractAuthenticationProcessingFilter.java:217) ~[spring-security-web-5.7.2.jar:5.7.2]
	at org.springframework.security.web.FilterChainProxy$VirtualFilterChain.doFilter(FilterChainProxy.java:336) ~[spring-security-web-5.7.2.jar:5.7.2]
	at org.springframework.security.web.authentication.AbstractAuthenticationProcessingFilter.doFilter(AbstractAuthenticationProcessingFilter.java:223) ~[spring-security-web-5.7.2.jar:5.7.2]
	at org.springframework.security.web.authentication.AbstractAuthenticationProcessingFilter.doFilter(AbstractAuthenticationProcessingFilter.java:217) ~[spring-security-web-5.7.2.jar:5.7.2]
	at org.springframework.security.web.FilterChainProxy$VirtualFilterChain.doFilter(FilterChainProxy.java:336) ~[spring-security-web-5.7.2.jar:5.7.2]
	at com.ninimum.api.security.jwt.JwtAuthenticationFilter.doFilterInternal(JwtAuthenticationFilter.java:95) ~[classes/:?]
	at org.springframework.web.filter.OncePerRequestFilter.doFilter(OncePerRequestFilter.java:117) ~[spring-web-5.3.21.jar:5.3.21]
	at org.springframework.security.web.FilterChainProxy$VirtualFilterChain.doFilter(FilterChainProxy.java:336) ~[spring-security-web-5.7.2.jar:5.7.2]
	at org.springframework.security.web.authentication.logout.LogoutFilter.doFilter(LogoutFilter.java:103) ~[spring-security-web-5.7.2.jar:5.7.2]
	at org.springframework.security.web.authentication.logout.LogoutFilter.doFilter(LogoutFilter.java:89) ~[spring-security-web-5.7.2.jar:5.7.2]
	at org.springframework.security.web.FilterChainProxy$VirtualFilterChain.doFilter(FilterChainProxy.java:336) ~[spring-security-web-5.7.2.jar:5.7.2]
	at org.springframework.web.filter.CorsFilter.doFilterInternal(CorsFilter.java:91) ~[spring-web-5.3.21.jar:5.3.21]
	at org.springframework.web.filter.OncePerRequestFilter.doFilter(OncePerRequestFilter.java:117) ~[spring-web-5.3.21.jar:5.3.21]
	at org.springframework.security.web.FilterChainProxy$VirtualFilterChain.doFilter(FilterChainProxy.java:336) ~[spring-security-web-5.7.2.jar:5.7.2]
	at org.springframework.security.web.header.HeaderWriterFilter.doHeadersAfter(HeaderWriterFilter.java:90) ~[spring-security-web-5.7.2.jar:5.7.2]
	at org.springframework.security.web.header.HeaderWriterFilter.doFilterInternal(HeaderWriterFilter.java:75) ~[spring-security-web-5.7.2.jar:5.7.2]
	at org.springframework.web.filter.OncePerRequestFilter.doFilter(OncePerRequestFilter.java:117) ~[spring-web-5.3.21.jar:5.3.21]
	at org.springframework.security.web.FilterChainProxy$VirtualFilterChain.doFilter(FilterChainProxy.java:336) ~[spring-security-web-5.7.2.jar:5.7.2]
	at org.springframework.security.web.context.SecurityContextPersistenceFilter.doFilter(SecurityContextPersistenceFilter.java:112) ~[spring-security-web-5.7.2.jar:5.7.2]
	at org.springframework.security.web.context.SecurityContextPersistenceFilter.doFilter(SecurityContextPersistenceFilter.java:82) ~[spring-security-web-5.7.2.jar:5.7.2]
	at org.springframework.security.web.FilterChainProxy$VirtualFilterChain.doFilter(FilterChainProxy.java:336) ~[spring-security-web-5.7.2.jar:5.7.2]
	at org.springframework.security.web.context.request.async.WebAsyncManagerIntegrationFilter.doFilterInternal(WebAsyncManagerIntegrationFilter.java:55) ~[spring-security-web-5.7.2.jar:5.7.2]
	at org.springframework.web.filter.OncePerRequestFilter.doFilter(OncePerRequestFilter.java:117) ~[spring-web-5.3.21.jar:5.3.21]
	at org.springframework.security.web.FilterChainProxy$VirtualFilterChain.doFilter(FilterChainProxy.java:336) ~[spring-security-web-5.7.2.jar:5.7.2]
	at org.springframework.security.web.session.DisableEncodeUrlFilter.doFilterInternal(DisableEncodeUrlFilter.java:42) ~[spring-security-web-5.7.2.jar:5.7.2]
	at org.springframework.web.filter.OncePerRequestFilter.doFilter(OncePerRequestFilter.java:117) ~[spring-web-5.3.21.jar:5.3.21]
	at org.springframework.security.web.FilterChainProxy$VirtualFilterChain.doFilter(FilterChainProxy.java:336) ~[spring-security-web-5.7.2.jar:5.7.2]
	at org.springframework.security.web.FilterChainProxy.doFilterInternal(FilterChainProxy.java:211) ~[spring-security-web-5.7.2.jar:5.7.2]
	at org.springframework.security.web.FilterChainProxy.doFilter(FilterChainProxy.java:183) ~[spring-security-web-5.7.2.jar:5.7.2]
	at org.springframework.web.filter.DelegatingFilterProxy.invokeDelegate(DelegatingFilterProxy.java:354) ~[spring-web-5.3.21.jar:5.3.21]
	at org.springframework.web.filter.DelegatingFilterProxy.doFilter(DelegatingFilterProxy.java:267) ~[spring-web-5.3.21.jar:5.3.21]
	at org.apache.catalina.core.ApplicationFilterChain.internalDoFilter(ApplicationFilterChain.java:189) ~[tomcat-embed-core-9.0.64.jar:9.0.64]
	at org.apache.catalina.core.ApplicationFilterChain.doFilter(ApplicationFilterChain.java:162) ~[tomcat-embed-core-9.0.64.jar:9.0.64]
	at org.springframework.web.filter.RequestContextFilter.doFilterInternal(RequestContextFilter.java:100) ~[spring-web-5.3.21.jar:5.3.21]
	at org.springframework.web.filter.OncePerRequestFilter.doFilter(OncePerRequestFilter.java:117) ~[spring-web-5.3.21.jar:5.3.21]
	at org.apache.catalina.core.ApplicationFilterChain.internalDoFilter(ApplicationFilterChain.java:189) ~[tomcat-embed-core-9.0.64.jar:9.0.64]
	at org.apache.catalina.core.ApplicationFilterChain.doFilter(ApplicationFilterChain.java:162) ~[tomcat-embed-core-9.0.64.jar:9.0.64]
	at org.springframework.web.filter.FormContentFilter.doFilterInternal(FormContentFilter.java:93) ~[spring-web-5.3.21.jar:5.3.21]
	at org.springframework.web.filter.OncePerRequestFilter.doFilter(OncePerRequestFilter.java:117) ~[spring-web-5.3.21.jar:5.3.21]
	at org.apache.catalina.core.ApplicationFilterChain.internalDoFilter(ApplicationFilterChain.java:189) ~[tomcat-embed-core-9.0.64.jar:9.0.64]
	at org.apache.catalina.core.ApplicationFilterChain.doFilter(ApplicationFilterChain.java:162) ~[tomcat-embed-core-9.0.64.jar:9.0.64]
	at org.springframework.boot.actuate.metrics.web.servlet.WebMvcMetricsFilter.doFilterInternal(WebMvcMetricsFilter.java:96) ~[spring-boot-actuator-2.7.1.jar:2.7.1]
	at org.springframework.web.filter.OncePerRequestFilter.doFilter(OncePerRequestFilter.java:117) ~[spring-web-5.3.21.jar:5.3.21]
	at org.apache.catalina.core.ApplicationFilterChain.internalDoFilter(ApplicationFilterChain.java:189) ~[tomcat-embed-core-9.0.64.jar:9.0.64]
	at org.apache.catalina.core.ApplicationFilterChain.doFilter(ApplicationFilterChain.java:162) ~[tomcat-embed-core-9.0.64.jar:9.0.64]
	at org.springframework.web.filter.CharacterEncodingFilter.doFilterInternal(CharacterEncodingFilter.java:201) ~[spring-web-5.3.21.jar:5.3.21]
	at org.springframework.web.filter.OncePerRequestFilter.doFilter(OncePerRequestFilter.java:117) ~[spring-web-5.3.21.jar:5.3.21]
	at org.apache.catalina.core.ApplicationFilterChain.internalDoFilter(ApplicationFilterChain.java:189) ~[tomcat-embed-core-9.0.64.jar:9.0.64]
	at org.apache.catalina.core.ApplicationFilterChain.doFilter(ApplicationFilterChain.java:162) ~[tomcat-embed-core-9.0.64.jar:9.0.64]
	at org.apache.catalina.core.StandardWrapperValve.invoke(StandardWrapperValve.java:197) ~[tomcat-embed-core-9.0.64.jar:9.0.64]
	at org.apache.catalina.core.StandardContextValve.invoke(StandardContextValve.java:97) ~[tomcat-embed-core-9.0.64.jar:9.0.64]
	at org.apache.catalina.authenticator.AuthenticatorBase.invoke(AuthenticatorBase.java:541) ~[tomcat-embed-core-9.0.64.jar:9.0.64]
	at org.apache.catalina.core.StandardHostValve.invoke(StandardHostValve.java:135) ~[tomcat-embed-core-9.0.64.jar:9.0.64]
	at org.apache.catalina.valves.ErrorReportValve.invoke(ErrorReportValve.java:92) ~[tomcat-embed-core-9.0.64.jar:9.0.64]
	at org.apache.catalina.core.StandardEngineValve.invoke(StandardEngineValve.java:78) ~[tomcat-embed-core-9.0.64.jar:9.0.64]
	at org.apache.catalina.connector.CoyoteAdapter.service(CoyoteAdapter.java:360) ~[tomcat-embed-core-9.0.64.jar:9.0.64]
	at org.apache.coyote.http11.Http11Processor.service(Http11Processor.java:399) ~[tomcat-embed-core-9.0.64.jar:9.0.64]
	at org.apache.coyote.AbstractProcessorLight.process(AbstractProcessorLight.java:65) ~[tomcat-embed-core-9.0.64.jar:9.0.64]
	at org.apache.coyote.AbstractProtocol$ConnectionHandler.process(AbstractProtocol.java:890) ~[tomcat-embed-core-9.0.64.jar:9.0.64]
	at org.apache.tomcat.util.net.NioEndpoint$SocketProcessor.doRun(NioEndpoint.java:1787) ~[tomcat-embed-core-9.0.64.jar:9.0.64]
	at org.apache.tomcat.util.net.SocketProcessorBase.run(SocketProcessorBase.java:49) ~[tomcat-embed-core-9.0.64.jar:9.0.64]
	at org.apache.tomcat.util.threads.ThreadPoolExecutor.runWorker(ThreadPoolExecutor.java:1191) ~[tomcat-embed-core-9.0.64.jar:9.0.64]
	at org.apache.tomcat.util.threads.ThreadPoolExecutor$Worker.run(ThreadPoolExecutor.java:659) ~[tomcat-embed-core-9.0.64.jar:9.0.64]
	at org.apache.tomcat.util.threads.TaskThread$WrappingRunnable.run(TaskThread.java:61) ~[tomcat-embed-core-9.0.64.jar:9.0.64]
	at java.lang.Thread.run(Thread.java:840) ~[?:?]
Caused by: org.apache.ibatis.reflection.ReflectionException: There is no getter for property named 'userId' in 'class com.ninimum.api.param.ProductListParam'
	at org.apache.ibatis.reflection.Reflector.getGetInvoker(Reflector.java:374) ~[mybatis-3.5.9.jar:3.5.9]
	at org.apache.ibatis.reflection.MetaClass.getGetInvoker(MetaClass.java:164) ~[mybatis-3.5.9.jar:3.5.9]
	at org.apache.ibatis.reflection.wrapper.BeanWrapper.getBeanProperty(BeanWrapper.java:162) ~[mybatis-3.5.9.jar:3.5.9]
	at org.apache.ibatis.reflection.wrapper.BeanWrapper.get(BeanWrapper.java:49) ~[mybatis-3.5.9.jar:3.5.9]
	at org.apache.ibatis.reflection.MetaObject.getValue(MetaObject.java:122) ~[mybatis-3.5.9.jar:3.5.9]
	at org.apache.ibatis.executor.BaseExecutor.createCacheKey(BaseExecutor.java:219) ~[mybatis-3.5.9.jar:3.5.9]
	at org.apache.ibatis.executor.CachingExecutor.createCacheKey(CachingExecutor.java:146) ~[mybatis-3.5.9.jar:3.5.9]
	at org.apache.ibatis.executor.CachingExecutor.query(CachingExecutor.java:88) ~[mybatis-3.5.9.jar:3.5.9]
	at org.apache.ibatis.session.defaults.DefaultSqlSession.selectList(DefaultSqlSession.java:151) ~[mybatis-3.5.9.jar:3.5.9]
	at org.apache.ibatis.session.defaults.DefaultSqlSession.selectList(DefaultSqlSession.java:145) ~[mybatis-3.5.9.jar:3.5.9]
	at org.apache.ibatis.session.defaults.DefaultSqlSession.selectList(DefaultSqlSession.java:140) ~[mybatis-3.5.9.jar:3.5.9]
	at jdk.internal.reflect.NativeMethodAccessorImpl.invoke0(Native Method) ~[?:?]
	at jdk.internal.reflect.NativeMethodAccessorImpl.invoke(NativeMethodAccessorImpl.java:77) ~[?:?]
	at jdk.internal.reflect.DelegatingMethodAccessorImpl.invoke(DelegatingMethodAccessorImpl.java:43) ~[?:?]
	at java.lang.reflect.Method.invoke(Method.java:569) ~[?:?]
	at org.mybatis.spring.SqlSessionTemplate$SqlSessionInterceptor.invoke(SqlSessionTemplate.java:427) ~[mybatis-spring-2.0.7.jar:2.0.7]
	... 119 more
2026-06-03 19:07:23 [SpringApplicationShutdownHook] INFO  com.zaxxer.hikari.HikariDataSource - HikariPool-1 - Shutdown initiated...
2026-06-03 19:07:23 [SpringApplicationShutdownHook] INFO  com.zaxxer.hikari.HikariDataSource - HikariPool-1 - Shutdown completed.
2026-06-03 19:07:56 [restartedMain] INFO  com.ninimum.api.NinimumApplication - Starting NinimumApplication using Java 17.0.14 on Akmalui-MacBookPro.local with PID 37474 (/Users/akmalbukhariev/Projects/NinimumBackend/NinimumBackend/target/classes started by akmalbukhariev in /Users/akmalbukhariev/Projects/NinimumBackend/NinimumBackend)
2026-06-03 19:07:56 [restartedMain] INFO  com.ninimum.api.NinimumApplication - The following 1 profile is active: "default"
2026-06-03 19:07:56 [restartedMain] INFO  org.springframework.boot.devtools.env.DevToolsPropertyDefaultsPostProcessor - Devtools property defaults active! Set 'spring.devtools.add-properties' to 'false' to disable
2026-06-03 19:07:56 [restartedMain] INFO  org.springframework.boot.devtools.env.DevToolsPropertyDefaultsPostProcessor - For additional web related logging consider setting the 'logging.level.web' property to 'DEBUG'
2026-06-03 19:07:58 [restartedMain] INFO  org.springframework.data.repository.config.RepositoryConfigurationDelegate - Bootstrapping Spring Data JDBC repositories in DEFAULT mode.
2026-06-03 19:07:58 [restartedMain] INFO  org.springframework.data.repository.config.RepositoryConfigurationDelegate - Finished Spring Data repository scanning in 28 ms. Found 0 JDBC repository interfaces.
2026-06-03 19:07:58 [restartedMain] INFO  com.ulisesbocchio.jasyptspringboot.configuration.EnableEncryptablePropertiesBeanFactoryPostProcessor - Post-processing PropertySource instances
2026-06-03 19:07:58 [restartedMain] INFO  com.ulisesbocchio.jasyptspringboot.EncryptablePropertySourceConverter - Skipping PropertySource configurationProperties [class org.springframework.boot.context.properties.source.ConfigurationPropertySourcesPropertySource
2026-06-03 19:07:58 [restartedMain] INFO  com.ulisesbocchio.jasyptspringboot.EncryptablePropertySourceConverter - Skipping PropertySource servletConfigInitParams [class org.springframework.core.env.PropertySource$StubPropertySource
2026-06-03 19:07:58 [restartedMain] INFO  com.ulisesbocchio.jasyptspringboot.EncryptablePropertySourceConverter - Skipping PropertySource servletContextInitParams [class org.springframework.core.env.PropertySource$StubPropertySource
2026-06-03 19:07:58 [restartedMain] INFO  com.ulisesbocchio.jasyptspringboot.EncryptablePropertySourceConverter - Converting PropertySource systemProperties [org.springframework.core.env.PropertiesPropertySource] to EncryptableMapPropertySourceWrapper
2026-06-03 19:07:58 [restartedMain] INFO  com.ulisesbocchio.jasyptspringboot.EncryptablePropertySourceConverter - Converting PropertySource systemEnvironment [org.springframework.boot.env.SystemEnvironmentPropertySourceEnvironmentPostProcessor$OriginAwareSystemEnvironmentPropertySource] to EncryptableSystemEnvironmentPropertySourceWrapper
2026-06-03 19:07:58 [restartedMain] INFO  com.ulisesbocchio.jasyptspringboot.EncryptablePropertySourceConverter - Converting PropertySource random [org.springframework.boot.env.RandomValuePropertySource] to EncryptablePropertySourceWrapper
2026-06-03 19:07:58 [restartedMain] INFO  com.ulisesbocchio.jasyptspringboot.EncryptablePropertySourceConverter - Converting PropertySource Config resource 'class path resource [application.yaml]' via location 'optional:classpath:/' [org.springframework.boot.env.OriginTrackedMapPropertySource] to EncryptableMapPropertySourceWrapper
2026-06-03 19:07:58 [restartedMain] INFO  com.ulisesbocchio.jasyptspringboot.EncryptablePropertySourceConverter - Converting PropertySource devtools [org.springframework.core.env.MapPropertySource] to EncryptableMapPropertySourceWrapper
2026-06-03 19:07:58 [restartedMain] INFO  com.ulisesbocchio.jasyptspringboot.filter.DefaultLazyPropertyFilter - Property Filter custom Bean not found with name 'encryptablePropertyFilter'. Initializing Default Property Filter
2026-06-03 19:07:58 [restartedMain] INFO  com.ulisesbocchio.jasyptspringboot.resolver.DefaultLazyPropertyResolver - Property Resolver custom Bean not found with name 'encryptablePropertyResolver'. Initializing Default Property Resolver
2026-06-03 19:07:58 [restartedMain] INFO  com.ulisesbocchio.jasyptspringboot.detector.DefaultLazyPropertyDetector - Property Detector custom Bean not found with name 'encryptablePropertyDetector'. Initializing Default Property Detector
2026-06-03 19:07:58 [restartedMain] INFO  org.springframework.boot.web.embedded.tomcat.TomcatWebServer - Tomcat initialized with port(s): 8083 (http)
2026-06-03 19:07:59 [restartedMain] INFO  org.springframework.boot.web.servlet.context.ServletWebServerApplicationContext - Root WebApplicationContext: initialization completed in 2086 ms
2026-06-03 19:08:00 [restartedMain] INFO  org.springframework.boot.actuate.endpoint.web.EndpointLinksResolver - Exposing 2 endpoint(s) beneath base path '/actuator'
2026-06-03 19:08:00 [restartedMain] INFO  org.springframework.security.web.DefaultSecurityFilterChain - Will secure any request with [org.springframework.security.web.session.DisableEncodeUrlFilter@58c8b1f5, org.springframework.security.web.context.request.async.WebAsyncManagerIntegrationFilter@69cb32e, org.springframework.security.web.context.SecurityContextPersistenceFilter@48d0a1ec, org.springframework.security.web.header.HeaderWriterFilter@55679de3, org.springframework.web.filter.CorsFilter@2a35b875, org.springframework.security.web.authentication.logout.LogoutFilter@1886ed50, com.ninimum.api.security.jwt.JwtAuthenticationFilter@4004cc2b, com.ninimum.api.security.filter.UserAuthenticationFilter@5dde9ac7, com.ninimum.api.security.filter.AdminAuthenticationFilter@3eb84791, org.springframework.security.web.savedrequest.RequestCacheAwareFilter@ce788f7, org.springframework.security.web.servletapi.SecurityContextHolderAwareRequestFilter@7583cb74, org.springframework.security.web.authentication.AnonymousAuthenticationFilter@3949b623, org.springframework.security.web.session.SessionManagementFilter@659e90d8, org.springframework.security.web.access.ExceptionTranslationFilter@3494545b, org.springframework.security.web.access.intercept.AuthorizationFilter@7ad49bd1]
2026-06-03 19:08:00 [restartedMain] WARN  org.springframework.security.config.annotation.web.builders.WebSecurity - You are asking Spring Security to ignore Ant [pattern='/**/webjars/**']. This is not recommended -- please use permitAll via HttpSecurity#authorizeHttpRequests instead.
2026-06-03 19:08:00 [restartedMain] INFO  org.springframework.security.web.DefaultSecurityFilterChain - Will not secure Ant [pattern='/**/webjars/**']
2026-06-03 19:08:00 [restartedMain] WARN  org.springframework.security.config.annotation.web.builders.WebSecurity - You are asking Spring Security to ignore Ant [pattern='/uploads/**']. This is not recommended -- please use permitAll via HttpSecurity#authorizeHttpRequests instead.
2026-06-03 19:08:00 [restartedMain] INFO  org.springframework.security.web.DefaultSecurityFilterChain - Will not secure Ant [pattern='/uploads/**']
2026-06-03 19:08:00 [restartedMain] WARN  org.springframework.security.config.annotation.web.builders.WebSecurity - You are asking Spring Security to ignore Ant [pattern='/v2/api-docs']. This is not recommended -- please use permitAll via HttpSecurity#authorizeHttpRequests instead.
2026-06-03 19:08:00 [restartedMain] INFO  org.springframework.security.web.DefaultSecurityFilterChain - Will not secure Ant [pattern='/v2/api-docs']
2026-06-03 19:08:00 [restartedMain] WARN  org.springframework.security.config.annotation.web.builders.WebSecurity - You are asking Spring Security to ignore Ant [pattern='/swagger-resources']. This is not recommended -- please use permitAll via HttpSecurity#authorizeHttpRequests instead.
2026-06-03 19:08:00 [restartedMain] INFO  org.springframework.security.web.DefaultSecurityFilterChain - Will not secure Ant [pattern='/swagger-resources']
2026-06-03 19:08:00 [restartedMain] WARN  org.springframework.security.config.annotation.web.builders.WebSecurity - You are asking Spring Security to ignore Ant [pattern='/swagger-resources/**']. This is not recommended -- please use permitAll via HttpSecurity#authorizeHttpRequests instead.
2026-06-03 19:08:00 [restartedMain] INFO  org.springframework.security.web.DefaultSecurityFilterChain - Will not secure Ant [pattern='/swagger-resources/**']
2026-06-03 19:08:00 [restartedMain] WARN  org.springframework.security.config.annotation.web.builders.WebSecurity - You are asking Spring Security to ignore Ant [pattern='/configuration/ui']. This is not recommended -- please use permitAll via HttpSecurity#authorizeHttpRequests instead.
2026-06-03 19:08:00 [restartedMain] INFO  org.springframework.security.web.DefaultSecurityFilterChain - Will not secure Ant [pattern='/configuration/ui']
2026-06-03 19:08:00 [restartedMain] WARN  org.springframework.security.config.annotation.web.builders.WebSecurity - You are asking Spring Security to ignore Ant [pattern='/configuration/security']. This is not recommended -- please use permitAll via HttpSecurity#authorizeHttpRequests instead.
2026-06-03 19:08:00 [restartedMain] INFO  org.springframework.security.web.DefaultSecurityFilterChain - Will not secure Ant [pattern='/configuration/security']
2026-06-03 19:08:00 [restartedMain] WARN  org.springframework.security.config.annotation.web.builders.WebSecurity - You are asking Spring Security to ignore Ant [pattern='/swagger-ui/**']. This is not recommended -- please use permitAll via HttpSecurity#authorizeHttpRequests instead.
2026-06-03 19:08:00 [restartedMain] INFO  org.springframework.security.web.DefaultSecurityFilterChain - Will not secure Ant [pattern='/swagger-ui/**']
2026-06-03 19:08:00 [restartedMain] WARN  org.springframework.security.config.annotation.web.builders.WebSecurity - You are asking Spring Security to ignore Ant [pattern='/webjars/**']. This is not recommended -- please use permitAll via HttpSecurity#authorizeHttpRequests instead.
2026-06-03 19:08:00 [restartedMain] INFO  org.springframework.security.web.DefaultSecurityFilterChain - Will not secure Ant [pattern='/webjars/**']
2026-06-03 19:08:00 [restartedMain] WARN  org.springframework.security.config.annotation.web.builders.WebSecurity - You are asking Spring Security to ignore Ant [pattern='/v3/api-docs/**']. This is not recommended -- please use permitAll via HttpSecurity#authorizeHttpRequests instead.
2026-06-03 19:08:00 [restartedMain] INFO  org.springframework.security.web.DefaultSecurityFilterChain - Will not secure Ant [pattern='/v3/api-docs/**']
2026-06-03 19:08:00 [restartedMain] WARN  org.springframework.security.config.annotation.web.builders.WebSecurity - You are asking Spring Security to ignore Ant [pattern='/actuator/health/**']. This is not recommended -- please use permitAll via HttpSecurity#authorizeHttpRequests instead.
2026-06-03 19:08:00 [restartedMain] INFO  org.springframework.security.web.DefaultSecurityFilterChain - Will not secure Ant [pattern='/actuator/health/**']
2026-06-03 19:08:00 [restartedMain] WARN  org.springframework.security.config.annotation.web.builders.WebSecurity - You are asking Spring Security to ignore Ant [pattern='/actuator/info']. This is not recommended -- please use permitAll via HttpSecurity#authorizeHttpRequests instead.
2026-06-03 19:08:00 [restartedMain] INFO  org.springframework.security.web.DefaultSecurityFilterChain - Will not secure Ant [pattern='/actuator/info']
2026-06-03 19:08:00 [restartedMain] WARN  org.springframework.security.config.annotation.web.builders.WebSecurity - You are asking Spring Security to ignore Ant [pattern='/ninimum/actuator/**']. This is not recommended -- please use permitAll via HttpSecurity#authorizeHttpRequests instead.
2026-06-03 19:08:00 [restartedMain] INFO  org.springframework.security.web.DefaultSecurityFilterChain - Will not secure Ant [pattern='/ninimum/actuator/**']
2026-06-03 19:08:00 [restartedMain] WARN  org.springframework.security.config.annotation.web.builders.WebSecurity - You are asking Spring Security to ignore Ant [pattern='/api/v1/status']. This is not recommended -- please use permitAll via HttpSecurity#authorizeHttpRequests instead.
2026-06-03 19:08:00 [restartedMain] INFO  org.springframework.security.web.DefaultSecurityFilterChain - Will not secure Ant [pattern='/api/v1/status']
2026-06-03 19:08:00 [restartedMain] WARN  org.springframework.security.config.annotation.web.builders.WebSecurity - You are asking Spring Security to ignore Ant [pattern='/ninimum/api/v1/status']. This is not recommended -- please use permitAll via HttpSecurity#authorizeHttpRequests instead.
2026-06-03 19:08:00 [restartedMain] INFO  org.springframework.security.web.DefaultSecurityFilterChain - Will not secure Ant [pattern='/ninimum/api/v1/status']
2026-06-03 19:08:00 [restartedMain] WARN  org.springframework.security.config.annotation.web.builders.WebSecurity - You are asking Spring Security to ignore Ant [pattern='/ninimum/api/v1/user/checkPhoneNumber']. This is not recommended -- please use permitAll via HttpSecurity#authorizeHttpRequests instead.
2026-06-03 19:08:00 [restartedMain] INFO  org.springframework.security.web.DefaultSecurityFilterChain - Will not secure Ant [pattern='/ninimum/api/v1/user/checkPhoneNumber']
2026-06-03 19:08:00 [restartedMain] WARN  org.springframework.security.config.annotation.web.builders.WebSecurity - You are asking Spring Security to ignore Ant [pattern='/ninimum/api/v1/user/register']. This is not recommended -- please use permitAll via HttpSecurity#authorizeHttpRequests instead.
2026-06-03 19:08:00 [restartedMain] INFO  org.springframework.security.web.DefaultSecurityFilterChain - Will not secure Ant [pattern='/ninimum/api/v1/user/register']
2026-06-03 19:08:00 [restartedMain] WARN  org.springframework.security.config.annotation.web.builders.WebSecurity - You are asking Spring Security to ignore Ant [pattern='/ninimum/api/v1/message/verifyPhoneNumber']. This is not recommended -- please use permitAll via HttpSecurity#authorizeHttpRequests instead.
2026-06-03 19:08:00 [restartedMain] INFO  org.springframework.security.web.DefaultSecurityFilterChain - Will not secure Ant [pattern='/ninimum/api/v1/message/verifyPhoneNumber']
2026-06-03 19:08:00 [restartedMain] WARN  org.springframework.security.config.annotation.web.builders.WebSecurity - You are asking Spring Security to ignore Ant [pattern='/error']. This is not recommended -- please use permitAll via HttpSecurity#authorizeHttpRequests instead.
2026-06-03 19:08:00 [restartedMain] INFO  org.springframework.security.web.DefaultSecurityFilterChain - Will not secure Ant [pattern='/error']
2026-06-03 19:08:01 [restartedMain] INFO  com.zaxxer.hikari.HikariDataSource - HikariPool-1 - Starting...
2026-06-03 19:08:02 [restartedMain] INFO  com.zaxxer.hikari.HikariDataSource - HikariPool-1 - Start completed.
2026-06-03 19:08:03 [restartedMain] INFO  org.springframework.boot.devtools.autoconfigure.OptionalLiveReloadServer - LiveReload server is running on port 35729
2026-06-03 19:08:03 [restartedMain] INFO  org.springframework.boot.web.embedded.tomcat.TomcatWebServer - Tomcat started on port(s): 8083 (http) with context path ''
2026-06-03 19:08:03 [restartedMain] INFO  com.ulisesbocchio.jasyptspringboot.caching.RefreshScopeRefreshedEventListener - Refreshing cached encryptable property sources on ServletWebServerInitializedEvent
2026-06-03 19:08:03 [restartedMain] INFO  com.ulisesbocchio.jasyptspringboot.caching.CachingDelegateEncryptablePropertySource - Property Source systemProperties refreshed
2026-06-03 19:08:03 [restartedMain] INFO  com.ulisesbocchio.jasyptspringboot.caching.CachingDelegateEncryptablePropertySource - Property Source systemEnvironment refreshed
2026-06-03 19:08:03 [restartedMain] INFO  com.ulisesbocchio.jasyptspringboot.caching.CachingDelegateEncryptablePropertySource - Property Source random refreshed
2026-06-03 19:08:03 [restartedMain] INFO  com.ulisesbocchio.jasyptspringboot.caching.CachingDelegateEncryptablePropertySource - Property Source Config resource 'class path resource [application.yaml]' via location 'optional:classpath:/' refreshed
2026-06-03 19:08:03 [restartedMain] INFO  com.ulisesbocchio.jasyptspringboot.caching.CachingDelegateEncryptablePropertySource - Property Source devtools refreshed
2026-06-03 19:08:03 [restartedMain] INFO  com.ulisesbocchio.jasyptspringboot.EncryptablePropertySourceConverter - Converting PropertySource server.ports [org.springframework.core.env.MapPropertySource] to EncryptableMapPropertySourceWrapper
2026-06-03 19:08:03 [restartedMain] INFO  com.ulisesbocchio.jasyptspringboot.EncryptablePropertySourceConverter - Skipping PropertySource configurationProperties [class org.springframework.boot.context.properties.source.ConfigurationPropertySourcesPropertySource
2026-06-03 19:08:03 [restartedMain] INFO  com.ulisesbocchio.jasyptspringboot.EncryptablePropertySourceConverter - Skipping PropertySource servletConfigInitParams [class org.springframework.core.env.PropertySource$StubPropertySource
2026-06-03 19:08:03 [restartedMain] INFO  com.ulisesbocchio.jasyptspringboot.EncryptablePropertySourceConverter - Converting PropertySource servletContextInitParams [org.springframework.web.context.support.ServletContextPropertySource] to EncryptableEnumerablePropertySourceWrapper
2026-06-03 19:08:03 [restartedMain] INFO  com.ulisesbocchio.jasyptspringboot.EncryptablePropertySourceConverter - Converting PropertySource Management Server [org.springframework.boot.actuate.autoconfigure.web.server.ManagementContextAutoConfiguration$SameManagementContextConfiguration$1] to EncryptablePropertySourceWrapper
2026-06-03 19:08:03 [restartedMain] INFO  com.ninimum.api.NinimumApplication - Started NinimumApplication in 6.757 seconds (JVM running for 7.781)
2026-06-03 19:24:21 [http-nio-0.0.0.0-8083-exec-1] INFO  org.springframework.web.servlet.DispatcherServlet - Initializing Servlet 'dispatcherServlet'
2026-06-03 19:24:21 [http-nio-0.0.0.0-8083-exec-1] INFO  org.springframework.web.servlet.DispatcherServlet - Completed initialization in 20 ms
2026-06-03 19:24:21 [http-nio-0.0.0.0-8083-exec-1] INFO  com.ninimum.api.security.jwt.JwtAuthenticationFilter - bearerToken==> Bearer eyJhbGciOiJIUzI1NiJ9.eyJzdWIiOiI5OTg5OTg4ODc3NjYiLCJhdXRoIjoiVVNFUiIsImV4cCI6MTgxMjAxNjg4Nn0.ZdW5oXEWeZrnOg9qRJBKfdZMSau_TZck-5vHYBCPzjw
2026-06-03 19:24:42 [http-nio-0.0.0.0-8083-exec-1] ERROR com.ninimum.api.product.controller.ProductController - ProductController => getProductList: 
org.mybatis.spring.MyBatisSystemException: nested exception is org.apache.ibatis.reflection.ReflectionException: There is no getter for property named 'userId' in 'class com.ninimum.api.param.ProductListParam'
	at org.mybatis.spring.MyBatisExceptionTranslator.translateExceptionIfPossible(MyBatisExceptionTranslator.java:96) ~[mybatis-spring-2.0.7.jar:2.0.7]
	at org.mybatis.spring.SqlSessionTemplate$SqlSessionInterceptor.invoke(SqlSessionTemplate.java:441) ~[mybatis-spring-2.0.7.jar:2.0.7]
	at jdk.proxy2.$Proxy115.selectList(Unknown Source) ~[?:?]
	at org.mybatis.spring.SqlSessionTemplate.selectList(SqlSessionTemplate.java:224) ~[mybatis-spring-2.0.7.jar:2.0.7]
	at org.apache.ibatis.binding.MapperMethod.executeForMany(MapperMethod.java:147) ~[mybatis-3.5.9.jar:3.5.9]
	at org.apache.ibatis.binding.MapperMethod.execute(MapperMethod.java:80) ~[mybatis-3.5.9.jar:3.5.9]
	at org.apache.ibatis.binding.MapperProxy$PlainMethodInvoker.invoke(MapperProxy.java:145) ~[mybatis-3.5.9.jar:3.5.9]
	at org.apache.ibatis.binding.MapperProxy.invoke(MapperProxy.java:86) ~[mybatis-3.5.9.jar:3.5.9]
	at jdk.proxy3.$Proxy130.getProductList(Unknown Source) ~[?:?]
	at com.ninimum.api.product.service.impl.ProductService.getProductList(ProductService.java:85) ~[classes/:?]
	at com.ninimum.api.product.service.impl.ProductService$$FastClassBySpringCGLIB$$6c50e75c.invoke(<generated>) ~[classes/:?]
	at org.springframework.cglib.proxy.MethodProxy.invoke(MethodProxy.java:218) ~[spring-core-5.3.21.jar:5.3.21]
	at org.springframework.aop.framework.CglibAopProxy.invokeMethod(CglibAopProxy.java:386) ~[spring-aop-5.3.21.jar:5.3.21]
	at org.springframework.aop.framework.CglibAopProxy.access$000(CglibAopProxy.java:85) ~[spring-aop-5.3.21.jar:5.3.21]
	at org.springframework.aop.framework.CglibAopProxy$DynamicAdvisedInterceptor.intercept(CglibAopProxy.java:704) ~[spring-aop-5.3.21.jar:5.3.21]
	at com.ninimum.api.product.service.impl.ProductService$$EnhancerBySpringCGLIB$$84455de3.getProductList(<generated>) ~[classes/:?]
	at com.ninimum.api.product.controller.ProductController.getProductList(ProductController.java:74) ~[classes/:?]
	at jdk.internal.reflect.NativeMethodAccessorImpl.invoke0(Native Method) ~[?:?]
	at jdk.internal.reflect.NativeMethodAccessorImpl.invoke(NativeMethodAccessorImpl.java:77) ~[?:?]
	at jdk.internal.reflect.DelegatingMethodAccessorImpl.invoke(DelegatingMethodAccessorImpl.java:43) ~[?:?]
	at java.lang.reflect.Method.invoke(Method.java:569) ~[?:?]
	at org.springframework.web.method.support.InvocableHandlerMethod.doInvoke(InvocableHandlerMethod.java:205) ~[spring-web-5.3.21.jar:5.3.21]
	at org.springframework.web.method.support.InvocableHandlerMethod.invokeForRequest(InvocableHandlerMethod.java:150) ~[spring-web-5.3.21.jar:5.3.21]
	at org.springframework.web.servlet.mvc.method.annotation.ServletInvocableHandlerMethod.invokeAndHandle(ServletInvocableHandlerMethod.java:117) ~[spring-webmvc-5.3.21.jar:5.3.21]
	at org.springframework.web.servlet.mvc.method.annotation.RequestMappingHandlerAdapter.invokeHandlerMethod(RequestMappingHandlerAdapter.java:895) ~[spring-webmvc-5.3.21.jar:5.3.21]
	at org.springframework.web.servlet.mvc.method.annotation.RequestMappingHandlerAdapter.handleInternal(RequestMappingHandlerAdapter.java:808) ~[spring-webmvc-5.3.21.jar:5.3.21]
	at org.springframework.web.servlet.mvc.method.AbstractHandlerMethodAdapter.handle(AbstractHandlerMethodAdapter.java:87) ~[spring-webmvc-5.3.21.jar:5.3.21]
	at org.springframework.web.servlet.DispatcherServlet.doDispatch(DispatcherServlet.java:1067) ~[spring-webmvc-5.3.21.jar:5.3.21]
	at org.springframework.web.servlet.DispatcherServlet.doService(DispatcherServlet.java:963) ~[spring-webmvc-5.3.21.jar:5.3.21]
	at org.springframework.web.servlet.FrameworkServlet.processRequest(FrameworkServlet.java:1006) ~[spring-webmvc-5.3.21.jar:5.3.21]
	at org.springframework.web.servlet.FrameworkServlet.doPost(FrameworkServlet.java:909) ~[spring-webmvc-5.3.21.jar:5.3.21]
	at javax.servlet.http.HttpServlet.service(HttpServlet.java:681) ~[tomcat-embed-core-9.0.64.jar:4.0.FR]
	at org.springframework.web.servlet.FrameworkServlet.service(FrameworkServlet.java:883) ~[spring-webmvc-5.3.21.jar:5.3.21]
	at javax.servlet.http.HttpServlet.service(HttpServlet.java:764) ~[tomcat-embed-core-9.0.64.jar:4.0.FR]
	at org.apache.catalina.core.ApplicationFilterChain.internalDoFilter(ApplicationFilterChain.java:227) ~[tomcat-embed-core-9.0.64.jar:9.0.64]
	at org.apache.catalina.core.ApplicationFilterChain.doFilter(ApplicationFilterChain.java:162) ~[tomcat-embed-core-9.0.64.jar:9.0.64]
	at org.apache.tomcat.websocket.server.WsFilter.doFilter(WsFilter.java:53) ~[tomcat-embed-websocket-9.0.64.jar:9.0.64]
	at org.apache.catalina.core.ApplicationFilterChain.internalDoFilter(ApplicationFilterChain.java:189) ~[tomcat-embed-core-9.0.64.jar:9.0.64]
	at org.apache.catalina.core.ApplicationFilterChain.doFilter(ApplicationFilterChain.java:162) ~[tomcat-embed-core-9.0.64.jar:9.0.64]
	at org.springframework.security.web.FilterChainProxy$VirtualFilterChain.doFilter(FilterChainProxy.java:327) ~[spring-security-web-5.7.2.jar:5.7.2]
	at org.springframework.security.web.access.intercept.AuthorizationFilter.doFilterInternal(AuthorizationFilter.java:73) ~[spring-security-web-5.7.2.jar:5.7.2]
	at org.springframework.web.filter.OncePerRequestFilter.doFilter(OncePerRequestFilter.java:117) ~[spring-web-5.3.21.jar:5.3.21]
	at org.springframework.security.web.FilterChainProxy$VirtualFilterChain.doFilter(FilterChainProxy.java:336) ~[spring-security-web-5.7.2.jar:5.7.2]
	at org.springframework.security.web.access.ExceptionTranslationFilter.doFilter(ExceptionTranslationFilter.java:122) ~[spring-security-web-5.7.2.jar:5.7.2]
	at org.springframework.security.web.access.ExceptionTranslationFilter.doFilter(ExceptionTranslationFilter.java:116) ~[spring-security-web-5.7.2.jar:5.7.2]
	at org.springframework.security.web.FilterChainProxy$VirtualFilterChain.doFilter(FilterChainProxy.java:336) ~[spring-security-web-5.7.2.jar:5.7.2]
	at org.springframework.security.web.session.SessionManagementFilter.doFilter(SessionManagementFilter.java:126) ~[spring-security-web-5.7.2.jar:5.7.2]
	at org.springframework.security.web.session.SessionManagementFilter.doFilter(SessionManagementFilter.java:81) ~[spring-security-web-5.7.2.jar:5.7.2]
	at org.springframework.security.web.FilterChainProxy$VirtualFilterChain.doFilter(FilterChainProxy.java:336) ~[spring-security-web-5.7.2.jar:5.7.2]
	at org.springframework.security.web.authentication.AnonymousAuthenticationFilter.doFilter(AnonymousAuthenticationFilter.java:109) ~[spring-security-web-5.7.2.jar:5.7.2]
	at org.springframework.security.web.FilterChainProxy$VirtualFilterChain.doFilter(FilterChainProxy.java:336) ~[spring-security-web-5.7.2.jar:5.7.2]
	at org.springframework.security.web.servletapi.SecurityContextHolderAwareRequestFilter.doFilter(SecurityContextHolderAwareRequestFilter.java:149) ~[spring-security-web-5.7.2.jar:5.7.2]
	at org.springframework.security.web.FilterChainProxy$VirtualFilterChain.doFilter(FilterChainProxy.java:336) ~[spring-security-web-5.7.2.jar:5.7.2]
	at org.springframework.security.web.savedrequest.RequestCacheAwareFilter.doFilter(RequestCacheAwareFilter.java:63) ~[spring-security-web-5.7.2.jar:5.7.2]
	at org.springframework.security.web.FilterChainProxy$VirtualFilterChain.doFilter(FilterChainProxy.java:336) ~[spring-security-web-5.7.2.jar:5.7.2]
	at org.springframework.security.web.authentication.AbstractAuthenticationProcessingFilter.doFilter(AbstractAuthenticationProcessingFilter.java:223) ~[spring-security-web-5.7.2.jar:5.7.2]
	at org.springframework.security.web.authentication.AbstractAuthenticationProcessingFilter.doFilter(AbstractAuthenticationProcessingFilter.java:217) ~[spring-security-web-5.7.2.jar:5.7.2]
	at org.springframework.security.web.FilterChainProxy$VirtualFilterChain.doFilter(FilterChainProxy.java:336) ~[spring-security-web-5.7.2.jar:5.7.2]
	at org.springframework.security.web.authentication.AbstractAuthenticationProcessingFilter.doFilter(AbstractAuthenticationProcessingFilter.java:223) ~[spring-security-web-5.7.2.jar:5.7.2]
	at org.springframework.security.web.authentication.AbstractAuthenticationProcessingFilter.doFilter(AbstractAuthenticationProcessingFilter.java:217) ~[spring-security-web-5.7.2.jar:5.7.2]
	at org.springframework.security.web.FilterChainProxy$VirtualFilterChain.doFilter(FilterChainProxy.java:336) ~[spring-security-web-5.7.2.jar:5.7.2]
	at com.ninimum.api.security.jwt.JwtAuthenticationFilter.doFilterInternal(JwtAuthenticationFilter.java:95) ~[classes/:?]
	at org.springframework.web.filter.OncePerRequestFilter.doFilter(OncePerRequestFilter.java:117) ~[spring-web-5.3.21.jar:5.3.21]
	at org.springframework.security.web.FilterChainProxy$VirtualFilterChain.doFilter(FilterChainProxy.java:336) ~[spring-security-web-5.7.2.jar:5.7.2]
	at org.springframework.security.web.authentication.logout.LogoutFilter.doFilter(LogoutFilter.java:103) ~[spring-security-web-5.7.2.jar:5.7.2]
	at org.springframework.security.web.authentication.logout.LogoutFilter.doFilter(LogoutFilter.java:89) ~[spring-security-web-5.7.2.jar:5.7.2]
	at org.springframework.security.web.FilterChainProxy$VirtualFilterChain.doFilter(FilterChainProxy.java:336) ~[spring-security-web-5.7.2.jar:5.7.2]
	at org.springframework.web.filter.CorsFilter.doFilterInternal(CorsFilter.java:91) ~[spring-web-5.3.21.jar:5.3.21]
	at org.springframework.web.filter.OncePerRequestFilter.doFilter(OncePerRequestFilter.java:117) ~[spring-web-5.3.21.jar:5.3.21]
	at org.springframework.security.web.FilterChainProxy$VirtualFilterChain.doFilter(FilterChainProxy.java:336) ~[spring-security-web-5.7.2.jar:5.7.2]
	at org.springframework.security.web.header.HeaderWriterFilter.doHeadersAfter(HeaderWriterFilter.java:90) ~[spring-security-web-5.7.2.jar:5.7.2]
	at org.springframework.security.web.header.HeaderWriterFilter.doFilterInternal(HeaderWriterFilter.java:75) ~[spring-security-web-5.7.2.jar:5.7.2]
	at org.springframework.web.filter.OncePerRequestFilter.doFilter(OncePerRequestFilter.java:117) ~[spring-web-5.3.21.jar:5.3.21]
	at org.springframework.security.web.FilterChainProxy$VirtualFilterChain.doFilter(FilterChainProxy.java:336) ~[spring-security-web-5.7.2.jar:5.7.2]
	at org.springframework.security.web.context.SecurityContextPersistenceFilter.doFilter(SecurityContextPersistenceFilter.java:112) ~[spring-security-web-5.7.2.jar:5.7.2]
	at org.springframework.security.web.context.SecurityContextPersistenceFilter.doFilter(SecurityContextPersistenceFilter.java:82) ~[spring-security-web-5.7.2.jar:5.7.2]
	at org.springframework.security.web.FilterChainProxy$VirtualFilterChain.doFilter(FilterChainProxy.java:336) ~[spring-security-web-5.7.2.jar:5.7.2]
	at org.springframework.security.web.context.request.async.WebAsyncManagerIntegrationFilter.doFilterInternal(WebAsyncManagerIntegrationFilter.java:55) ~[spring-security-web-5.7.2.jar:5.7.2]
	at org.springframework.web.filter.OncePerRequestFilter.doFilter(OncePerRequestFilter.java:117) ~[spring-web-5.3.21.jar:5.3.21]
	at org.springframework.security.web.FilterChainProxy$VirtualFilterChain.doFilter(FilterChainProxy.java:336) ~[spring-security-web-5.7.2.jar:5.7.2]
	at org.springframework.security.web.session.DisableEncodeUrlFilter.doFilterInternal(DisableEncodeUrlFilter.java:42) ~[spring-security-web-5.7.2.jar:5.7.2]
	at org.springframework.web.filter.OncePerRequestFilter.doFilter(OncePerRequestFilter.java:117) ~[spring-web-5.3.21.jar:5.3.21]
	at org.springframework.security.web.FilterChainProxy$VirtualFilterChain.doFilter(FilterChainProxy.java:336) ~[spring-security-web-5.7.2.jar:5.7.2]
	at org.springframework.security.web.FilterChainProxy.doFilterInternal(FilterChainProxy.java:211) ~[spring-security-web-5.7.2.jar:5.7.2]
	at org.springframework.security.web.FilterChainProxy.doFilter(FilterChainProxy.java:183) ~[spring-security-web-5.7.2.jar:5.7.2]
	at org.springframework.web.filter.DelegatingFilterProxy.invokeDelegate(DelegatingFilterProxy.java:354) ~[spring-web-5.3.21.jar:5.3.21]
	at org.springframework.web.filter.DelegatingFilterProxy.doFilter(DelegatingFilterProxy.java:267) ~[spring-web-5.3.21.jar:5.3.21]
	at org.apache.catalina.core.ApplicationFilterChain.internalDoFilter(ApplicationFilterChain.java:189) ~[tomcat-embed-core-9.0.64.jar:9.0.64]
	at org.apache.catalina.core.ApplicationFilterChain.doFilter(ApplicationFilterChain.java:162) ~[tomcat-embed-core-9.0.64.jar:9.0.64]
	at org.springframework.web.filter.RequestContextFilter.doFilterInternal(RequestContextFilter.java:100) ~[spring-web-5.3.21.jar:5.3.21]
	at org.springframework.web.filter.OncePerRequestFilter.doFilter(OncePerRequestFilter.java:117) ~[spring-web-5.3.21.jar:5.3.21]
	at org.apache.catalina.core.ApplicationFilterChain.internalDoFilter(ApplicationFilterChain.java:189) ~[tomcat-embed-core-9.0.64.jar:9.0.64]
	at org.apache.catalina.core.ApplicationFilterChain.doFilter(ApplicationFilterChain.java:162) ~[tomcat-embed-core-9.0.64.jar:9.0.64]
	at org.springframework.web.filter.FormContentFilter.doFilterInternal(FormContentFilter.java:93) ~[spring-web-5.3.21.jar:5.3.21]
	at org.springframework.web.filter.OncePerRequestFilter.doFilter(OncePerRequestFilter.java:117) ~[spring-web-5.3.21.jar:5.3.21]
	at org.apache.catalina.core.ApplicationFilterChain.internalDoFilter(ApplicationFilterChain.java:189) ~[tomcat-embed-core-9.0.64.jar:9.0.64]
	at org.apache.catalina.core.ApplicationFilterChain.doFilter(ApplicationFilterChain.java:162) ~[tomcat-embed-core-9.0.64.jar:9.0.64]
	at org.springframework.boot.actuate.metrics.web.servlet.WebMvcMetricsFilter.doFilterInternal(WebMvcMetricsFilter.java:96) ~[spring-boot-actuator-2.7.1.jar:2.7.1]
	at org.springframework.web.filter.OncePerRequestFilter.doFilter(OncePerRequestFilter.java:117) ~[spring-web-5.3.21.jar:5.3.21]
	at org.apache.catalina.core.ApplicationFilterChain.internalDoFilter(ApplicationFilterChain.java:189) ~[tomcat-embed-core-9.0.64.jar:9.0.64]
	at org.apache.catalina.core.ApplicationFilterChain.doFilter(ApplicationFilterChain.java:162) ~[tomcat-embed-core-9.0.64.jar:9.0.64]
	at org.springframework.web.filter.CharacterEncodingFilter.doFilterInternal(CharacterEncodingFilter.java:201) ~[spring-web-5.3.21.jar:5.3.21]
	at org.springframework.web.filter.OncePerRequestFilter.doFilter(OncePerRequestFilter.java:117) ~[spring-web-5.3.21.jar:5.3.21]
	at org.apache.catalina.core.ApplicationFilterChain.internalDoFilter(ApplicationFilterChain.java:189) ~[tomcat-embed-core-9.0.64.jar:9.0.64]
	at org.apache.catalina.core.ApplicationFilterChain.doFilter(ApplicationFilterChain.java:162) ~[tomcat-embed-core-9.0.64.jar:9.0.64]
	at org.apache.catalina.core.StandardWrapperValve.invoke(StandardWrapperValve.java:197) ~[tomcat-embed-core-9.0.64.jar:9.0.64]
	at org.apache.catalina.core.StandardContextValve.invoke(StandardContextValve.java:97) ~[tomcat-embed-core-9.0.64.jar:9.0.64]
	at org.apache.catalina.authenticator.AuthenticatorBase.invoke(AuthenticatorBase.java:541) ~[tomcat-embed-core-9.0.64.jar:9.0.64]
	at org.apache.catalina.core.StandardHostValve.invoke(StandardHostValve.java:135) ~[tomcat-embed-core-9.0.64.jar:9.0.64]
	at org.apache.catalina.valves.ErrorReportValve.invoke(ErrorReportValve.java:92) ~[tomcat-embed-core-9.0.64.jar:9.0.64]
	at org.apache.catalina.core.StandardEngineValve.invoke(StandardEngineValve.java:78) ~[tomcat-embed-core-9.0.64.jar:9.0.64]
	at org.apache.catalina.connector.CoyoteAdapter.service(CoyoteAdapter.java:360) ~[tomcat-embed-core-9.0.64.jar:9.0.64]
	at org.apache.coyote.http11.Http11Processor.service(Http11Processor.java:399) ~[tomcat-embed-core-9.0.64.jar:9.0.64]
	at org.apache.coyote.AbstractProcessorLight.process(AbstractProcessorLight.java:65) ~[tomcat-embed-core-9.0.64.jar:9.0.64]
	at org.apache.coyote.AbstractProtocol$ConnectionHandler.process(AbstractProtocol.java:890) ~[tomcat-embed-core-9.0.64.jar:9.0.64]
	at org.apache.tomcat.util.net.NioEndpoint$SocketProcessor.doRun(NioEndpoint.java:1787) ~[tomcat-embed-core-9.0.64.jar:9.0.64]
	at org.apache.tomcat.util.net.SocketProcessorBase.run(SocketProcessorBase.java:49) ~[tomcat-embed-core-9.0.64.jar:9.0.64]
	at org.apache.tomcat.util.threads.ThreadPoolExecutor.runWorker(ThreadPoolExecutor.java:1191) ~[tomcat-embed-core-9.0.64.jar:9.0.64]
	at org.apache.tomcat.util.threads.ThreadPoolExecutor$Worker.run(ThreadPoolExecutor.java:659) ~[tomcat-embed-core-9.0.64.jar:9.0.64]
	at org.apache.tomcat.util.threads.TaskThread$WrappingRunnable.run(TaskThread.java:61) ~[tomcat-embed-core-9.0.64.jar:9.0.64]
	at java.lang.Thread.run(Thread.java:840) ~[?:?]
Caused by: org.apache.ibatis.reflection.ReflectionException: There is no getter for property named 'userId' in 'class com.ninimum.api.param.ProductListParam'
	at org.apache.ibatis.reflection.Reflector.getGetInvoker(Reflector.java:374) ~[mybatis-3.5.9.jar:3.5.9]
	at org.apache.ibatis.reflection.MetaClass.getGetInvoker(MetaClass.java:164) ~[mybatis-3.5.9.jar:3.5.9]
	at org.apache.ibatis.reflection.wrapper.BeanWrapper.getBeanProperty(BeanWrapper.java:162) ~[mybatis-3.5.9.jar:3.5.9]
	at org.apache.ibatis.reflection.wrapper.BeanWrapper.get(BeanWrapper.java:49) ~[mybatis-3.5.9.jar:3.5.9]
	at org.apache.ibatis.reflection.MetaObject.getValue(MetaObject.java:122) ~[mybatis-3.5.9.jar:3.5.9]
	at org.apache.ibatis.executor.BaseExecutor.createCacheKey(BaseExecutor.java:219) ~[mybatis-3.5.9.jar:3.5.9]
	at org.apache.ibatis.executor.CachingExecutor.createCacheKey(CachingExecutor.java:146) ~[mybatis-3.5.9.jar:3.5.9]
	at org.apache.ibatis.executor.CachingExecutor.query(CachingExecutor.java:88) ~[mybatis-3.5.9.jar:3.5.9]
	at org.apache.ibatis.session.defaults.DefaultSqlSession.selectList(DefaultSqlSession.java:151) ~[mybatis-3.5.9.jar:3.5.9]
	at org.apache.ibatis.session.defaults.DefaultSqlSession.selectList(DefaultSqlSession.java:145) ~[mybatis-3.5.9.jar:3.5.9]
	at org.apache.ibatis.session.defaults.DefaultSqlSession.selectList(DefaultSqlSession.java:140) ~[mybatis-3.5.9.jar:3.5.9]
	at jdk.internal.reflect.NativeMethodAccessorImpl.invoke0(Native Method) ~[?:?]
	at jdk.internal.reflect.NativeMethodAccessorImpl.invoke(NativeMethodAccessorImpl.java:77) ~[?:?]
	at jdk.internal.reflect.DelegatingMethodAccessorImpl.invoke(DelegatingMethodAccessorImpl.java:43) ~[?:?]
	at java.lang.reflect.Method.invoke(Method.java:569) ~[?:?]
	at org.mybatis.spring.SqlSessionTemplate$SqlSessionInterceptor.invoke(SqlSessionTemplate.java:427) ~[mybatis-spring-2.0.7.jar:2.0.7]
	... 119 more
2026-06-03 19:24:42 [SpringApplicationShutdownHook] INFO  com.zaxxer.hikari.HikariDataSource - HikariPool-1 - Shutdown initiated...
2026-06-03 19:24:42 [SpringApplicationShutdownHook] INFO  com.zaxxer.hikari.HikariDataSource - HikariPool-1 - Shutdown completed.
2026-06-03 19:31:07 [restartedMain] INFO  com.ninimum.api.NinimumApplication - Starting NinimumApplication using Java 17.0.14 on Akmalui-MacBookPro.local with PID 39304 (/Users/akmalbukhariev/Projects/NinimumBackend/NinimumBackend/target/classes started by akmalbukhariev in /Users/akmalbukhariev/Projects/NinimumBackend/NinimumBackend)
2026-06-03 19:31:07 [restartedMain] INFO  com.ninimum.api.NinimumApplication - The following 1 profile is active: "default"
2026-06-03 19:31:07 [restartedMain] INFO  org.springframework.boot.devtools.env.DevToolsPropertyDefaultsPostProcessor - Devtools property defaults active! Set 'spring.devtools.add-properties' to 'false' to disable
2026-06-03 19:31:07 [restartedMain] INFO  org.springframework.boot.devtools.env.DevToolsPropertyDefaultsPostProcessor - For additional web related logging consider setting the 'logging.level.web' property to 'DEBUG'
2026-06-03 19:31:08 [restartedMain] INFO  org.springframework.data.repository.config.RepositoryConfigurationDelegate - Bootstrapping Spring Data JDBC repositories in DEFAULT mode.
2026-06-03 19:31:08 [restartedMain] INFO  org.springframework.data.repository.config.RepositoryConfigurationDelegate - Finished Spring Data repository scanning in 30 ms. Found 0 JDBC repository interfaces.
2026-06-03 19:31:09 [restartedMain] INFO  com.ulisesbocchio.jasyptspringboot.configuration.EnableEncryptablePropertiesBeanFactoryPostProcessor - Post-processing PropertySource instances
2026-06-03 19:31:09 [restartedMain] INFO  com.ulisesbocchio.jasyptspringboot.EncryptablePropertySourceConverter - Skipping PropertySource configurationProperties [class org.springframework.boot.context.properties.source.ConfigurationPropertySourcesPropertySource
2026-06-03 19:31:09 [restartedMain] INFO  com.ulisesbocchio.jasyptspringboot.EncryptablePropertySourceConverter - Skipping PropertySource servletConfigInitParams [class org.springframework.core.env.PropertySource$StubPropertySource
2026-06-03 19:31:09 [restartedMain] INFO  com.ulisesbocchio.jasyptspringboot.EncryptablePropertySourceConverter - Skipping PropertySource servletContextInitParams [class org.springframework.core.env.PropertySource$StubPropertySource
2026-06-03 19:31:09 [restartedMain] INFO  com.ulisesbocchio.jasyptspringboot.EncryptablePropertySourceConverter - Converting PropertySource systemProperties [org.springframework.core.env.PropertiesPropertySource] to EncryptableMapPropertySourceWrapper
2026-06-03 19:31:09 [restartedMain] INFO  com.ulisesbocchio.jasyptspringboot.EncryptablePropertySourceConverter - Converting PropertySource systemEnvironment [org.springframework.boot.env.SystemEnvironmentPropertySourceEnvironmentPostProcessor$OriginAwareSystemEnvironmentPropertySource] to EncryptableSystemEnvironmentPropertySourceWrapper
2026-06-03 19:31:09 [restartedMain] INFO  com.ulisesbocchio.jasyptspringboot.EncryptablePropertySourceConverter - Converting PropertySource random [org.springframework.boot.env.RandomValuePropertySource] to EncryptablePropertySourceWrapper
2026-06-03 19:31:09 [restartedMain] INFO  com.ulisesbocchio.jasyptspringboot.EncryptablePropertySourceConverter - Converting PropertySource Config resource 'class path resource [application.yaml]' via location 'optional:classpath:/' [org.springframework.boot.env.OriginTrackedMapPropertySource] to EncryptableMapPropertySourceWrapper
2026-06-03 19:31:09 [restartedMain] INFO  com.ulisesbocchio.jasyptspringboot.EncryptablePropertySourceConverter - Converting PropertySource devtools [org.springframework.core.env.MapPropertySource] to EncryptableMapPropertySourceWrapper
2026-06-03 19:31:09 [restartedMain] INFO  com.ulisesbocchio.jasyptspringboot.filter.DefaultLazyPropertyFilter - Property Filter custom Bean not found with name 'encryptablePropertyFilter'. Initializing Default Property Filter
2026-06-03 19:31:09 [restartedMain] INFO  com.ulisesbocchio.jasyptspringboot.resolver.DefaultLazyPropertyResolver - Property Resolver custom Bean not found with name 'encryptablePropertyResolver'. Initializing Default Property Resolver
2026-06-03 19:31:09 [restartedMain] INFO  com.ulisesbocchio.jasyptspringboot.detector.DefaultLazyPropertyDetector - Property Detector custom Bean not found with name 'encryptablePropertyDetector'. Initializing Default Property Detector
2026-06-03 19:31:09 [restartedMain] INFO  org.springframework.boot.web.embedded.tomcat.TomcatWebServer - Tomcat initialized with port(s): 8083 (http)
2026-06-03 19:31:09 [restartedMain] INFO  org.springframework.boot.web.servlet.context.ServletWebServerApplicationContext - Root WebApplicationContext: initialization completed in 2299 ms
2026-06-03 19:31:11 [restartedMain] INFO  org.springframework.boot.actuate.endpoint.web.EndpointLinksResolver - Exposing 2 endpoint(s) beneath base path '/actuator'
2026-06-03 19:31:11 [restartedMain] INFO  org.springframework.security.web.DefaultSecurityFilterChain - Will secure any request with [org.springframework.security.web.session.DisableEncodeUrlFilter@fb54bf5, org.springframework.security.web.context.request.async.WebAsyncManagerIntegrationFilter@41f3cfc9, org.springframework.security.web.context.SecurityContextPersistenceFilter@583a6f42, org.springframework.security.web.header.HeaderWriterFilter@7d44cf93, org.springframework.web.filter.CorsFilter@24949d, org.springframework.security.web.authentication.logout.LogoutFilter@2293885a, com.ninimum.api.security.jwt.JwtAuthenticationFilter@731a39e9, com.ninimum.api.security.filter.UserAuthenticationFilter@56552e9c, com.ninimum.api.security.filter.AdminAuthenticationFilter@9072e18, org.springframework.security.web.savedrequest.RequestCacheAwareFilter@206ab875, org.springframework.security.web.servletapi.SecurityContextHolderAwareRequestFilter@2a8ee775, org.springframework.security.web.authentication.AnonymousAuthenticationFilter@2d23c3d9, org.springframework.security.web.session.SessionManagementFilter@3d509ed9, org.springframework.security.web.access.ExceptionTranslationFilter@56daaf32, org.springframework.security.web.access.intercept.AuthorizationFilter@5ba2b547]
2026-06-03 19:31:11 [restartedMain] WARN  org.springframework.security.config.annotation.web.builders.WebSecurity - You are asking Spring Security to ignore Ant [pattern='/**/webjars/**']. This is not recommended -- please use permitAll via HttpSecurity#authorizeHttpRequests instead.
2026-06-03 19:31:11 [restartedMain] INFO  org.springframework.security.web.DefaultSecurityFilterChain - Will not secure Ant [pattern='/**/webjars/**']
2026-06-03 19:31:11 [restartedMain] WARN  org.springframework.security.config.annotation.web.builders.WebSecurity - You are asking Spring Security to ignore Ant [pattern='/uploads/**']. This is not recommended -- please use permitAll via HttpSecurity#authorizeHttpRequests instead.
2026-06-03 19:31:11 [restartedMain] INFO  org.springframework.security.web.DefaultSecurityFilterChain - Will not secure Ant [pattern='/uploads/**']
2026-06-03 19:31:11 [restartedMain] WARN  org.springframework.security.config.annotation.web.builders.WebSecurity - You are asking Spring Security to ignore Ant [pattern='/v2/api-docs']. This is not recommended -- please use permitAll via HttpSecurity#authorizeHttpRequests instead.
2026-06-03 19:31:11 [restartedMain] INFO  org.springframework.security.web.DefaultSecurityFilterChain - Will not secure Ant [pattern='/v2/api-docs']
2026-06-03 19:31:11 [restartedMain] WARN  org.springframework.security.config.annotation.web.builders.WebSecurity - You are asking Spring Security to ignore Ant [pattern='/swagger-resources']. This is not recommended -- please use permitAll via HttpSecurity#authorizeHttpRequests instead.
2026-06-03 19:31:11 [restartedMain] INFO  org.springframework.security.web.DefaultSecurityFilterChain - Will not secure Ant [pattern='/swagger-resources']
2026-06-03 19:31:11 [restartedMain] WARN  org.springframework.security.config.annotation.web.builders.WebSecurity - You are asking Spring Security to ignore Ant [pattern='/swagger-resources/**']. This is not recommended -- please use permitAll via HttpSecurity#authorizeHttpRequests instead.
2026-06-03 19:31:11 [restartedMain] INFO  org.springframework.security.web.DefaultSecurityFilterChain - Will not secure Ant [pattern='/swagger-resources/**']
2026-06-03 19:31:11 [restartedMain] WARN  org.springframework.security.config.annotation.web.builders.WebSecurity - You are asking Spring Security to ignore Ant [pattern='/configuration/ui']. This is not recommended -- please use permitAll via HttpSecurity#authorizeHttpRequests instead.
2026-06-03 19:31:11 [restartedMain] INFO  org.springframework.security.web.DefaultSecurityFilterChain - Will not secure Ant [pattern='/configuration/ui']
2026-06-03 19:31:11 [restartedMain] WARN  org.springframework.security.config.annotation.web.builders.WebSecurity - You are asking Spring Security to ignore Ant [pattern='/configuration/security']. This is not recommended -- please use permitAll via HttpSecurity#authorizeHttpRequests instead.
2026-06-03 19:31:11 [restartedMain] INFO  org.springframework.security.web.DefaultSecurityFilterChain - Will not secure Ant [pattern='/configuration/security']
2026-06-03 19:31:11 [restartedMain] WARN  org.springframework.security.config.annotation.web.builders.WebSecurity - You are asking Spring Security to ignore Ant [pattern='/swagger-ui/**']. This is not recommended -- please use permitAll via HttpSecurity#authorizeHttpRequests instead.
2026-06-03 19:31:11 [restartedMain] INFO  org.springframework.security.web.DefaultSecurityFilterChain - Will not secure Ant [pattern='/swagger-ui/**']
2026-06-03 19:31:11 [restartedMain] WARN  org.springframework.security.config.annotation.web.builders.WebSecurity - You are asking Spring Security to ignore Ant [pattern='/webjars/**']. This is not recommended -- please use permitAll via HttpSecurity#authorizeHttpRequests instead.
2026-06-03 19:31:11 [restartedMain] INFO  org.springframework.security.web.DefaultSecurityFilterChain - Will not secure Ant [pattern='/webjars/**']
2026-06-03 19:31:11 [restartedMain] WARN  org.springframework.security.config.annotation.web.builders.WebSecurity - You are asking Spring Security to ignore Ant [pattern='/v3/api-docs/**']. This is not recommended -- please use permitAll via HttpSecurity#authorizeHttpRequests instead.
2026-06-03 19:31:11 [restartedMain] INFO  org.springframework.security.web.DefaultSecurityFilterChain - Will not secure Ant [pattern='/v3/api-docs/**']
2026-06-03 19:31:11 [restartedMain] WARN  org.springframework.security.config.annotation.web.builders.WebSecurity - You are asking Spring Security to ignore Ant [pattern='/actuator/health/**']. This is not recommended -- please use permitAll via HttpSecurity#authorizeHttpRequests instead.
2026-06-03 19:31:11 [restartedMain] INFO  org.springframework.security.web.DefaultSecurityFilterChain - Will not secure Ant [pattern='/actuator/health/**']
2026-06-03 19:31:11 [restartedMain] WARN  org.springframework.security.config.annotation.web.builders.WebSecurity - You are asking Spring Security to ignore Ant [pattern='/actuator/info']. This is not recommended -- please use permitAll via HttpSecurity#authorizeHttpRequests instead.
2026-06-03 19:31:11 [restartedMain] INFO  org.springframework.security.web.DefaultSecurityFilterChain - Will not secure Ant [pattern='/actuator/info']
2026-06-03 19:31:11 [restartedMain] WARN  org.springframework.security.config.annotation.web.builders.WebSecurity - You are asking Spring Security to ignore Ant [pattern='/ninimum/actuator/**']. This is not recommended -- please use permitAll via HttpSecurity#authorizeHttpRequests instead.
2026-06-03 19:31:11 [restartedMain] INFO  org.springframework.security.web.DefaultSecurityFilterChain - Will not secure Ant [pattern='/ninimum/actuator/**']
2026-06-03 19:31:11 [restartedMain] WARN  org.springframework.security.config.annotation.web.builders.WebSecurity - You are asking Spring Security to ignore Ant [pattern='/api/v1/status']. This is not recommended -- please use permitAll via HttpSecurity#authorizeHttpRequests instead.
2026-06-03 19:31:11 [restartedMain] INFO  org.springframework.security.web.DefaultSecurityFilterChain - Will not secure Ant [pattern='/api/v1/status']
2026-06-03 19:31:11 [restartedMain] WARN  org.springframework.security.config.annotation.web.builders.WebSecurity - You are asking Spring Security to ignore Ant [pattern='/ninimum/api/v1/status']. This is not recommended -- please use permitAll via HttpSecurity#authorizeHttpRequests instead.
2026-06-03 19:31:11 [restartedMain] INFO  org.springframework.security.web.DefaultSecurityFilterChain - Will not secure Ant [pattern='/ninimum/api/v1/status']
2026-06-03 19:31:11 [restartedMain] WARN  org.springframework.security.config.annotation.web.builders.WebSecurity - You are asking Spring Security to ignore Ant [pattern='/ninimum/api/v1/user/checkPhoneNumber']. This is not recommended -- please use permitAll via HttpSecurity#authorizeHttpRequests instead.
2026-06-03 19:31:11 [restartedMain] INFO  org.springframework.security.web.DefaultSecurityFilterChain - Will not secure Ant [pattern='/ninimum/api/v1/user/checkPhoneNumber']
2026-06-03 19:31:11 [restartedMain] WARN  org.springframework.security.config.annotation.web.builders.WebSecurity - You are asking Spring Security to ignore Ant [pattern='/ninimum/api/v1/user/register']. This is not recommended -- please use permitAll via HttpSecurity#authorizeHttpRequests instead.
2026-06-03 19:31:11 [restartedMain] INFO  org.springframework.security.web.DefaultSecurityFilterChain - Will not secure Ant [pattern='/ninimum/api/v1/user/register']
2026-06-03 19:31:11 [restartedMain] WARN  org.springframework.security.config.annotation.web.builders.WebSecurity - You are asking Spring Security to ignore Ant [pattern='/ninimum/api/v1/message/verifyPhoneNumber']. This is not recommended -- please use permitAll via HttpSecurity#authorizeHttpRequests instead.
2026-06-03 19:31:11 [restartedMain] INFO  org.springframework.security.web.DefaultSecurityFilterChain - Will not secure Ant [pattern='/ninimum/api/v1/message/verifyPhoneNumber']
2026-06-03 19:31:11 [restartedMain] WARN  org.springframework.security.config.annotation.web.builders.WebSecurity - You are asking Spring Security to ignore Ant [pattern='/error']. This is not recommended -- please use permitAll via HttpSecurity#authorizeHttpRequests instead.
2026-06-03 19:31:11 [restartedMain] INFO  org.springframework.security.web.DefaultSecurityFilterChain - Will not secure Ant [pattern='/error']
2026-06-03 19:31:12 [restartedMain] INFO  com.zaxxer.hikari.HikariDataSource - HikariPool-1 - Starting...
2026-06-03 19:31:13 [restartedMain] INFO  com.zaxxer.hikari.HikariDataSource - HikariPool-1 - Start completed.
2026-06-03 19:31:13 [restartedMain] INFO  org.springframework.boot.devtools.autoconfigure.OptionalLiveReloadServer - LiveReload server is running on port 35729
2026-06-03 19:31:13 [restartedMain] INFO  org.springframework.boot.web.embedded.tomcat.TomcatWebServer - Tomcat started on port(s): 8083 (http) with context path ''
2026-06-03 19:31:13 [restartedMain] INFO  com.ulisesbocchio.jasyptspringboot.caching.RefreshScopeRefreshedEventListener - Refreshing cached encryptable property sources on ServletWebServerInitializedEvent
2026-06-03 19:31:13 [restartedMain] INFO  com.ulisesbocchio.jasyptspringboot.caching.CachingDelegateEncryptablePropertySource - Property Source systemProperties refreshed
2026-06-03 19:31:13 [restartedMain] INFO  com.ulisesbocchio.jasyptspringboot.caching.CachingDelegateEncryptablePropertySource - Property Source systemEnvironment refreshed
2026-06-03 19:31:13 [restartedMain] INFO  com.ulisesbocchio.jasyptspringboot.caching.CachingDelegateEncryptablePropertySource - Property Source random refreshed
2026-06-03 19:31:13 [restartedMain] INFO  com.ulisesbocchio.jasyptspringboot.caching.CachingDelegateEncryptablePropertySource - Property Source Config resource 'class path resource [application.yaml]' via location 'optional:classpath:/' refreshed
2026-06-03 19:31:13 [restartedMain] INFO  com.ulisesbocchio.jasyptspringboot.caching.CachingDelegateEncryptablePropertySource - Property Source devtools refreshed
2026-06-03 19:31:13 [restartedMain] INFO  com.ulisesbocchio.jasyptspringboot.EncryptablePropertySourceConverter - Converting PropertySource server.ports [org.springframework.core.env.MapPropertySource] to EncryptableMapPropertySourceWrapper
2026-06-03 19:31:13 [restartedMain] INFO  com.ulisesbocchio.jasyptspringboot.EncryptablePropertySourceConverter - Skipping PropertySource configurationProperties [class org.springframework.boot.context.properties.source.ConfigurationPropertySourcesPropertySource
2026-06-03 19:31:13 [restartedMain] INFO  com.ulisesbocchio.jasyptspringboot.EncryptablePropertySourceConverter - Skipping PropertySource servletConfigInitParams [class org.springframework.core.env.PropertySource$StubPropertySource
2026-06-03 19:31:13 [restartedMain] INFO  com.ulisesbocchio.jasyptspringboot.EncryptablePropertySourceConverter - Converting PropertySource servletContextInitParams [org.springframework.web.context.support.ServletContextPropertySource] to EncryptableEnumerablePropertySourceWrapper
2026-06-03 19:31:13 [restartedMain] INFO  com.ulisesbocchio.jasyptspringboot.EncryptablePropertySourceConverter - Converting PropertySource Management Server [org.springframework.boot.actuate.autoconfigure.web.server.ManagementContextAutoConfiguration$SameManagementContextConfiguration$1] to EncryptablePropertySourceWrapper
2026-06-03 19:31:13 [restartedMain] INFO  com.ninimum.api.NinimumApplication - Started NinimumApplication in 6.619 seconds (JVM running for 7.927)
2026-06-03 19:31:23 [http-nio-0.0.0.0-8083-exec-1] INFO  org.springframework.web.servlet.DispatcherServlet - Initializing Servlet 'dispatcherServlet'
2026-06-03 19:31:23 [http-nio-0.0.0.0-8083-exec-1] INFO  org.springframework.web.servlet.DispatcherServlet - Completed initialization in 1 ms
2026-06-03 19:31:24 [http-nio-0.0.0.0-8083-exec-4] INFO  org.springdoc.api.AbstractOpenApiResource - Init duration for springdoc-openapi is: 673 ms
2026-06-03 19:33:53 [http-nio-0.0.0.0-8083-exec-6] INFO  com.ninimum.api.security.jwt.JwtAuthenticationFilter - bearerToken==> null
2026-06-03 19:34:06 [http-nio-0.0.0.0-8083-exec-7] INFO  com.ninimum.api.security.jwt.JwtAuthenticationFilter - bearerToken==> Bearer eyJhbGciOiJIUzI1NiJ9.eyJzdWIiOiI5OTg5OTg4ODc3NjYiLCJhdXRoIjoiVVNFUiIsImV4cCI6MTgxMjAxNjg4Nn0.ZdW5oXEWeZrnOg9qRJBKfdZMSau_TZck-5vHYBCPzjw
2026-06-03 20:38:42 [http-nio-0.0.0.0-8083-exec-9] INFO  com.ninimum.api.security.provider.UserAuthenticationProvider - userId => 998998887766
2026-06-03 20:38:42 [http-nio-0.0.0.0-8083-exec-9] INFO  com.ninimum.api.security.provider.UserAuthenticationProvider - passwd => 123
2026-06-03 20:38:47 [http-nio-0.0.0.0-8083-exec-10] INFO  com.ninimum.api.security.jwt.JwtAuthenticationFilter - bearerToken==> Bearer eyJhbGciOiJIUzI1NiJ9.eyJzdWIiOiI5OTg5OTg4ODc3NjYiLCJhdXRoIjoiVVNFUiIsImV4cCI6MTgxMjAyMjcyM30.GOIdvkWv_uQaEL5vyb5uUX4EALH-v7Q2XOkXdObi2Uw
2026-06-03 20:39:56 [http-nio-0.0.0.0-8083-exec-2] INFO  com.ninimum.api.security.jwt.JwtAuthenticationFilter - bearerToken==> Bearer eyJhbGciOiJIUzI1NiJ9.eyJzdWIiOiI5OTg5OTg4ODc3NjYiLCJhdXRoIjoiVVNFUiIsImV4cCI6MTgxMjAyMjcyM30.GOIdvkWv_uQaEL5vyb5uUX4EALH-v7Q2XOkXdObi2Uw
2026-06-03 20:41:01 [http-nio-0.0.0.0-8083-exec-4] INFO  com.ninimum.api.security.jwt.JwtAuthenticationFilter - bearerToken==> Bearer eyJhbGciOiJIUzI1NiJ9.eyJzdWIiOiI5OTg5OTg4ODc3NjYiLCJhdXRoIjoiVVNFUiIsImV4cCI6MTgxMjAxNjg4Nn0.ZdW5oXEWeZrnOg9qRJBKfdZMSau_TZck-5vHYBCPzjw
2026-06-03 20:43:14 [SpringApplicationShutdownHook] INFO  com.zaxxer.hikari.HikariDataSource - HikariPool-1 - Shutdown initiated...
2026-06-03 20:43:14 [SpringApplicationShutdownHook] INFO  com.zaxxer.hikari.HikariDataSource - HikariPool-1 - Shutdown completed.
2026-06-03 20:43:43 [restartedMain] INFO  com.ninimum.api.NinimumApplication - Starting NinimumApplication using Java 17.0.14 on MacBookPro.Davolink with PID 45076 (/Users/akmalbukhariev/Projects/NinimumBackend/NinimumBackend/target/classes started by akmalbukhariev in /Users/akmalbukhariev/Projects/NinimumBackend/NinimumBackend)
2026-06-03 20:43:43 [restartedMain] INFO  com.ninimum.api.NinimumApplication - The following 1 profile is active: "default"
2026-06-03 20:43:43 [restartedMain] INFO  org.springframework.boot.devtools.env.DevToolsPropertyDefaultsPostProcessor - Devtools property defaults active! Set 'spring.devtools.add-properties' to 'false' to disable
2026-06-03 20:43:43 [restartedMain] INFO  org.springframework.boot.devtools.env.DevToolsPropertyDefaultsPostProcessor - For additional web related logging consider setting the 'logging.level.web' property to 'DEBUG'
2026-06-03 20:43:45 [restartedMain] INFO  org.springframework.data.repository.config.RepositoryConfigurationDelegate - Bootstrapping Spring Data JDBC repositories in DEFAULT mode.
2026-06-03 20:43:45 [restartedMain] INFO  org.springframework.data.repository.config.RepositoryConfigurationDelegate - Finished Spring Data repository scanning in 33 ms. Found 0 JDBC repository interfaces.
2026-06-03 20:43:45 [restartedMain] INFO  com.ulisesbocchio.jasyptspringboot.configuration.EnableEncryptablePropertiesBeanFactoryPostProcessor - Post-processing PropertySource instances
2026-06-03 20:43:45 [restartedMain] INFO  com.ulisesbocchio.jasyptspringboot.EncryptablePropertySourceConverter - Skipping PropertySource configurationProperties [class org.springframework.boot.context.properties.source.ConfigurationPropertySourcesPropertySource
2026-06-03 20:43:45 [restartedMain] INFO  com.ulisesbocchio.jasyptspringboot.EncryptablePropertySourceConverter - Skipping PropertySource servletConfigInitParams [class org.springframework.core.env.PropertySource$StubPropertySource
2026-06-03 20:43:45 [restartedMain] INFO  com.ulisesbocchio.jasyptspringboot.EncryptablePropertySourceConverter - Skipping PropertySource servletContextInitParams [class org.springframework.core.env.PropertySource$StubPropertySource
2026-06-03 20:43:45 [restartedMain] INFO  com.ulisesbocchio.jasyptspringboot.EncryptablePropertySourceConverter - Converting PropertySource systemProperties [org.springframework.core.env.PropertiesPropertySource] to EncryptableMapPropertySourceWrapper
2026-06-03 20:43:45 [restartedMain] INFO  com.ulisesbocchio.jasyptspringboot.EncryptablePropertySourceConverter - Converting PropertySource systemEnvironment [org.springframework.boot.env.SystemEnvironmentPropertySourceEnvironmentPostProcessor$OriginAwareSystemEnvironmentPropertySource] to EncryptableSystemEnvironmentPropertySourceWrapper
2026-06-03 20:43:45 [restartedMain] INFO  com.ulisesbocchio.jasyptspringboot.EncryptablePropertySourceConverter - Converting PropertySource random [org.springframework.boot.env.RandomValuePropertySource] to EncryptablePropertySourceWrapper
2026-06-03 20:43:45 [restartedMain] INFO  com.ulisesbocchio.jasyptspringboot.EncryptablePropertySourceConverter - Converting PropertySource Config resource 'class path resource [application.yaml]' via location 'optional:classpath:/' [org.springframework.boot.env.OriginTrackedMapPropertySource] to EncryptableMapPropertySourceWrapper
2026-06-03 20:43:45 [restartedMain] INFO  com.ulisesbocchio.jasyptspringboot.EncryptablePropertySourceConverter - Converting PropertySource devtools [org.springframework.core.env.MapPropertySource] to EncryptableMapPropertySourceWrapper
2026-06-03 20:43:45 [restartedMain] INFO  com.ulisesbocchio.jasyptspringboot.filter.DefaultLazyPropertyFilter - Property Filter custom Bean not found with name 'encryptablePropertyFilter'. Initializing Default Property Filter
2026-06-03 20:43:45 [restartedMain] INFO  com.ulisesbocchio.jasyptspringboot.resolver.DefaultLazyPropertyResolver - Property Resolver custom Bean not found with name 'encryptablePropertyResolver'. Initializing Default Property Resolver
2026-06-03 20:43:45 [restartedMain] INFO  com.ulisesbocchio.jasyptspringboot.detector.DefaultLazyPropertyDetector - Property Detector custom Bean not found with name 'encryptablePropertyDetector'. Initializing Default Property Detector
2026-06-03 20:43:46 [restartedMain] INFO  org.springframework.boot.web.embedded.tomcat.TomcatWebServer - Tomcat initialized with port(s): 8083 (http)
2026-06-03 20:43:46 [restartedMain] INFO  org.springframework.boot.web.servlet.context.ServletWebServerApplicationContext - Root WebApplicationContext: initialization completed in 2835 ms
2026-06-03 20:43:48 [restartedMain] INFO  org.springframework.boot.actuate.endpoint.web.EndpointLinksResolver - Exposing 2 endpoint(s) beneath base path '/actuator'
2026-06-03 20:43:48 [restartedMain] INFO  org.springframework.security.web.DefaultSecurityFilterChain - Will secure any request with [org.springframework.security.web.session.DisableEncodeUrlFilter@4d3308ed, org.springframework.security.web.context.request.async.WebAsyncManagerIntegrationFilter@4be5e0e7, org.springframework.security.web.context.SecurityContextPersistenceFilter@84c35e0, org.springframework.security.web.header.HeaderWriterFilter@62cc1d46, org.springframework.web.filter.CorsFilter@1657855b, org.springframework.security.web.authentication.logout.LogoutFilter@2aada746, com.ninimum.api.security.jwt.JwtAuthenticationFilter@58ff118e, com.ninimum.api.security.filter.UserAuthenticationFilter@dde1e1c, com.ninimum.api.security.filter.AdminAuthenticationFilter@69583598, org.springframework.security.web.savedrequest.RequestCacheAwareFilter@2bcc6300, org.springframework.security.web.servletapi.SecurityContextHolderAwareRequestFilter@1f88bf90, org.springframework.security.web.authentication.AnonymousAuthenticationFilter@430f08b5, org.springframework.security.web.session.SessionManagementFilter@4133a486, org.springframework.security.web.access.ExceptionTranslationFilter@5933e992, org.springframework.security.web.access.intercept.AuthorizationFilter@4018c90d]
2026-06-03 20:43:48 [restartedMain] WARN  org.springframework.security.config.annotation.web.builders.WebSecurity - You are asking Spring Security to ignore Ant [pattern='/**/webjars/**']. This is not recommended -- please use permitAll via HttpSecurity#authorizeHttpRequests instead.
2026-06-03 20:43:48 [restartedMain] INFO  org.springframework.security.web.DefaultSecurityFilterChain - Will not secure Ant [pattern='/**/webjars/**']
2026-06-03 20:43:48 [restartedMain] WARN  org.springframework.security.config.annotation.web.builders.WebSecurity - You are asking Spring Security to ignore Ant [pattern='/uploads/**']. This is not recommended -- please use permitAll via HttpSecurity#authorizeHttpRequests instead.
2026-06-03 20:43:48 [restartedMain] INFO  org.springframework.security.web.DefaultSecurityFilterChain - Will not secure Ant [pattern='/uploads/**']
2026-06-03 20:43:48 [restartedMain] WARN  org.springframework.security.config.annotation.web.builders.WebSecurity - You are asking Spring Security to ignore Ant [pattern='/v2/api-docs']. This is not recommended -- please use permitAll via HttpSecurity#authorizeHttpRequests instead.
2026-06-03 20:43:48 [restartedMain] INFO  org.springframework.security.web.DefaultSecurityFilterChain - Will not secure Ant [pattern='/v2/api-docs']
2026-06-03 20:43:48 [restartedMain] WARN  org.springframework.security.config.annotation.web.builders.WebSecurity - You are asking Spring Security to ignore Ant [pattern='/swagger-resources']. This is not recommended -- please use permitAll via HttpSecurity#authorizeHttpRequests instead.
2026-06-03 20:43:48 [restartedMain] INFO  org.springframework.security.web.DefaultSecurityFilterChain - Will not secure Ant [pattern='/swagger-resources']
2026-06-03 20:43:48 [restartedMain] WARN  org.springframework.security.config.annotation.web.builders.WebSecurity - You are asking Spring Security to ignore Ant [pattern='/swagger-resources/**']. This is not recommended -- please use permitAll via HttpSecurity#authorizeHttpRequests instead.
2026-06-03 20:43:48 [restartedMain] INFO  org.springframework.security.web.DefaultSecurityFilterChain - Will not secure Ant [pattern='/swagger-resources/**']
2026-06-03 20:43:48 [restartedMain] WARN  org.springframework.security.config.annotation.web.builders.WebSecurity - You are asking Spring Security to ignore Ant [pattern='/configuration/ui']. This is not recommended -- please use permitAll via HttpSecurity#authorizeHttpRequests instead.
2026-06-03 20:43:48 [restartedMain] INFO  org.springframework.security.web.DefaultSecurityFilterChain - Will not secure Ant [pattern='/configuration/ui']
2026-06-03 20:43:48 [restartedMain] WARN  org.springframework.security.config.annotation.web.builders.WebSecurity - You are asking Spring Security to ignore Ant [pattern='/configuration/security']. This is not recommended -- please use permitAll via HttpSecurity#authorizeHttpRequests instead.
2026-06-03 20:43:48 [restartedMain] INFO  org.springframework.security.web.DefaultSecurityFilterChain - Will not secure Ant [pattern='/configuration/security']
2026-06-03 20:43:48 [restartedMain] WARN  org.springframework.security.config.annotation.web.builders.WebSecurity - You are asking Spring Security to ignore Ant [pattern='/swagger-ui/**']. This is not recommended -- please use permitAll via HttpSecurity#authorizeHttpRequests instead.
2026-06-03 20:43:48 [restartedMain] INFO  org.springframework.security.web.DefaultSecurityFilterChain - Will not secure Ant [pattern='/swagger-ui/**']
2026-06-03 20:43:48 [restartedMain] WARN  org.springframework.security.config.annotation.web.builders.WebSecurity - You are asking Spring Security to ignore Ant [pattern='/webjars/**']. This is not recommended -- please use permitAll via HttpSecurity#authorizeHttpRequests instead.
2026-06-03 20:43:48 [restartedMain] INFO  org.springframework.security.web.DefaultSecurityFilterChain - Will not secure Ant [pattern='/webjars/**']
2026-06-03 20:43:48 [restartedMain] WARN  org.springframework.security.config.annotation.web.builders.WebSecurity - You are asking Spring Security to ignore Ant [pattern='/v3/api-docs/**']. This is not recommended -- please use permitAll via HttpSecurity#authorizeHttpRequests instead.
2026-06-03 20:43:48 [restartedMain] INFO  org.springframework.security.web.DefaultSecurityFilterChain - Will not secure Ant [pattern='/v3/api-docs/**']
2026-06-03 20:43:48 [restartedMain] WARN  org.springframework.security.config.annotation.web.builders.WebSecurity - You are asking Spring Security to ignore Ant [pattern='/actuator/health/**']. This is not recommended -- please use permitAll via HttpSecurity#authorizeHttpRequests instead.
2026-06-03 20:43:48 [restartedMain] INFO  org.springframework.security.web.DefaultSecurityFilterChain - Will not secure Ant [pattern='/actuator/health/**']
2026-06-03 20:43:48 [restartedMain] WARN  org.springframework.security.config.annotation.web.builders.WebSecurity - You are asking Spring Security to ignore Ant [pattern='/actuator/info']. This is not recommended -- please use permitAll via HttpSecurity#authorizeHttpRequests instead.
2026-06-03 20:43:48 [restartedMain] INFO  org.springframework.security.web.DefaultSecurityFilterChain - Will not secure Ant [pattern='/actuator/info']
2026-06-03 20:43:48 [restartedMain] WARN  org.springframework.security.config.annotation.web.builders.WebSecurity - You are asking Spring Security to ignore Ant [pattern='/ninimum/actuator/**']. This is not recommended -- please use permitAll via HttpSecurity#authorizeHttpRequests instead.
2026-06-03 20:43:48 [restartedMain] INFO  org.springframework.security.web.DefaultSecurityFilterChain - Will not secure Ant [pattern='/ninimum/actuator/**']
2026-06-03 20:43:48 [restartedMain] WARN  org.springframework.security.config.annotation.web.builders.WebSecurity - You are asking Spring Security to ignore Ant [pattern='/api/v1/status']. This is not recommended -- please use permitAll via HttpSecurity#authorizeHttpRequests instead.
2026-06-03 20:43:48 [restartedMain] INFO  org.springframework.security.web.DefaultSecurityFilterChain - Will not secure Ant [pattern='/api/v1/status']
2026-06-03 20:43:48 [restartedMain] WARN  org.springframework.security.config.annotation.web.builders.WebSecurity - You are asking Spring Security to ignore Ant [pattern='/ninimum/api/v1/status']. This is not recommended -- please use permitAll via HttpSecurity#authorizeHttpRequests instead.
2026-06-03 20:43:48 [restartedMain] INFO  org.springframework.security.web.DefaultSecurityFilterChain - Will not secure Ant [pattern='/ninimum/api/v1/status']
2026-06-03 20:43:48 [restartedMain] WARN  org.springframework.security.config.annotation.web.builders.WebSecurity - You are asking Spring Security to ignore Ant [pattern='/ninimum/api/v1/user/checkPhoneNumber']. This is not recommended -- please use permitAll via HttpSecurity#authorizeHttpRequests instead.
2026-06-03 20:43:48 [restartedMain] INFO  org.springframework.security.web.DefaultSecurityFilterChain - Will not secure Ant [pattern='/ninimum/api/v1/user/checkPhoneNumber']
2026-06-03 20:43:48 [restartedMain] WARN  org.springframework.security.config.annotation.web.builders.WebSecurity - You are asking Spring Security to ignore Ant [pattern='/ninimum/api/v1/user/register']. This is not recommended -- please use permitAll via HttpSecurity#authorizeHttpRequests instead.
2026-06-03 20:43:48 [restartedMain] INFO  org.springframework.security.web.DefaultSecurityFilterChain - Will not secure Ant [pattern='/ninimum/api/v1/user/register']
2026-06-03 20:43:48 [restartedMain] WARN  org.springframework.security.config.annotation.web.builders.WebSecurity - You are asking Spring Security to ignore Ant [pattern='/ninimum/api/v1/message/verifyPhoneNumber']. This is not recommended -- please use permitAll via HttpSecurity#authorizeHttpRequests instead.
2026-06-03 20:43:48 [restartedMain] INFO  org.springframework.security.web.DefaultSecurityFilterChain - Will not secure Ant [pattern='/ninimum/api/v1/message/verifyPhoneNumber']
2026-06-03 20:43:48 [restartedMain] WARN  org.springframework.security.config.annotation.web.builders.WebSecurity - You are asking Spring Security to ignore Ant [pattern='/error']. This is not recommended -- please use permitAll via HttpSecurity#authorizeHttpRequests instead.
2026-06-03 20:43:48 [restartedMain] INFO  org.springframework.security.web.DefaultSecurityFilterChain - Will not secure Ant [pattern='/error']
2026-06-03 20:43:49 [restartedMain] INFO  com.zaxxer.hikari.HikariDataSource - HikariPool-1 - Starting...
2026-06-03 20:43:50 [restartedMain] INFO  com.zaxxer.hikari.HikariDataSource - HikariPool-1 - Start completed.
2026-06-03 20:43:50 [restartedMain] INFO  org.springframework.boot.devtools.autoconfigure.OptionalLiveReloadServer - LiveReload server is running on port 35729
2026-06-03 20:43:51 [restartedMain] INFO  org.springframework.boot.web.embedded.tomcat.TomcatWebServer - Tomcat started on port(s): 8083 (http) with context path ''
2026-06-03 20:43:51 [restartedMain] INFO  com.ulisesbocchio.jasyptspringboot.caching.RefreshScopeRefreshedEventListener - Refreshing cached encryptable property sources on ServletWebServerInitializedEvent
2026-06-03 20:43:51 [restartedMain] INFO  com.ulisesbocchio.jasyptspringboot.caching.CachingDelegateEncryptablePropertySource - Property Source systemProperties refreshed
2026-06-03 20:43:51 [restartedMain] INFO  com.ulisesbocchio.jasyptspringboot.caching.CachingDelegateEncryptablePropertySource - Property Source systemEnvironment refreshed
2026-06-03 20:43:51 [restartedMain] INFO  com.ulisesbocchio.jasyptspringboot.caching.CachingDelegateEncryptablePropertySource - Property Source random refreshed
2026-06-03 20:43:51 [restartedMain] INFO  com.ulisesbocchio.jasyptspringboot.caching.CachingDelegateEncryptablePropertySource - Property Source Config resource 'class path resource [application.yaml]' via location 'optional:classpath:/' refreshed
2026-06-03 20:43:51 [restartedMain] INFO  com.ulisesbocchio.jasyptspringboot.caching.CachingDelegateEncryptablePropertySource - Property Source devtools refreshed
2026-06-03 20:43:51 [restartedMain] INFO  com.ulisesbocchio.jasyptspringboot.EncryptablePropertySourceConverter - Converting PropertySource server.ports [org.springframework.core.env.MapPropertySource] to EncryptableMapPropertySourceWrapper
2026-06-03 20:43:51 [restartedMain] INFO  com.ulisesbocchio.jasyptspringboot.EncryptablePropertySourceConverter - Skipping PropertySource configurationProperties [class org.springframework.boot.context.properties.source.ConfigurationPropertySourcesPropertySource
2026-06-03 20:43:51 [restartedMain] INFO  com.ulisesbocchio.jasyptspringboot.EncryptablePropertySourceConverter - Skipping PropertySource servletConfigInitParams [class org.springframework.core.env.PropertySource$StubPropertySource
2026-06-03 20:43:51 [restartedMain] INFO  com.ulisesbocchio.jasyptspringboot.EncryptablePropertySourceConverter - Converting PropertySource servletContextInitParams [org.springframework.web.context.support.ServletContextPropertySource] to EncryptableEnumerablePropertySourceWrapper
2026-06-03 20:43:51 [restartedMain] INFO  com.ulisesbocchio.jasyptspringboot.EncryptablePropertySourceConverter - Converting PropertySource Management Server [org.springframework.boot.actuate.autoconfigure.web.server.ManagementContextAutoConfiguration$SameManagementContextConfiguration$1] to EncryptablePropertySourceWrapper
2026-06-03 20:43:51 [restartedMain] INFO  com.ninimum.api.NinimumApplication - Started NinimumApplication in 8.132 seconds (JVM running for 9.423)
2026-06-03 20:46:31 [http-nio-0.0.0.0-8083-exec-1] INFO  org.springframework.web.servlet.DispatcherServlet - Initializing Servlet 'dispatcherServlet'
2026-06-03 20:46:31 [http-nio-0.0.0.0-8083-exec-1] INFO  org.springframework.web.servlet.DispatcherServlet - Completed initialization in 11 ms
2026-06-03 20:46:32 [http-nio-0.0.0.0-8083-exec-1] INFO  com.ninimum.api.security.provider.UserAuthenticationProvider - userId => 998998887766
2026-06-03 20:46:32 [http-nio-0.0.0.0-8083-exec-1] INFO  com.ninimum.api.security.provider.UserAuthenticationProvider - passwd => 123
2026-06-03 20:46:51 [http-nio-0.0.0.0-8083-exec-2] INFO  com.ninimum.api.security.jwt.JwtAuthenticationFilter - bearerToken==> Bearer eyJhbGciOiJIUzI1NiJ9.eyJzdWIiOiI5OTg5OTg4ODc3NjYiLCJhdXRoIjoiVVNFUiIsImV4cCI6MTgxMjAyMzE5Mn0.sGC-vHL6XXr1zDNgnFOnhe6wst6hVFVkaGToxtwbSkU
2026-06-03 20:47:09 [http-nio-0.0.0.0-8083-exec-2] ERROR com.ninimum.api.product.controller.ProductController - ProductController => getProductList: 
org.mybatis.spring.MyBatisSystemException: nested exception is org.apache.ibatis.reflection.ReflectionException: There is no getter for property named 'categoryId' in 'class com.ninimum.api.param.ProductListParam'
	at org.mybatis.spring.MyBatisExceptionTranslator.translateExceptionIfPossible(MyBatisExceptionTranslator.java:96) ~[mybatis-spring-2.0.7.jar:2.0.7]
	at org.mybatis.spring.SqlSessionTemplate$SqlSessionInterceptor.invoke(SqlSessionTemplate.java:441) ~[mybatis-spring-2.0.7.jar:2.0.7]
	at jdk.proxy2.$Proxy115.selectList(Unknown Source) ~[?:?]
	at org.mybatis.spring.SqlSessionTemplate.selectList(SqlSessionTemplate.java:224) ~[mybatis-spring-2.0.7.jar:2.0.7]
	at org.apache.ibatis.binding.MapperMethod.executeForMany(MapperMethod.java:147) ~[mybatis-3.5.9.jar:3.5.9]
	at org.apache.ibatis.binding.MapperMethod.execute(MapperMethod.java:80) ~[mybatis-3.5.9.jar:3.5.9]
	at org.apache.ibatis.binding.MapperProxy$PlainMethodInvoker.invoke(MapperProxy.java:145) ~[mybatis-3.5.9.jar:3.5.9]
	at org.apache.ibatis.binding.MapperProxy.invoke(MapperProxy.java:86) ~[mybatis-3.5.9.jar:3.5.9]
	at jdk.proxy3.$Proxy130.getProductList(Unknown Source) ~[?:?]
	at com.ninimum.api.product.service.impl.ProductService.getProductList(ProductService.java:85) ~[classes/:?]
	at com.ninimum.api.product.service.impl.ProductService$$FastClassBySpringCGLIB$$6c50e75c.invoke(<generated>) ~[classes/:?]
	at org.springframework.cglib.proxy.MethodProxy.invoke(MethodProxy.java:218) ~[spring-core-5.3.21.jar:5.3.21]
	at org.springframework.aop.framework.CglibAopProxy.invokeMethod(CglibAopProxy.java:386) ~[spring-aop-5.3.21.jar:5.3.21]
	at org.springframework.aop.framework.CglibAopProxy.access$000(CglibAopProxy.java:85) ~[spring-aop-5.3.21.jar:5.3.21]
	at org.springframework.aop.framework.CglibAopProxy$DynamicAdvisedInterceptor.intercept(CglibAopProxy.java:704) ~[spring-aop-5.3.21.jar:5.3.21]
	at com.ninimum.api.product.service.impl.ProductService$$EnhancerBySpringCGLIB$$f645f916.getProductList(<generated>) ~[classes/:?]
	at com.ninimum.api.product.controller.ProductController.getProductList(ProductController.java:74) ~[classes/:?]
	at jdk.internal.reflect.NativeMethodAccessorImpl.invoke0(Native Method) ~[?:?]
	at jdk.internal.reflect.NativeMethodAccessorImpl.invoke(NativeMethodAccessorImpl.java:77) ~[?:?]
	at jdk.internal.reflect.DelegatingMethodAccessorImpl.invoke(DelegatingMethodAccessorImpl.java:43) ~[?:?]
	at java.lang.reflect.Method.invoke(Method.java:569) ~[?:?]
	at org.springframework.web.method.support.InvocableHandlerMethod.doInvoke(InvocableHandlerMethod.java:205) ~[spring-web-5.3.21.jar:5.3.21]
	at org.springframework.web.method.support.InvocableHandlerMethod.invokeForRequest(InvocableHandlerMethod.java:150) ~[spring-web-5.3.21.jar:5.3.21]
	at org.springframework.web.servlet.mvc.method.annotation.ServletInvocableHandlerMethod.invokeAndHandle(ServletInvocableHandlerMethod.java:117) ~[spring-webmvc-5.3.21.jar:5.3.21]
	at org.springframework.web.servlet.mvc.method.annotation.RequestMappingHandlerAdapter.invokeHandlerMethod(RequestMappingHandlerAdapter.java:895) ~[spring-webmvc-5.3.21.jar:5.3.21]
	at org.springframework.web.servlet.mvc.method.annotation.RequestMappingHandlerAdapter.handleInternal(RequestMappingHandlerAdapter.java:808) ~[spring-webmvc-5.3.21.jar:5.3.21]
	at org.springframework.web.servlet.mvc.method.AbstractHandlerMethodAdapter.handle(AbstractHandlerMethodAdapter.java:87) ~[spring-webmvc-5.3.21.jar:5.3.21]
	at org.springframework.web.servlet.DispatcherServlet.doDispatch(DispatcherServlet.java:1067) ~[spring-webmvc-5.3.21.jar:5.3.21]
	at org.springframework.web.servlet.DispatcherServlet.doService(DispatcherServlet.java:963) ~[spring-webmvc-5.3.21.jar:5.3.21]
	at org.springframework.web.servlet.FrameworkServlet.processRequest(FrameworkServlet.java:1006) ~[spring-webmvc-5.3.21.jar:5.3.21]
	at org.springframework.web.servlet.FrameworkServlet.doPost(FrameworkServlet.java:909) ~[spring-webmvc-5.3.21.jar:5.3.21]
	at javax.servlet.http.HttpServlet.service(HttpServlet.java:681) ~[tomcat-embed-core-9.0.64.jar:4.0.FR]
	at org.springframework.web.servlet.FrameworkServlet.service(FrameworkServlet.java:883) ~[spring-webmvc-5.3.21.jar:5.3.21]
	at javax.servlet.http.HttpServlet.service(HttpServlet.java:764) ~[tomcat-embed-core-9.0.64.jar:4.0.FR]
	at org.apache.catalina.core.ApplicationFilterChain.internalDoFilter(ApplicationFilterChain.java:227) ~[tomcat-embed-core-9.0.64.jar:9.0.64]
	at org.apache.catalina.core.ApplicationFilterChain.doFilter(ApplicationFilterChain.java:162) ~[tomcat-embed-core-9.0.64.jar:9.0.64]
	at org.apache.tomcat.websocket.server.WsFilter.doFilter(WsFilter.java:53) ~[tomcat-embed-websocket-9.0.64.jar:9.0.64]
	at org.apache.catalina.core.ApplicationFilterChain.internalDoFilter(ApplicationFilterChain.java:189) ~[tomcat-embed-core-9.0.64.jar:9.0.64]
	at org.apache.catalina.core.ApplicationFilterChain.doFilter(ApplicationFilterChain.java:162) ~[tomcat-embed-core-9.0.64.jar:9.0.64]
	at org.springframework.security.web.FilterChainProxy$VirtualFilterChain.doFilter(FilterChainProxy.java:327) ~[spring-security-web-5.7.2.jar:5.7.2]
	at org.springframework.security.web.access.intercept.AuthorizationFilter.doFilterInternal(AuthorizationFilter.java:73) ~[spring-security-web-5.7.2.jar:5.7.2]
	at org.springframework.web.filter.OncePerRequestFilter.doFilter(OncePerRequestFilter.java:117) ~[spring-web-5.3.21.jar:5.3.21]
	at org.springframework.security.web.FilterChainProxy$VirtualFilterChain.doFilter(FilterChainProxy.java:336) ~[spring-security-web-5.7.2.jar:5.7.2]
	at org.springframework.security.web.access.ExceptionTranslationFilter.doFilter(ExceptionTranslationFilter.java:122) ~[spring-security-web-5.7.2.jar:5.7.2]
	at org.springframework.security.web.access.ExceptionTranslationFilter.doFilter(ExceptionTranslationFilter.java:116) ~[spring-security-web-5.7.2.jar:5.7.2]
	at org.springframework.security.web.FilterChainProxy$VirtualFilterChain.doFilter(FilterChainProxy.java:336) ~[spring-security-web-5.7.2.jar:5.7.2]
	at org.springframework.security.web.session.SessionManagementFilter.doFilter(SessionManagementFilter.java:126) ~[spring-security-web-5.7.2.jar:5.7.2]
	at org.springframework.security.web.session.SessionManagementFilter.doFilter(SessionManagementFilter.java:81) ~[spring-security-web-5.7.2.jar:5.7.2]
	at org.springframework.security.web.FilterChainProxy$VirtualFilterChain.doFilter(FilterChainProxy.java:336) ~[spring-security-web-5.7.2.jar:5.7.2]
	at org.springframework.security.web.authentication.AnonymousAuthenticationFilter.doFilter(AnonymousAuthenticationFilter.java:109) ~[spring-security-web-5.7.2.jar:5.7.2]
	at org.springframework.security.web.FilterChainProxy$VirtualFilterChain.doFilter(FilterChainProxy.java:336) ~[spring-security-web-5.7.2.jar:5.7.2]
	at org.springframework.security.web.servletapi.SecurityContextHolderAwareRequestFilter.doFilter(SecurityContextHolderAwareRequestFilter.java:149) ~[spring-security-web-5.7.2.jar:5.7.2]
	at org.springframework.security.web.FilterChainProxy$VirtualFilterChain.doFilter(FilterChainProxy.java:336) ~[spring-security-web-5.7.2.jar:5.7.2]
	at org.springframework.security.web.savedrequest.RequestCacheAwareFilter.doFilter(RequestCacheAwareFilter.java:63) ~[spring-security-web-5.7.2.jar:5.7.2]
	at org.springframework.security.web.FilterChainProxy$VirtualFilterChain.doFilter(FilterChainProxy.java:336) ~[spring-security-web-5.7.2.jar:5.7.2]
	at org.springframework.security.web.authentication.AbstractAuthenticationProcessingFilter.doFilter(AbstractAuthenticationProcessingFilter.java:223) ~[spring-security-web-5.7.2.jar:5.7.2]
	at org.springframework.security.web.authentication.AbstractAuthenticationProcessingFilter.doFilter(AbstractAuthenticationProcessingFilter.java:217) ~[spring-security-web-5.7.2.jar:5.7.2]
	at org.springframework.security.web.FilterChainProxy$VirtualFilterChain.doFilter(FilterChainProxy.java:336) ~[spring-security-web-5.7.2.jar:5.7.2]
	at org.springframework.security.web.authentication.AbstractAuthenticationProcessingFilter.doFilter(AbstractAuthenticationProcessingFilter.java:223) ~[spring-security-web-5.7.2.jar:5.7.2]
	at org.springframework.security.web.authentication.AbstractAuthenticationProcessingFilter.doFilter(AbstractAuthenticationProcessingFilter.java:217) ~[spring-security-web-5.7.2.jar:5.7.2]
	at org.springframework.security.web.FilterChainProxy$VirtualFilterChain.doFilter(FilterChainProxy.java:336) ~[spring-security-web-5.7.2.jar:5.7.2]
	at com.ninimum.api.security.jwt.JwtAuthenticationFilter.doFilterInternal(JwtAuthenticationFilter.java:95) ~[classes/:?]
	at org.springframework.web.filter.OncePerRequestFilter.doFilter(OncePerRequestFilter.java:117) ~[spring-web-5.3.21.jar:5.3.21]
	at org.springframework.security.web.FilterChainProxy$VirtualFilterChain.doFilter(FilterChainProxy.java:336) ~[spring-security-web-5.7.2.jar:5.7.2]
	at org.springframework.security.web.authentication.logout.LogoutFilter.doFilter(LogoutFilter.java:103) ~[spring-security-web-5.7.2.jar:5.7.2]
	at org.springframework.security.web.authentication.logout.LogoutFilter.doFilter(LogoutFilter.java:89) ~[spring-security-web-5.7.2.jar:5.7.2]
	at org.springframework.security.web.FilterChainProxy$VirtualFilterChain.doFilter(FilterChainProxy.java:336) ~[spring-security-web-5.7.2.jar:5.7.2]
	at org.springframework.web.filter.CorsFilter.doFilterInternal(CorsFilter.java:91) ~[spring-web-5.3.21.jar:5.3.21]
	at org.springframework.web.filter.OncePerRequestFilter.doFilter(OncePerRequestFilter.java:117) ~[spring-web-5.3.21.jar:5.3.21]
	at org.springframework.security.web.FilterChainProxy$VirtualFilterChain.doFilter(FilterChainProxy.java:336) ~[spring-security-web-5.7.2.jar:5.7.2]
	at org.springframework.security.web.header.HeaderWriterFilter.doHeadersAfter(HeaderWriterFilter.java:90) ~[spring-security-web-5.7.2.jar:5.7.2]
	at org.springframework.security.web.header.HeaderWriterFilter.doFilterInternal(HeaderWriterFilter.java:75) ~[spring-security-web-5.7.2.jar:5.7.2]
	at org.springframework.web.filter.OncePerRequestFilter.doFilter(OncePerRequestFilter.java:117) ~[spring-web-5.3.21.jar:5.3.21]
	at org.springframework.security.web.FilterChainProxy$VirtualFilterChain.doFilter(FilterChainProxy.java:336) ~[spring-security-web-5.7.2.jar:5.7.2]
	at org.springframework.security.web.context.SecurityContextPersistenceFilter.doFilter(SecurityContextPersistenceFilter.java:112) ~[spring-security-web-5.7.2.jar:5.7.2]
	at org.springframework.security.web.context.SecurityContextPersistenceFilter.doFilter(SecurityContextPersistenceFilter.java:82) ~[spring-security-web-5.7.2.jar:5.7.2]
	at org.springframework.security.web.FilterChainProxy$VirtualFilterChain.doFilter(FilterChainProxy.java:336) ~[spring-security-web-5.7.2.jar:5.7.2]
	at org.springframework.security.web.context.request.async.WebAsyncManagerIntegrationFilter.doFilterInternal(WebAsyncManagerIntegrationFilter.java:55) ~[spring-security-web-5.7.2.jar:5.7.2]
	at org.springframework.web.filter.OncePerRequestFilter.doFilter(OncePerRequestFilter.java:117) ~[spring-web-5.3.21.jar:5.3.21]
	at org.springframework.security.web.FilterChainProxy$VirtualFilterChain.doFilter(FilterChainProxy.java:336) ~[spring-security-web-5.7.2.jar:5.7.2]
	at org.springframework.security.web.session.DisableEncodeUrlFilter.doFilterInternal(DisableEncodeUrlFilter.java:42) ~[spring-security-web-5.7.2.jar:5.7.2]
	at org.springframework.web.filter.OncePerRequestFilter.doFilter(OncePerRequestFilter.java:117) ~[spring-web-5.3.21.jar:5.3.21]
	at org.springframework.security.web.FilterChainProxy$VirtualFilterChain.doFilter(FilterChainProxy.java:336) ~[spring-security-web-5.7.2.jar:5.7.2]
	at org.springframework.security.web.FilterChainProxy.doFilterInternal(FilterChainProxy.java:211) ~[spring-security-web-5.7.2.jar:5.7.2]
	at org.springframework.security.web.FilterChainProxy.doFilter(FilterChainProxy.java:183) ~[spring-security-web-5.7.2.jar:5.7.2]
	at org.springframework.web.filter.DelegatingFilterProxy.invokeDelegate(DelegatingFilterProxy.java:354) ~[spring-web-5.3.21.jar:5.3.21]
	at org.springframework.web.filter.DelegatingFilterProxy.doFilter(DelegatingFilterProxy.java:267) ~[spring-web-5.3.21.jar:5.3.21]
	at org.apache.catalina.core.ApplicationFilterChain.internalDoFilter(ApplicationFilterChain.java:189) ~[tomcat-embed-core-9.0.64.jar:9.0.64]
	at org.apache.catalina.core.ApplicationFilterChain.doFilter(ApplicationFilterChain.java:162) ~[tomcat-embed-core-9.0.64.jar:9.0.64]
	at org.springframework.web.filter.RequestContextFilter.doFilterInternal(RequestContextFilter.java:100) ~[spring-web-5.3.21.jar:5.3.21]
	at org.springframework.web.filter.OncePerRequestFilter.doFilter(OncePerRequestFilter.java:117) ~[spring-web-5.3.21.jar:5.3.21]
	at org.apache.catalina.core.ApplicationFilterChain.internalDoFilter(ApplicationFilterChain.java:189) ~[tomcat-embed-core-9.0.64.jar:9.0.64]
	at org.apache.catalina.core.ApplicationFilterChain.doFilter(ApplicationFilterChain.java:162) ~[tomcat-embed-core-9.0.64.jar:9.0.64]
	at org.springframework.web.filter.FormContentFilter.doFilterInternal(FormContentFilter.java:93) ~[spring-web-5.3.21.jar:5.3.21]
	at org.springframework.web.filter.OncePerRequestFilter.doFilter(OncePerRequestFilter.java:117) ~[spring-web-5.3.21.jar:5.3.21]
	at org.apache.catalina.core.ApplicationFilterChain.internalDoFilter(ApplicationFilterChain.java:189) ~[tomcat-embed-core-9.0.64.jar:9.0.64]
	at org.apache.catalina.core.ApplicationFilterChain.doFilter(ApplicationFilterChain.java:162) ~[tomcat-embed-core-9.0.64.jar:9.0.64]
	at org.springframework.boot.actuate.metrics.web.servlet.WebMvcMetricsFilter.doFilterInternal(WebMvcMetricsFilter.java:96) ~[spring-boot-actuator-2.7.1.jar:2.7.1]
	at org.springframework.web.filter.OncePerRequestFilter.doFilter(OncePerRequestFilter.java:117) ~[spring-web-5.3.21.jar:5.3.21]
	at org.apache.catalina.core.ApplicationFilterChain.internalDoFilter(ApplicationFilterChain.java:189) ~[tomcat-embed-core-9.0.64.jar:9.0.64]
	at org.apache.catalina.core.ApplicationFilterChain.doFilter(ApplicationFilterChain.java:162) ~[tomcat-embed-core-9.0.64.jar:9.0.64]
	at org.springframework.web.filter.CharacterEncodingFilter.doFilterInternal(CharacterEncodingFilter.java:201) ~[spring-web-5.3.21.jar:5.3.21]
	at org.springframework.web.filter.OncePerRequestFilter.doFilter(OncePerRequestFilter.java:117) ~[spring-web-5.3.21.jar:5.3.21]
	at org.apache.catalina.core.ApplicationFilterChain.internalDoFilter(ApplicationFilterChain.java:189) ~[tomcat-embed-core-9.0.64.jar:9.0.64]
	at org.apache.catalina.core.ApplicationFilterChain.doFilter(ApplicationFilterChain.java:162) ~[tomcat-embed-core-9.0.64.jar:9.0.64]
	at org.apache.catalina.core.StandardWrapperValve.invoke(StandardWrapperValve.java:197) ~[tomcat-embed-core-9.0.64.jar:9.0.64]
	at org.apache.catalina.core.StandardContextValve.invoke(StandardContextValve.java:97) ~[tomcat-embed-core-9.0.64.jar:9.0.64]
	at org.apache.catalina.authenticator.AuthenticatorBase.invoke(AuthenticatorBase.java:541) ~[tomcat-embed-core-9.0.64.jar:9.0.64]
	at org.apache.catalina.core.StandardHostValve.invoke(StandardHostValve.java:135) ~[tomcat-embed-core-9.0.64.jar:9.0.64]
	at org.apache.catalina.valves.ErrorReportValve.invoke(ErrorReportValve.java:92) ~[tomcat-embed-core-9.0.64.jar:9.0.64]
	at org.apache.catalina.core.StandardEngineValve.invoke(StandardEngineValve.java:78) ~[tomcat-embed-core-9.0.64.jar:9.0.64]
	at org.apache.catalina.connector.CoyoteAdapter.service(CoyoteAdapter.java:360) ~[tomcat-embed-core-9.0.64.jar:9.0.64]
	at org.apache.coyote.http11.Http11Processor.service(Http11Processor.java:399) ~[tomcat-embed-core-9.0.64.jar:9.0.64]
	at org.apache.coyote.AbstractProcessorLight.process(AbstractProcessorLight.java:65) ~[tomcat-embed-core-9.0.64.jar:9.0.64]
	at org.apache.coyote.AbstractProtocol$ConnectionHandler.process(AbstractProtocol.java:890) ~[tomcat-embed-core-9.0.64.jar:9.0.64]
	at org.apache.tomcat.util.net.NioEndpoint$SocketProcessor.doRun(NioEndpoint.java:1787) ~[tomcat-embed-core-9.0.64.jar:9.0.64]
	at org.apache.tomcat.util.net.SocketProcessorBase.run(SocketProcessorBase.java:49) ~[tomcat-embed-core-9.0.64.jar:9.0.64]
	at org.apache.tomcat.util.threads.ThreadPoolExecutor.runWorker(ThreadPoolExecutor.java:1191) ~[tomcat-embed-core-9.0.64.jar:9.0.64]
	at org.apache.tomcat.util.threads.ThreadPoolExecutor$Worker.run(ThreadPoolExecutor.java:659) ~[tomcat-embed-core-9.0.64.jar:9.0.64]
	at org.apache.tomcat.util.threads.TaskThread$WrappingRunnable.run(TaskThread.java:61) ~[tomcat-embed-core-9.0.64.jar:9.0.64]
	at java.lang.Thread.run(Thread.java:840) ~[?:?]
Caused by: org.apache.ibatis.reflection.ReflectionException: There is no getter for property named 'categoryId' in 'class com.ninimum.api.param.ProductListParam'
	at org.apache.ibatis.reflection.Reflector.getGetInvoker(Reflector.java:374) ~[mybatis-3.5.9.jar:3.5.9]
	at org.apache.ibatis.reflection.MetaClass.getGetInvoker(MetaClass.java:164) ~[mybatis-3.5.9.jar:3.5.9]
	at org.apache.ibatis.reflection.wrapper.BeanWrapper.getBeanProperty(BeanWrapper.java:162) ~[mybatis-3.5.9.jar:3.5.9]
	at org.apache.ibatis.reflection.wrapper.BeanWrapper.get(BeanWrapper.java:49) ~[mybatis-3.5.9.jar:3.5.9]
	at org.apache.ibatis.reflection.MetaObject.getValue(MetaObject.java:122) ~[mybatis-3.5.9.jar:3.5.9]
	at org.apache.ibatis.scripting.xmltags.DynamicContext$ContextMap.get(DynamicContext.java:102) ~[mybatis-3.5.9.jar:3.5.9]
	at org.apache.ibatis.scripting.xmltags.DynamicContext$ContextAccessor.getProperty(DynamicContext.java:113) ~[mybatis-3.5.9.jar:3.5.9]
	at org.apache.ibatis.ognl.OgnlRuntime.getProperty(OgnlRuntime.java:3356) ~[mybatis-3.5.9.jar:3.5.9]
	at org.apache.ibatis.ognl.ASTProperty.getValueBody(ASTProperty.java:121) ~[mybatis-3.5.9.jar:3.5.9]
	at org.apache.ibatis.ognl.SimpleNode.evaluateGetValueBody(SimpleNode.java:212) ~[mybatis-3.5.9.jar:3.5.9]
	at org.apache.ibatis.ognl.SimpleNode.getValue(SimpleNode.java:258) ~[mybatis-3.5.9.jar:3.5.9]
	at org.apache.ibatis.ognl.ASTNotEq.getValueBody(ASTNotEq.java:50) ~[mybatis-3.5.9.jar:3.5.9]
	at org.apache.ibatis.ognl.SimpleNode.evaluateGetValueBody(SimpleNode.java:212) ~[mybatis-3.5.9.jar:3.5.9]
	at org.apache.ibatis.ognl.SimpleNode.getValue(SimpleNode.java:258) ~[mybatis-3.5.9.jar:3.5.9]
	at org.apache.ibatis.ognl.Ognl.getValue(Ognl.java:586) ~[mybatis-3.5.9.jar:3.5.9]
	at org.apache.ibatis.ognl.Ognl.getValue(Ognl.java:550) ~[mybatis-3.5.9.jar:3.5.9]
	at org.apache.ibatis.scripting.xmltags.OgnlCache.getValue(OgnlCache.java:46) ~[mybatis-3.5.9.jar:3.5.9]
	at org.apache.ibatis.scripting.xmltags.ExpressionEvaluator.evaluateBoolean(ExpressionEvaluator.java:32) ~[mybatis-3.5.9.jar:3.5.9]
	at org.apache.ibatis.scripting.xmltags.IfSqlNode.apply(IfSqlNode.java:34) ~[mybatis-3.5.9.jar:3.5.9]
	at org.apache.ibatis.scripting.xmltags.MixedSqlNode.lambda$apply$0(MixedSqlNode.java:32) ~[mybatis-3.5.9.jar:3.5.9]
	at java.util.ArrayList.forEach(ArrayList.java:1511) ~[?:?]
	at org.apache.ibatis.scripting.xmltags.MixedSqlNode.apply(MixedSqlNode.java:32) ~[mybatis-3.5.9.jar:3.5.9]
	at org.apache.ibatis.scripting.xmltags.DynamicSqlSource.getBoundSql(DynamicSqlSource.java:39) ~[mybatis-3.5.9.jar:3.5.9]
	at org.apache.ibatis.mapping.MappedStatement.getBoundSql(MappedStatement.java:305) ~[mybatis-3.5.9.jar:3.5.9]
	at org.apache.ibatis.executor.CachingExecutor.query(CachingExecutor.java:87) ~[mybatis-3.5.9.jar:3.5.9]
	at org.apache.ibatis.session.defaults.DefaultSqlSession.selectList(DefaultSqlSession.java:151) ~[mybatis-3.5.9.jar:3.5.9]
	at org.apache.ibatis.session.defaults.DefaultSqlSession.selectList(DefaultSqlSession.java:145) ~[mybatis-3.5.9.jar:3.5.9]
	at org.apache.ibatis.session.defaults.DefaultSqlSession.selectList(DefaultSqlSession.java:140) ~[mybatis-3.5.9.jar:3.5.9]
	at jdk.internal.reflect.NativeMethodAccessorImpl.invoke0(Native Method) ~[?:?]
	at jdk.internal.reflect.NativeMethodAccessorImpl.invoke(NativeMethodAccessorImpl.java:77) ~[?:?]
	at jdk.internal.reflect.DelegatingMethodAccessorImpl.invoke(DelegatingMethodAccessorImpl.java:43) ~[?:?]
	at java.lang.reflect.Method.invoke(Method.java:569) ~[?:?]
	at org.mybatis.spring.SqlSessionTemplate$SqlSessionInterceptor.invoke(SqlSessionTemplate.java:427) ~[mybatis-spring-2.0.7.jar:2.0.7]
	... 119 more
2026-06-03 20:47:09 [SpringApplicationShutdownHook] INFO  com.zaxxer.hikari.HikariDataSource - HikariPool-1 - Shutdown initiated...
2026-06-03 20:47:09 [SpringApplicationShutdownHook] INFO  com.zaxxer.hikari.HikariDataSource - HikariPool-1 - Shutdown completed.
2026-06-03 20:47:35 [restartedMain] INFO  com.ninimum.api.NinimumApplication - Starting NinimumApplication using Java 17.0.14 on Akmalui-MacBookPro.local with PID 45447 (/Users/akmalbukhariev/Projects/NinimumBackend/NinimumBackend/target/classes started by akmalbukhariev in /Users/akmalbukhariev/Projects/NinimumBackend/NinimumBackend)
2026-06-03 20:47:35 [restartedMain] INFO  com.ninimum.api.NinimumApplication - The following 1 profile is active: "default"
2026-06-03 20:47:35 [restartedMain] INFO  org.springframework.boot.devtools.env.DevToolsPropertyDefaultsPostProcessor - Devtools property defaults active! Set 'spring.devtools.add-properties' to 'false' to disable
2026-06-03 20:47:35 [restartedMain] INFO  org.springframework.boot.devtools.env.DevToolsPropertyDefaultsPostProcessor - For additional web related logging consider setting the 'logging.level.web' property to 'DEBUG'
2026-06-03 20:47:36 [restartedMain] INFO  org.springframework.data.repository.config.RepositoryConfigurationDelegate - Bootstrapping Spring Data JDBC repositories in DEFAULT mode.
2026-06-03 20:47:37 [restartedMain] INFO  org.springframework.data.repository.config.RepositoryConfigurationDelegate - Finished Spring Data repository scanning in 33 ms. Found 0 JDBC repository interfaces.
2026-06-03 20:47:37 [restartedMain] INFO  com.ulisesbocchio.jasyptspringboot.configuration.EnableEncryptablePropertiesBeanFactoryPostProcessor - Post-processing PropertySource instances
2026-06-03 20:47:37 [restartedMain] INFO  com.ulisesbocchio.jasyptspringboot.EncryptablePropertySourceConverter - Skipping PropertySource configurationProperties [class org.springframework.boot.context.properties.source.ConfigurationPropertySourcesPropertySource
2026-06-03 20:47:37 [restartedMain] INFO  com.ulisesbocchio.jasyptspringboot.EncryptablePropertySourceConverter - Skipping PropertySource servletConfigInitParams [class org.springframework.core.env.PropertySource$StubPropertySource
2026-06-03 20:47:37 [restartedMain] INFO  com.ulisesbocchio.jasyptspringboot.EncryptablePropertySourceConverter - Skipping PropertySource servletContextInitParams [class org.springframework.core.env.PropertySource$StubPropertySource
2026-06-03 20:47:37 [restartedMain] INFO  com.ulisesbocchio.jasyptspringboot.EncryptablePropertySourceConverter - Converting PropertySource systemProperties [org.springframework.core.env.PropertiesPropertySource] to EncryptableMapPropertySourceWrapper
2026-06-03 20:47:37 [restartedMain] INFO  com.ulisesbocchio.jasyptspringboot.EncryptablePropertySourceConverter - Converting PropertySource systemEnvironment [org.springframework.boot.env.SystemEnvironmentPropertySourceEnvironmentPostProcessor$OriginAwareSystemEnvironmentPropertySource] to EncryptableSystemEnvironmentPropertySourceWrapper
2026-06-03 20:47:37 [restartedMain] INFO  com.ulisesbocchio.jasyptspringboot.EncryptablePropertySourceConverter - Converting PropertySource random [org.springframework.boot.env.RandomValuePropertySource] to EncryptablePropertySourceWrapper
2026-06-03 20:47:37 [restartedMain] INFO  com.ulisesbocchio.jasyptspringboot.EncryptablePropertySourceConverter - Converting PropertySource Config resource 'class path resource [application.yaml]' via location 'optional:classpath:/' [org.springframework.boot.env.OriginTrackedMapPropertySource] to EncryptableMapPropertySourceWrapper
2026-06-03 20:47:37 [restartedMain] INFO  com.ulisesbocchio.jasyptspringboot.EncryptablePropertySourceConverter - Converting PropertySource devtools [org.springframework.core.env.MapPropertySource] to EncryptableMapPropertySourceWrapper
2026-06-03 20:47:37 [restartedMain] INFO  com.ulisesbocchio.jasyptspringboot.filter.DefaultLazyPropertyFilter - Property Filter custom Bean not found with name 'encryptablePropertyFilter'. Initializing Default Property Filter
2026-06-03 20:47:37 [restartedMain] INFO  com.ulisesbocchio.jasyptspringboot.resolver.DefaultLazyPropertyResolver - Property Resolver custom Bean not found with name 'encryptablePropertyResolver'. Initializing Default Property Resolver
2026-06-03 20:47:37 [restartedMain] INFO  com.ulisesbocchio.jasyptspringboot.detector.DefaultLazyPropertyDetector - Property Detector custom Bean not found with name 'encryptablePropertyDetector'. Initializing Default Property Detector
2026-06-03 20:47:37 [restartedMain] INFO  org.springframework.boot.web.embedded.tomcat.TomcatWebServer - Tomcat initialized with port(s): 8083 (http)
2026-06-03 20:47:37 [restartedMain] INFO  org.springframework.boot.web.servlet.context.ServletWebServerApplicationContext - Root WebApplicationContext: initialization completed in 2202 ms
2026-06-03 20:47:39 [restartedMain] INFO  org.springframework.boot.actuate.endpoint.web.EndpointLinksResolver - Exposing 2 endpoint(s) beneath base path '/actuator'
2026-06-03 20:47:39 [restartedMain] INFO  org.springframework.security.web.DefaultSecurityFilterChain - Will secure any request with [org.springframework.security.web.session.DisableEncodeUrlFilter@4f4b1ba1, org.springframework.security.web.context.request.async.WebAsyncManagerIntegrationFilter@51871062, org.springframework.security.web.context.SecurityContextPersistenceFilter@165c5f18, org.springframework.security.web.header.HeaderWriterFilter@16fc806d, org.springframework.web.filter.CorsFilter@1d31dc3d, org.springframework.security.web.authentication.logout.LogoutFilter@25e2e6f, com.ninimum.api.security.jwt.JwtAuthenticationFilter@1dba397a, com.ninimum.api.security.filter.UserAuthenticationFilter@abbaf7f, com.ninimum.api.security.filter.AdminAuthenticationFilter@6356aa4a, org.springframework.security.web.savedrequest.RequestCacheAwareFilter@66209c1b, org.springframework.security.web.servletapi.SecurityContextHolderAwareRequestFilter@796537f6, org.springframework.security.web.authentication.AnonymousAuthenticationFilter@70955229, org.springframework.security.web.session.SessionManagementFilter@5e5bf599, org.springframework.security.web.access.ExceptionTranslationFilter@4b0eede6, org.springframework.security.web.access.intercept.AuthorizationFilter@325590ea]
2026-06-03 20:47:39 [restartedMain] WARN  org.springframework.security.config.annotation.web.builders.WebSecurity - You are asking Spring Security to ignore Ant [pattern='/**/webjars/**']. This is not recommended -- please use permitAll via HttpSecurity#authorizeHttpRequests instead.
2026-06-03 20:47:39 [restartedMain] INFO  org.springframework.security.web.DefaultSecurityFilterChain - Will not secure Ant [pattern='/**/webjars/**']
2026-06-03 20:47:39 [restartedMain] WARN  org.springframework.security.config.annotation.web.builders.WebSecurity - You are asking Spring Security to ignore Ant [pattern='/uploads/**']. This is not recommended -- please use permitAll via HttpSecurity#authorizeHttpRequests instead.
2026-06-03 20:47:39 [restartedMain] INFO  org.springframework.security.web.DefaultSecurityFilterChain - Will not secure Ant [pattern='/uploads/**']
2026-06-03 20:47:39 [restartedMain] WARN  org.springframework.security.config.annotation.web.builders.WebSecurity - You are asking Spring Security to ignore Ant [pattern='/v2/api-docs']. This is not recommended -- please use permitAll via HttpSecurity#authorizeHttpRequests instead.
2026-06-03 20:47:39 [restartedMain] INFO  org.springframework.security.web.DefaultSecurityFilterChain - Will not secure Ant [pattern='/v2/api-docs']
2026-06-03 20:47:39 [restartedMain] WARN  org.springframework.security.config.annotation.web.builders.WebSecurity - You are asking Spring Security to ignore Ant [pattern='/swagger-resources']. This is not recommended -- please use permitAll via HttpSecurity#authorizeHttpRequests instead.
2026-06-03 20:47:39 [restartedMain] INFO  org.springframework.security.web.DefaultSecurityFilterChain - Will not secure Ant [pattern='/swagger-resources']
2026-06-03 20:47:39 [restartedMain] WARN  org.springframework.security.config.annotation.web.builders.WebSecurity - You are asking Spring Security to ignore Ant [pattern='/swagger-resources/**']. This is not recommended -- please use permitAll via HttpSecurity#authorizeHttpRequests instead.
2026-06-03 20:47:39 [restartedMain] INFO  org.springframework.security.web.DefaultSecurityFilterChain - Will not secure Ant [pattern='/swagger-resources/**']
2026-06-03 20:47:39 [restartedMain] WARN  org.springframework.security.config.annotation.web.builders.WebSecurity - You are asking Spring Security to ignore Ant [pattern='/configuration/ui']. This is not recommended -- please use permitAll via HttpSecurity#authorizeHttpRequests instead.
2026-06-03 20:47:39 [restartedMain] INFO  org.springframework.security.web.DefaultSecurityFilterChain - Will not secure Ant [pattern='/configuration/ui']
2026-06-03 20:47:39 [restartedMain] WARN  org.springframework.security.config.annotation.web.builders.WebSecurity - You are asking Spring Security to ignore Ant [pattern='/configuration/security']. This is not recommended -- please use permitAll via HttpSecurity#authorizeHttpRequests instead.
2026-06-03 20:47:39 [restartedMain] INFO  org.springframework.security.web.DefaultSecurityFilterChain - Will not secure Ant [pattern='/configuration/security']
2026-06-03 20:47:39 [restartedMain] WARN  org.springframework.security.config.annotation.web.builders.WebSecurity - You are asking Spring Security to ignore Ant [pattern='/swagger-ui/**']. This is not recommended -- please use permitAll via HttpSecurity#authorizeHttpRequests instead.
2026-06-03 20:47:39 [restartedMain] INFO  org.springframework.security.web.DefaultSecurityFilterChain - Will not secure Ant [pattern='/swagger-ui/**']
2026-06-03 20:47:39 [restartedMain] WARN  org.springframework.security.config.annotation.web.builders.WebSecurity - You are asking Spring Security to ignore Ant [pattern='/webjars/**']. This is not recommended -- please use permitAll via HttpSecurity#authorizeHttpRequests instead.
2026-06-03 20:47:39 [restartedMain] INFO  org.springframework.security.web.DefaultSecurityFilterChain - Will not secure Ant [pattern='/webjars/**']
2026-06-03 20:47:39 [restartedMain] WARN  org.springframework.security.config.annotation.web.builders.WebSecurity - You are asking Spring Security to ignore Ant [pattern='/v3/api-docs/**']. This is not recommended -- please use permitAll via HttpSecurity#authorizeHttpRequests instead.
2026-06-03 20:47:39 [restartedMain] INFO  org.springframework.security.web.DefaultSecurityFilterChain - Will not secure Ant [pattern='/v3/api-docs/**']
2026-06-03 20:47:39 [restartedMain] WARN  org.springframework.security.config.annotation.web.builders.WebSecurity - You are asking Spring Security to ignore Ant [pattern='/actuator/health/**']. This is not recommended -- please use permitAll via HttpSecurity#authorizeHttpRequests instead.
2026-06-03 20:47:39 [restartedMain] INFO  org.springframework.security.web.DefaultSecurityFilterChain - Will not secure Ant [pattern='/actuator/health/**']
2026-06-03 20:47:39 [restartedMain] WARN  org.springframework.security.config.annotation.web.builders.WebSecurity - You are asking Spring Security to ignore Ant [pattern='/actuator/info']. This is not recommended -- please use permitAll via HttpSecurity#authorizeHttpRequests instead.
2026-06-03 20:47:39 [restartedMain] INFO  org.springframework.security.web.DefaultSecurityFilterChain - Will not secure Ant [pattern='/actuator/info']
2026-06-03 20:47:39 [restartedMain] WARN  org.springframework.security.config.annotation.web.builders.WebSecurity - You are asking Spring Security to ignore Ant [pattern='/ninimum/actuator/**']. This is not recommended -- please use permitAll via HttpSecurity#authorizeHttpRequests instead.
2026-06-03 20:47:39 [restartedMain] INFO  org.springframework.security.web.DefaultSecurityFilterChain - Will not secure Ant [pattern='/ninimum/actuator/**']
2026-06-03 20:47:39 [restartedMain] WARN  org.springframework.security.config.annotation.web.builders.WebSecurity - You are asking Spring Security to ignore Ant [pattern='/api/v1/status']. This is not recommended -- please use permitAll via HttpSecurity#authorizeHttpRequests instead.
2026-06-03 20:47:39 [restartedMain] INFO  org.springframework.security.web.DefaultSecurityFilterChain - Will not secure Ant [pattern='/api/v1/status']
2026-06-03 20:47:39 [restartedMain] WARN  org.springframework.security.config.annotation.web.builders.WebSecurity - You are asking Spring Security to ignore Ant [pattern='/ninimum/api/v1/status']. This is not recommended -- please use permitAll via HttpSecurity#authorizeHttpRequests instead.
2026-06-03 20:47:39 [restartedMain] INFO  org.springframework.security.web.DefaultSecurityFilterChain - Will not secure Ant [pattern='/ninimum/api/v1/status']
2026-06-03 20:47:39 [restartedMain] WARN  org.springframework.security.config.annotation.web.builders.WebSecurity - You are asking Spring Security to ignore Ant [pattern='/ninimum/api/v1/user/checkPhoneNumber']. This is not recommended -- please use permitAll via HttpSecurity#authorizeHttpRequests instead.
2026-06-03 20:47:39 [restartedMain] INFO  org.springframework.security.web.DefaultSecurityFilterChain - Will not secure Ant [pattern='/ninimum/api/v1/user/checkPhoneNumber']
2026-06-03 20:47:39 [restartedMain] WARN  org.springframework.security.config.annotation.web.builders.WebSecurity - You are asking Spring Security to ignore Ant [pattern='/ninimum/api/v1/user/register']. This is not recommended -- please use permitAll via HttpSecurity#authorizeHttpRequests instead.
2026-06-03 20:47:39 [restartedMain] INFO  org.springframework.security.web.DefaultSecurityFilterChain - Will not secure Ant [pattern='/ninimum/api/v1/user/register']
2026-06-03 20:47:39 [restartedMain] WARN  org.springframework.security.config.annotation.web.builders.WebSecurity - You are asking Spring Security to ignore Ant [pattern='/ninimum/api/v1/message/verifyPhoneNumber']. This is not recommended -- please use permitAll via HttpSecurity#authorizeHttpRequests instead.
2026-06-03 20:47:39 [restartedMain] INFO  org.springframework.security.web.DefaultSecurityFilterChain - Will not secure Ant [pattern='/ninimum/api/v1/message/verifyPhoneNumber']
2026-06-03 20:47:39 [restartedMain] WARN  org.springframework.security.config.annotation.web.builders.WebSecurity - You are asking Spring Security to ignore Ant [pattern='/error']. This is not recommended -- please use permitAll via HttpSecurity#authorizeHttpRequests instead.
2026-06-03 20:47:39 [restartedMain] INFO  org.springframework.security.web.DefaultSecurityFilterChain - Will not secure Ant [pattern='/error']
2026-06-03 20:47:40 [restartedMain] INFO  com.zaxxer.hikari.HikariDataSource - HikariPool-1 - Starting...
2026-06-03 20:47:41 [restartedMain] INFO  com.zaxxer.hikari.HikariDataSource - HikariPool-1 - Start completed.
2026-06-03 20:47:42 [restartedMain] INFO  org.springframework.boot.devtools.autoconfigure.OptionalLiveReloadServer - LiveReload server is running on port 35729
2026-06-03 20:47:42 [restartedMain] INFO  org.springframework.boot.web.embedded.tomcat.TomcatWebServer - Tomcat started on port(s): 8083 (http) with context path ''
2026-06-03 20:47:42 [restartedMain] INFO  com.ulisesbocchio.jasyptspringboot.caching.RefreshScopeRefreshedEventListener - Refreshing cached encryptable property sources on ServletWebServerInitializedEvent
2026-06-03 20:47:42 [restartedMain] INFO  com.ulisesbocchio.jasyptspringboot.caching.CachingDelegateEncryptablePropertySource - Property Source systemProperties refreshed
2026-06-03 20:47:42 [restartedMain] INFO  com.ulisesbocchio.jasyptspringboot.caching.CachingDelegateEncryptablePropertySource - Property Source systemEnvironment refreshed
2026-06-03 20:47:42 [restartedMain] INFO  com.ulisesbocchio.jasyptspringboot.caching.CachingDelegateEncryptablePropertySource - Property Source random refreshed
2026-06-03 20:47:42 [restartedMain] INFO  com.ulisesbocchio.jasyptspringboot.caching.CachingDelegateEncryptablePropertySource - Property Source Config resource 'class path resource [application.yaml]' via location 'optional:classpath:/' refreshed
2026-06-03 20:47:42 [restartedMain] INFO  com.ulisesbocchio.jasyptspringboot.caching.CachingDelegateEncryptablePropertySource - Property Source devtools refreshed
2026-06-03 20:47:42 [restartedMain] INFO  com.ulisesbocchio.jasyptspringboot.EncryptablePropertySourceConverter - Converting PropertySource server.ports [org.springframework.core.env.MapPropertySource] to EncryptableMapPropertySourceWrapper
2026-06-03 20:47:42 [restartedMain] INFO  com.ulisesbocchio.jasyptspringboot.EncryptablePropertySourceConverter - Skipping PropertySource configurationProperties [class org.springframework.boot.context.properties.source.ConfigurationPropertySourcesPropertySource
2026-06-03 20:47:42 [restartedMain] INFO  com.ulisesbocchio.jasyptspringboot.EncryptablePropertySourceConverter - Skipping PropertySource servletConfigInitParams [class org.springframework.core.env.PropertySource$StubPropertySource
2026-06-03 20:47:42 [restartedMain] INFO  com.ulisesbocchio.jasyptspringboot.EncryptablePropertySourceConverter - Converting PropertySource servletContextInitParams [org.springframework.web.context.support.ServletContextPropertySource] to EncryptableEnumerablePropertySourceWrapper
2026-06-03 20:47:42 [restartedMain] INFO  com.ulisesbocchio.jasyptspringboot.EncryptablePropertySourceConverter - Converting PropertySource Management Server [org.springframework.boot.actuate.autoconfigure.web.server.ManagementContextAutoConfiguration$SameManagementContextConfiguration$1] to EncryptablePropertySourceWrapper
2026-06-03 20:47:42 [restartedMain] INFO  com.ninimum.api.NinimumApplication - Started NinimumApplication in 6.898 seconds (JVM running for 8.114)
2026-06-03 20:48:01 [http-nio-0.0.0.0-8083-exec-1] INFO  org.springframework.web.servlet.DispatcherServlet - Initializing Servlet 'dispatcherServlet'
2026-06-03 20:48:01 [http-nio-0.0.0.0-8083-exec-1] INFO  org.springframework.web.servlet.DispatcherServlet - Completed initialization in 2 ms
2026-06-03 20:48:01 [http-nio-0.0.0.0-8083-exec-1] INFO  com.ninimum.api.security.jwt.JwtAuthenticationFilter - bearerToken==> Bearer eyJhbGciOiJIUzI1NiJ9.eyJzdWIiOiI5OTg5OTg4ODc3NjYiLCJhdXRoIjoiVVNFUiIsImV4cCI6MTgxMjAyMzE5Mn0.sGC-vHL6XXr1zDNgnFOnhe6wst6hVFVkaGToxtwbSkU
2026-06-03 20:54:34 [http-nio-0.0.0.0-8083-exec-3] INFO  com.ninimum.api.security.provider.UserAuthenticationProvider - userId => 998998887766
2026-06-03 20:54:34 [http-nio-0.0.0.0-8083-exec-3] INFO  com.ninimum.api.security.provider.UserAuthenticationProvider - passwd => 123
2026-06-03 20:54:38 [http-nio-0.0.0.0-8083-exec-4] INFO  com.ninimum.api.security.jwt.JwtAuthenticationFilter - bearerToken==> Bearer eyJhbGciOiJIUzI1NiJ9.eyJzdWIiOiI5OTg5OTg4ODc3NjYiLCJhdXRoIjoiVVNFUiIsImV4cCI6MTgxMjAyMzY3NH0.w4qzD3VduuLnUACL-tKlFWGNSB0HSYQg5R-E-48i_ls
2026-06-03 21:00:22 [http-nio-0.0.0.0-8083-exec-6] INFO  com.ninimum.api.security.provider.UserAuthenticationProvider - userId => 998998887766
2026-06-03 21:00:22 [http-nio-0.0.0.0-8083-exec-6] INFO  com.ninimum.api.security.provider.UserAuthenticationProvider - passwd => 123
2026-06-03 21:00:25 [http-nio-0.0.0.0-8083-exec-7] INFO  com.ninimum.api.security.jwt.JwtAuthenticationFilter - bearerToken==> Bearer eyJhbGciOiJIUzI1NiJ9.eyJzdWIiOiI5OTg5OTg4ODc3NjYiLCJhdXRoIjoiVVNFUiIsImV4cCI6MTgxMjAyNDAyM30.642Xx5hTyJjofNCYvbINXfwRplM6DJY_xU1JPoJRv4A
2026-06-03 21:00:40 [http-nio-0.0.0.0-8083-exec-9] INFO  com.ninimum.api.security.provider.UserAuthenticationProvider - userId => 998998887766
2026-06-03 21:00:40 [http-nio-0.0.0.0-8083-exec-9] INFO  com.ninimum.api.security.provider.UserAuthenticationProvider - passwd => 123
2026-06-03 21:00:42 [http-nio-0.0.0.0-8083-exec-10] INFO  com.ninimum.api.security.jwt.JwtAuthenticationFilter - bearerToken==> Bearer eyJhbGciOiJIUzI1NiJ9.eyJzdWIiOiI5OTg5OTg4ODc3NjYiLCJhdXRoIjoiVVNFUiIsImV4cCI6MTgxMjAyNDA0MH0.KoxSzV1kW6zyukxjWGkIC9oiBXvizV-B__mr7mxifP4
2026-06-03 21:05:40 [HikariPool-1 housekeeper] WARN  com.zaxxer.hikari.pool.HikariPool - HikariPool-1 - Retrograde clock change detected (housekeeper delta=28s115ms), soft-evicting connections from pool.
2026-06-03 21:08:23 [http-nio-0.0.0.0-8083-exec-2] INFO  com.ninimum.api.security.provider.UserAuthenticationProvider - userId => 998998887766
2026-06-03 21:08:23 [http-nio-0.0.0.0-8083-exec-2] INFO  com.ninimum.api.security.provider.UserAuthenticationProvider - passwd => 123
2026-06-03 21:08:28 [http-nio-0.0.0.0-8083-exec-3] INFO  com.ninimum.api.security.jwt.JwtAuthenticationFilter - bearerToken==> Bearer eyJhbGciOiJIUzI1NiJ9.eyJzdWIiOiI5OTg5OTg4ODc3NjYiLCJhdXRoIjoiVVNFUiIsImV4cCI6MTgxMjAyNDUwNH0.M2BM1lKY-l3QEuWcLdhrrY0pMHhGNH5RxJxDvonAEXc
2026-06-03 21:09:54 [http-nio-0.0.0.0-8083-exec-5] INFO  com.ninimum.api.security.provider.UserAuthenticationProvider - userId => 998998887766
2026-06-03 21:09:54 [http-nio-0.0.0.0-8083-exec-5] INFO  com.ninimum.api.security.provider.UserAuthenticationProvider - passwd => 123
2026-06-03 21:09:59 [http-nio-0.0.0.0-8083-exec-6] INFO  com.ninimum.api.security.jwt.JwtAuthenticationFilter - bearerToken==> Bearer eyJhbGciOiJIUzI1NiJ9.eyJzdWIiOiI5OTg5OTg4ODc3NjYiLCJhdXRoIjoiVVNFUiIsImV4cCI6MTgxMjAyNDU5NX0.Iqb14hz-c_JY7irkvZnTt8jy7oBsnVVr3v1B1s9Gm9c
2026-06-03 21:10:53 [http-nio-0.0.0.0-8083-exec-8] INFO  com.ninimum.api.security.provider.UserAuthenticationProvider - userId => 998998887766
2026-06-03 21:10:53 [http-nio-0.0.0.0-8083-exec-8] INFO  com.ninimum.api.security.provider.UserAuthenticationProvider - passwd => 123
2026-06-03 21:10:58 [http-nio-0.0.0.0-8083-exec-9] INFO  com.ninimum.api.security.jwt.JwtAuthenticationFilter - bearerToken==> Bearer eyJhbGciOiJIUzI1NiJ9.eyJzdWIiOiI5OTg5OTg4ODc3NjYiLCJhdXRoIjoiVVNFUiIsImV4cCI6MTgxMjAyNDY1NH0.KLjQyiZK5EInf6vFIVcj-LEEIBoTFLWroc8tIsnRYJ4
2026-06-03 21:12:08 [http-nio-0.0.0.0-8083-exec-1] INFO  com.ninimum.api.security.provider.UserAuthenticationProvider - userId => 998998887766
2026-06-03 21:12:08 [http-nio-0.0.0.0-8083-exec-1] INFO  com.ninimum.api.security.provider.UserAuthenticationProvider - passwd => 123
2026-06-03 21:12:12 [http-nio-0.0.0.0-8083-exec-2] INFO  com.ninimum.api.security.jwt.JwtAuthenticationFilter - bearerToken==> Bearer eyJhbGciOiJIUzI1NiJ9.eyJzdWIiOiI5OTg5OTg4ODc3NjYiLCJhdXRoIjoiVVNFUiIsImV4cCI6MTgxMjAyNDcyOX0.5rYfn1Az6Saggx5Tc0oklozqaNJeNbVy2PbtAT3wgug
2026-06-03 21:13:56 [http-nio-0.0.0.0-8083-exec-4] INFO  com.ninimum.api.security.provider.UserAuthenticationProvider - userId => 998998887766
2026-06-03 21:13:56 [http-nio-0.0.0.0-8083-exec-4] INFO  com.ninimum.api.security.provider.UserAuthenticationProvider - passwd => 123
2026-06-03 21:14:01 [http-nio-0.0.0.0-8083-exec-5] INFO  com.ninimum.api.security.jwt.JwtAuthenticationFilter - bearerToken==> Bearer eyJhbGciOiJIUzI1NiJ9.eyJzdWIiOiI5OTg5OTg4ODc3NjYiLCJhdXRoIjoiVVNFUiIsImV4cCI6MTgxMjAyNDgzN30.uu7tgk8FoAsMPrtgRdGI9AC1060e5_-WPTclzsujs3k
2026-06-03 21:17:45 [http-nio-0.0.0.0-8083-exec-7] INFO  com.ninimum.api.security.provider.UserAuthenticationProvider - userId => 998998887766
2026-06-03 21:17:45 [http-nio-0.0.0.0-8083-exec-7] INFO  com.ninimum.api.security.provider.UserAuthenticationProvider - passwd => 123
2026-06-03 21:17:50 [http-nio-0.0.0.0-8083-exec-8] INFO  com.ninimum.api.security.jwt.JwtAuthenticationFilter - bearerToken==> Bearer eyJhbGciOiJIUzI1NiJ9.eyJzdWIiOiI5OTg5OTg4ODc3NjYiLCJhdXRoIjoiVVNFUiIsImV4cCI6MTgxMjAyNTA2Nn0.CaycXwWtB5r8pbAjNHt3CxMI8BAh-0r-S5YQdtrD8zc
2026-06-03 22:18:25 [http-nio-0.0.0.0-8083-exec-10] INFO  com.ninimum.api.security.jwt.JwtAuthenticationFilter - bearerToken==> Bearer eyJhbGciOiJIUzI1NiJ9.eyJzdWIiOiI5OTg5OTg4ODc3NjYiLCJhdXRoIjoiVVNFUiIsImV4cCI6MTgxMjAxNjg4Nn0.ZdW5oXEWeZrnOg9qRJBKfdZMSau_TZck-5vHYBCPzjw
2026-06-03 22:18:26 [http-nio-0.0.0.0-8083-exec-10] ERROR com.ninimum.api.favorite.controller.FavoriteController - FavoriteController => addFavorite: 
org.springframework.dao.DataIntegrityViolationException: 
### Error updating database.  Cause: java.sql.SQLIntegrityConstraintViolationException: (conn=188691) Cannot add or update a child row: a foreign key constraint fails (`ninimum`.`favorites`, CONSTRAINT `fk_favorites_user` FOREIGN KEY (`user_id`) REFERENCES `users` (`id`) ON DELETE CASCADE)
### The error may exist in file [/Users/akmalbukhariev/Projects/NinimumBackend/NinimumBackend/target/classes/mapper/Favorite/FavoriteMapper.xml]
### The error may involve com.ninimum.api.favorite.service.FavoriteMapper.addFavorite-Inline
### The error occurred while setting parameters
### SQL: INSERT INTO favorites         (             user_id,             product_id,             created_at         )         VALUES         (             ?,             ?,             NOW()         )
### Cause: java.sql.SQLIntegrityConstraintViolationException: (conn=188691) Cannot add or update a child row: a foreign key constraint fails (`ninimum`.`favorites`, CONSTRAINT `fk_favorites_user` FOREIGN KEY (`user_id`) REFERENCES `users` (`id`) ON DELETE CASCADE)
; (conn=188691) Cannot add or update a child row: a foreign key constraint fails (`ninimum`.`favorites`, CONSTRAINT `fk_favorites_user` FOREIGN KEY (`user_id`) REFERENCES `users` (`id`) ON DELETE CASCADE); nested exception is java.sql.SQLIntegrityConstraintViolationException: (conn=188691) Cannot add or update a child row: a foreign key constraint fails (`ninimum`.`favorites`, CONSTRAINT `fk_favorites_user` FOREIGN KEY (`user_id`) REFERENCES `users` (`id`) ON DELETE CASCADE)
	at org.springframework.jdbc.support.SQLErrorCodeSQLExceptionTranslator.doTranslate(SQLErrorCodeSQLExceptionTranslator.java:251) ~[spring-jdbc-5.3.21.jar:5.3.21]
	at org.springframework.jdbc.support.AbstractFallbackSQLExceptionTranslator.translate(AbstractFallbackSQLExceptionTranslator.java:70) ~[spring-jdbc-5.3.21.jar:5.3.21]
	at org.mybatis.spring.MyBatisExceptionTranslator.translateExceptionIfPossible(MyBatisExceptionTranslator.java:91) ~[mybatis-spring-2.0.7.jar:2.0.7]
	at org.mybatis.spring.SqlSessionTemplate$SqlSessionInterceptor.invoke(SqlSessionTemplate.java:441) ~[mybatis-spring-2.0.7.jar:2.0.7]
	at jdk.proxy2.$Proxy115.insert(Unknown Source) ~[?:?]
	at org.mybatis.spring.SqlSessionTemplate.insert(SqlSessionTemplate.java:272) ~[mybatis-spring-2.0.7.jar:2.0.7]
	at org.apache.ibatis.binding.MapperMethod.execute(MapperMethod.java:62) ~[mybatis-3.5.9.jar:3.5.9]
	at org.apache.ibatis.binding.MapperProxy$PlainMethodInvoker.invoke(MapperProxy.java:145) ~[mybatis-3.5.9.jar:3.5.9]
	at org.apache.ibatis.binding.MapperProxy.invoke(MapperProxy.java:86) ~[mybatis-3.5.9.jar:3.5.9]
	at jdk.proxy3.$Proxy129.addFavorite(Unknown Source) ~[?:?]
	at com.ninimum.api.favorite.service.impl.FavoriteService.addFavorite(FavoriteService.java:57) ~[classes/:?]
	at com.ninimum.api.favorite.controller.FavoriteController.addFavorite(FavoriteController.java:76) ~[classes/:?]
	at jdk.internal.reflect.NativeMethodAccessorImpl.invoke0(Native Method) ~[?:?]
	at jdk.internal.reflect.NativeMethodAccessorImpl.invoke(NativeMethodAccessorImpl.java:77) ~[?:?]
	at jdk.internal.reflect.DelegatingMethodAccessorImpl.invoke(DelegatingMethodAccessorImpl.java:43) ~[?:?]
	at java.lang.reflect.Method.invoke(Method.java:569) ~[?:?]
	at org.springframework.web.method.support.InvocableHandlerMethod.doInvoke(InvocableHandlerMethod.java:205) ~[spring-web-5.3.21.jar:5.3.21]
	at org.springframework.web.method.support.InvocableHandlerMethod.invokeForRequest(InvocableHandlerMethod.java:150) ~[spring-web-5.3.21.jar:5.3.21]
	at org.springframework.web.servlet.mvc.method.annotation.ServletInvocableHandlerMethod.invokeAndHandle(ServletInvocableHandlerMethod.java:117) ~[spring-webmvc-5.3.21.jar:5.3.21]
	at org.springframework.web.servlet.mvc.method.annotation.RequestMappingHandlerAdapter.invokeHandlerMethod(RequestMappingHandlerAdapter.java:895) ~[spring-webmvc-5.3.21.jar:5.3.21]
	at org.springframework.web.servlet.mvc.method.annotation.RequestMappingHandlerAdapter.handleInternal(RequestMappingHandlerAdapter.java:808) ~[spring-webmvc-5.3.21.jar:5.3.21]
	at org.springframework.web.servlet.mvc.method.AbstractHandlerMethodAdapter.handle(AbstractHandlerMethodAdapter.java:87) ~[spring-webmvc-5.3.21.jar:5.3.21]
	at org.springframework.web.servlet.DispatcherServlet.doDispatch(DispatcherServlet.java:1067) ~[spring-webmvc-5.3.21.jar:5.3.21]
	at org.springframework.web.servlet.DispatcherServlet.doService(DispatcherServlet.java:963) ~[spring-webmvc-5.3.21.jar:5.3.21]
	at org.springframework.web.servlet.FrameworkServlet.processRequest(FrameworkServlet.java:1006) ~[spring-webmvc-5.3.21.jar:5.3.21]
	at org.springframework.web.servlet.FrameworkServlet.doPost(FrameworkServlet.java:909) ~[spring-webmvc-5.3.21.jar:5.3.21]
	at javax.servlet.http.HttpServlet.service(HttpServlet.java:681) ~[tomcat-embed-core-9.0.64.jar:4.0.FR]
	at org.springframework.web.servlet.FrameworkServlet.service(FrameworkServlet.java:883) ~[spring-webmvc-5.3.21.jar:5.3.21]
	at javax.servlet.http.HttpServlet.service(HttpServlet.java:764) ~[tomcat-embed-core-9.0.64.jar:4.0.FR]
	at org.apache.catalina.core.ApplicationFilterChain.internalDoFilter(ApplicationFilterChain.java:227) ~[tomcat-embed-core-9.0.64.jar:9.0.64]
	at org.apache.catalina.core.ApplicationFilterChain.doFilter(ApplicationFilterChain.java:162) ~[tomcat-embed-core-9.0.64.jar:9.0.64]
	at org.apache.tomcat.websocket.server.WsFilter.doFilter(WsFilter.java:53) ~[tomcat-embed-websocket-9.0.64.jar:9.0.64]
	at org.apache.catalina.core.ApplicationFilterChain.internalDoFilter(ApplicationFilterChain.java:189) ~[tomcat-embed-core-9.0.64.jar:9.0.64]
	at org.apache.catalina.core.ApplicationFilterChain.doFilter(ApplicationFilterChain.java:162) ~[tomcat-embed-core-9.0.64.jar:9.0.64]
	at org.springframework.security.web.FilterChainProxy$VirtualFilterChain.doFilter(FilterChainProxy.java:327) ~[spring-security-web-5.7.2.jar:5.7.2]
	at org.springframework.security.web.access.intercept.AuthorizationFilter.doFilterInternal(AuthorizationFilter.java:73) ~[spring-security-web-5.7.2.jar:5.7.2]
	at org.springframework.web.filter.OncePerRequestFilter.doFilter(OncePerRequestFilter.java:117) ~[spring-web-5.3.21.jar:5.3.21]
	at org.springframework.security.web.FilterChainProxy$VirtualFilterChain.doFilter(FilterChainProxy.java:336) ~[spring-security-web-5.7.2.jar:5.7.2]
	at org.springframework.security.web.access.ExceptionTranslationFilter.doFilter(ExceptionTranslationFilter.java:122) ~[spring-security-web-5.7.2.jar:5.7.2]
	at org.springframework.security.web.access.ExceptionTranslationFilter.doFilter(ExceptionTranslationFilter.java:116) ~[spring-security-web-5.7.2.jar:5.7.2]
	at org.springframework.security.web.FilterChainProxy$VirtualFilterChain.doFilter(FilterChainProxy.java:336) ~[spring-security-web-5.7.2.jar:5.7.2]
	at org.springframework.security.web.session.SessionManagementFilter.doFilter(SessionManagementFilter.java:126) ~[spring-security-web-5.7.2.jar:5.7.2]
	at org.springframework.security.web.session.SessionManagementFilter.doFilter(SessionManagementFilter.java:81) ~[spring-security-web-5.7.2.jar:5.7.2]
	at org.springframework.security.web.FilterChainProxy$VirtualFilterChain.doFilter(FilterChainProxy.java:336) ~[spring-security-web-5.7.2.jar:5.7.2]
	at org.springframework.security.web.authentication.AnonymousAuthenticationFilter.doFilter(AnonymousAuthenticationFilter.java:109) ~[spring-security-web-5.7.2.jar:5.7.2]
	at org.springframework.security.web.FilterChainProxy$VirtualFilterChain.doFilter(FilterChainProxy.java:336) ~[spring-security-web-5.7.2.jar:5.7.2]
	at org.springframework.security.web.servletapi.SecurityContextHolderAwareRequestFilter.doFilter(SecurityContextHolderAwareRequestFilter.java:149) ~[spring-security-web-5.7.2.jar:5.7.2]
	at org.springframework.security.web.FilterChainProxy$VirtualFilterChain.doFilter(FilterChainProxy.java:336) ~[spring-security-web-5.7.2.jar:5.7.2]
	at org.springframework.security.web.savedrequest.RequestCacheAwareFilter.doFilter(RequestCacheAwareFilter.java:63) ~[spring-security-web-5.7.2.jar:5.7.2]
	at org.springframework.security.web.FilterChainProxy$VirtualFilterChain.doFilter(FilterChainProxy.java:336) ~[spring-security-web-5.7.2.jar:5.7.2]
	at org.springframework.security.web.authentication.AbstractAuthenticationProcessingFilter.doFilter(AbstractAuthenticationProcessingFilter.java:223) ~[spring-security-web-5.7.2.jar:5.7.2]
	at org.springframework.security.web.authentication.AbstractAuthenticationProcessingFilter.doFilter(AbstractAuthenticationProcessingFilter.java:217) ~[spring-security-web-5.7.2.jar:5.7.2]
	at org.springframework.security.web.FilterChainProxy$VirtualFilterChain.doFilter(FilterChainProxy.java:336) ~[spring-security-web-5.7.2.jar:5.7.2]
	at org.springframework.security.web.authentication.AbstractAuthenticationProcessingFilter.doFilter(AbstractAuthenticationProcessingFilter.java:223) ~[spring-security-web-5.7.2.jar:5.7.2]
	at org.springframework.security.web.authentication.AbstractAuthenticationProcessingFilter.doFilter(AbstractAuthenticationProcessingFilter.java:217) ~[spring-security-web-5.7.2.jar:5.7.2]
	at org.springframework.security.web.FilterChainProxy$VirtualFilterChain.doFilter(FilterChainProxy.java:336) ~[spring-security-web-5.7.2.jar:5.7.2]
	at com.ninimum.api.security.jwt.JwtAuthenticationFilter.doFilterInternal(JwtAuthenticationFilter.java:95) ~[classes/:?]
	at org.springframework.web.filter.OncePerRequestFilter.doFilter(OncePerRequestFilter.java:117) ~[spring-web-5.3.21.jar:5.3.21]
	at org.springframework.security.web.FilterChainProxy$VirtualFilterChain.doFilter(FilterChainProxy.java:336) ~[spring-security-web-5.7.2.jar:5.7.2]
	at org.springframework.security.web.authentication.logout.LogoutFilter.doFilter(LogoutFilter.java:103) ~[spring-security-web-5.7.2.jar:5.7.2]
	at org.springframework.security.web.authentication.logout.LogoutFilter.doFilter(LogoutFilter.java:89) ~[spring-security-web-5.7.2.jar:5.7.2]
	at org.springframework.security.web.FilterChainProxy$VirtualFilterChain.doFilter(FilterChainProxy.java:336) ~[spring-security-web-5.7.2.jar:5.7.2]
	at org.springframework.web.filter.CorsFilter.doFilterInternal(CorsFilter.java:91) ~[spring-web-5.3.21.jar:5.3.21]
	at org.springframework.web.filter.OncePerRequestFilter.doFilter(OncePerRequestFilter.java:117) ~[spring-web-5.3.21.jar:5.3.21]
	at org.springframework.security.web.FilterChainProxy$VirtualFilterChain.doFilter(FilterChainProxy.java:336) ~[spring-security-web-5.7.2.jar:5.7.2]
	at org.springframework.security.web.header.HeaderWriterFilter.doHeadersAfter(HeaderWriterFilter.java:90) ~[spring-security-web-5.7.2.jar:5.7.2]
	at org.springframework.security.web.header.HeaderWriterFilter.doFilterInternal(HeaderWriterFilter.java:75) ~[spring-security-web-5.7.2.jar:5.7.2]
	at org.springframework.web.filter.OncePerRequestFilter.doFilter(OncePerRequestFilter.java:117) ~[spring-web-5.3.21.jar:5.3.21]
	at org.springframework.security.web.FilterChainProxy$VirtualFilterChain.doFilter(FilterChainProxy.java:336) ~[spring-security-web-5.7.2.jar:5.7.2]
	at org.springframework.security.web.context.SecurityContextPersistenceFilter.doFilter(SecurityContextPersistenceFilter.java:112) ~[spring-security-web-5.7.2.jar:5.7.2]
	at org.springframework.security.web.context.SecurityContextPersistenceFilter.doFilter(SecurityContextPersistenceFilter.java:82) ~[spring-security-web-5.7.2.jar:5.7.2]
	at org.springframework.security.web.FilterChainProxy$VirtualFilterChain.doFilter(FilterChainProxy.java:336) ~[spring-security-web-5.7.2.jar:5.7.2]
	at org.springframework.security.web.context.request.async.WebAsyncManagerIntegrationFilter.doFilterInternal(WebAsyncManagerIntegrationFilter.java:55) ~[spring-security-web-5.7.2.jar:5.7.2]
	at org.springframework.web.filter.OncePerRequestFilter.doFilter(OncePerRequestFilter.java:117) ~[spring-web-5.3.21.jar:5.3.21]
	at org.springframework.security.web.FilterChainProxy$VirtualFilterChain.doFilter(FilterChainProxy.java:336) ~[spring-security-web-5.7.2.jar:5.7.2]
	at org.springframework.security.web.session.DisableEncodeUrlFilter.doFilterInternal(DisableEncodeUrlFilter.java:42) ~[spring-security-web-5.7.2.jar:5.7.2]
	at org.springframework.web.filter.OncePerRequestFilter.doFilter(OncePerRequestFilter.java:117) ~[spring-web-5.3.21.jar:5.3.21]
	at org.springframework.security.web.FilterChainProxy$VirtualFilterChain.doFilter(FilterChainProxy.java:336) ~[spring-security-web-5.7.2.jar:5.7.2]
	at org.springframework.security.web.FilterChainProxy.doFilterInternal(FilterChainProxy.java:211) ~[spring-security-web-5.7.2.jar:5.7.2]
	at org.springframework.security.web.FilterChainProxy.doFilter(FilterChainProxy.java:183) ~[spring-security-web-5.7.2.jar:5.7.2]
	at org.springframework.web.filter.DelegatingFilterProxy.invokeDelegate(DelegatingFilterProxy.java:354) ~[spring-web-5.3.21.jar:5.3.21]
	at org.springframework.web.filter.DelegatingFilterProxy.doFilter(DelegatingFilterProxy.java:267) ~[spring-web-5.3.21.jar:5.3.21]
	at org.apache.catalina.core.ApplicationFilterChain.internalDoFilter(ApplicationFilterChain.java:189) ~[tomcat-embed-core-9.0.64.jar:9.0.64]
	at org.apache.catalina.core.ApplicationFilterChain.doFilter(ApplicationFilterChain.java:162) ~[tomcat-embed-core-9.0.64.jar:9.0.64]
	at org.springframework.web.filter.RequestContextFilter.doFilterInternal(RequestContextFilter.java:100) ~[spring-web-5.3.21.jar:5.3.21]
	at org.springframework.web.filter.OncePerRequestFilter.doFilter(OncePerRequestFilter.java:117) ~[spring-web-5.3.21.jar:5.3.21]
	at org.apache.catalina.core.ApplicationFilterChain.internalDoFilter(ApplicationFilterChain.java:189) ~[tomcat-embed-core-9.0.64.jar:9.0.64]
	at org.apache.catalina.core.ApplicationFilterChain.doFilter(ApplicationFilterChain.java:162) ~[tomcat-embed-core-9.0.64.jar:9.0.64]
	at org.springframework.web.filter.FormContentFilter.doFilterInternal(FormContentFilter.java:93) ~[spring-web-5.3.21.jar:5.3.21]
	at org.springframework.web.filter.OncePerRequestFilter.doFilter(OncePerRequestFilter.java:117) ~[spring-web-5.3.21.jar:5.3.21]
	at org.apache.catalina.core.ApplicationFilterChain.internalDoFilter(ApplicationFilterChain.java:189) ~[tomcat-embed-core-9.0.64.jar:9.0.64]
	at org.apache.catalina.core.ApplicationFilterChain.doFilter(ApplicationFilterChain.java:162) ~[tomcat-embed-core-9.0.64.jar:9.0.64]
	at org.springframework.boot.actuate.metrics.web.servlet.WebMvcMetricsFilter.doFilterInternal(WebMvcMetricsFilter.java:96) ~[spring-boot-actuator-2.7.1.jar:2.7.1]
	at org.springframework.web.filter.OncePerRequestFilter.doFilter(OncePerRequestFilter.java:117) ~[spring-web-5.3.21.jar:5.3.21]
	at org.apache.catalina.core.ApplicationFilterChain.internalDoFilter(ApplicationFilterChain.java:189) ~[tomcat-embed-core-9.0.64.jar:9.0.64]
	at org.apache.catalina.core.ApplicationFilterChain.doFilter(ApplicationFilterChain.java:162) ~[tomcat-embed-core-9.0.64.jar:9.0.64]
	at org.springframework.web.filter.CharacterEncodingFilter.doFilterInternal(CharacterEncodingFilter.java:201) ~[spring-web-5.3.21.jar:5.3.21]
	at org.springframework.web.filter.OncePerRequestFilter.doFilter(OncePerRequestFilter.java:117) ~[spring-web-5.3.21.jar:5.3.21]
	at org.apache.catalina.core.ApplicationFilterChain.internalDoFilter(ApplicationFilterChain.java:189) ~[tomcat-embed-core-9.0.64.jar:9.0.64]
	at org.apache.catalina.core.ApplicationFilterChain.doFilter(ApplicationFilterChain.java:162) ~[tomcat-embed-core-9.0.64.jar:9.0.64]
	at org.apache.catalina.core.StandardWrapperValve.invoke(StandardWrapperValve.java:197) ~[tomcat-embed-core-9.0.64.jar:9.0.64]
	at org.apache.catalina.core.StandardContextValve.invoke(StandardContextValve.java:97) ~[tomcat-embed-core-9.0.64.jar:9.0.64]
	at org.apache.catalina.authenticator.AuthenticatorBase.invoke(AuthenticatorBase.java:541) ~[tomcat-embed-core-9.0.64.jar:9.0.64]
	at org.apache.catalina.core.StandardHostValve.invoke(StandardHostValve.java:135) ~[tomcat-embed-core-9.0.64.jar:9.0.64]
	at org.apache.catalina.valves.ErrorReportValve.invoke(ErrorReportValve.java:92) ~[tomcat-embed-core-9.0.64.jar:9.0.64]
	at org.apache.catalina.core.StandardEngineValve.invoke(StandardEngineValve.java:78) ~[tomcat-embed-core-9.0.64.jar:9.0.64]
	at org.apache.catalina.connector.CoyoteAdapter.service(CoyoteAdapter.java:360) ~[tomcat-embed-core-9.0.64.jar:9.0.64]
	at org.apache.coyote.http11.Http11Processor.service(Http11Processor.java:399) ~[tomcat-embed-core-9.0.64.jar:9.0.64]
	at org.apache.coyote.AbstractProcessorLight.process(AbstractProcessorLight.java:65) ~[tomcat-embed-core-9.0.64.jar:9.0.64]
	at org.apache.coyote.AbstractProtocol$ConnectionHandler.process(AbstractProtocol.java:890) ~[tomcat-embed-core-9.0.64.jar:9.0.64]
	at org.apache.tomcat.util.net.NioEndpoint$SocketProcessor.doRun(NioEndpoint.java:1787) ~[tomcat-embed-core-9.0.64.jar:9.0.64]
	at org.apache.tomcat.util.net.SocketProcessorBase.run(SocketProcessorBase.java:49) ~[tomcat-embed-core-9.0.64.jar:9.0.64]
	at org.apache.tomcat.util.threads.ThreadPoolExecutor.runWorker(ThreadPoolExecutor.java:1191) ~[tomcat-embed-core-9.0.64.jar:9.0.64]
	at org.apache.tomcat.util.threads.ThreadPoolExecutor$Worker.run(ThreadPoolExecutor.java:659) ~[tomcat-embed-core-9.0.64.jar:9.0.64]
	at org.apache.tomcat.util.threads.TaskThread$WrappingRunnable.run(TaskThread.java:61) ~[tomcat-embed-core-9.0.64.jar:9.0.64]
	at java.lang.Thread.run(Thread.java:840) ~[?:?]
Caused by: java.sql.SQLIntegrityConstraintViolationException: (conn=188691) Cannot add or update a child row: a foreign key constraint fails (`ninimum`.`favorites`, CONSTRAINT `fk_favorites_user` FOREIGN KEY (`user_id`) REFERENCES `users` (`id`) ON DELETE CASCADE)
	at org.mariadb.jdbc.internal.util.exceptions.ExceptionFactory.createException(ExceptionFactory.java:70) ~[mariadb-java-client-2.7.3.jar:?]
	at org.mariadb.jdbc.internal.util.exceptions.ExceptionFactory.create(ExceptionFactory.java:155) ~[mariadb-java-client-2.7.3.jar:?]
	at org.mariadb.jdbc.MariaDbStatement.executeExceptionEpilogue(MariaDbStatement.java:274) ~[mariadb-java-client-2.7.3.jar:?]
	at org.mariadb.jdbc.ClientSidePreparedStatement.executeInternal(ClientSidePreparedStatement.java:229) ~[mariadb-java-client-2.7.3.jar:?]
	at org.mariadb.jdbc.ClientSidePreparedStatement.execute(ClientSidePreparedStatement.java:149) ~[mariadb-java-client-2.7.3.jar:?]
	at com.zaxxer.hikari.pool.ProxyPreparedStatement.execute(ProxyPreparedStatement.java:44) ~[HikariCP-4.0.3.jar:?]
	at com.zaxxer.hikari.pool.HikariProxyPreparedStatement.execute(HikariProxyPreparedStatement.java) ~[HikariCP-4.0.3.jar:?]
	at org.apache.ibatis.executor.statement.PreparedStatementHandler.update(PreparedStatementHandler.java:47) ~[mybatis-3.5.9.jar:3.5.9]
	at org.apache.ibatis.executor.statement.RoutingStatementHandler.update(RoutingStatementHandler.java:74) ~[mybatis-3.5.9.jar:3.5.9]
	at org.apache.ibatis.executor.SimpleExecutor.doUpdate(SimpleExecutor.java:50) ~[mybatis-3.5.9.jar:3.5.9]
	at org.apache.ibatis.executor.BaseExecutor.update(BaseExecutor.java:117) ~[mybatis-3.5.9.jar:3.5.9]
	at org.apache.ibatis.executor.CachingExecutor.update(CachingExecutor.java:76) ~[mybatis-3.5.9.jar:3.5.9]
	at org.apache.ibatis.session.defaults.DefaultSqlSession.update(DefaultSqlSession.java:194) ~[mybatis-3.5.9.jar:3.5.9]
	at org.apache.ibatis.session.defaults.DefaultSqlSession.insert(DefaultSqlSession.java:181) ~[mybatis-3.5.9.jar:3.5.9]
	at jdk.internal.reflect.NativeMethodAccessorImpl.invoke0(Native Method) ~[?:?]
	at jdk.internal.reflect.NativeMethodAccessorImpl.invoke(NativeMethodAccessorImpl.java:77) ~[?:?]
	at jdk.internal.reflect.DelegatingMethodAccessorImpl.invoke(DelegatingMethodAccessorImpl.java:43) ~[?:?]
	at java.lang.reflect.Method.invoke(Method.java:569) ~[?:?]
	at org.mybatis.spring.SqlSessionTemplate$SqlSessionInterceptor.invoke(SqlSessionTemplate.java:427) ~[mybatis-spring-2.0.7.jar:2.0.7]
	... 112 more
Caused by: org.mariadb.jdbc.internal.util.exceptions.MariaDbSqlException: Cannot add or update a child row: a foreign key constraint fails (`ninimum`.`favorites`, CONSTRAINT `fk_favorites_user` FOREIGN KEY (`user_id`) REFERENCES `users` (`id`) ON DELETE CASCADE)
	at org.mariadb.jdbc.internal.util.exceptions.MariaDbSqlException.of(MariaDbSqlException.java:34) ~[mariadb-java-client-2.7.3.jar:?]
	at org.mariadb.jdbc.internal.protocol.AbstractQueryProtocol.exceptionWithQuery(AbstractQueryProtocol.java:194) ~[mariadb-java-client-2.7.3.jar:?]
	at org.mariadb.jdbc.internal.protocol.AbstractQueryProtocol.exceptionWithQuery(AbstractQueryProtocol.java:177) ~[mariadb-java-client-2.7.3.jar:?]
	at org.mariadb.jdbc.internal.protocol.AbstractQueryProtocol.executeQuery(AbstractQueryProtocol.java:362) ~[mariadb-java-client-2.7.3.jar:?]
	at org.mariadb.jdbc.ClientSidePreparedStatement.executeInternal(ClientSidePreparedStatement.java:217) ~[mariadb-java-client-2.7.3.jar:?]
	at org.mariadb.jdbc.ClientSidePreparedStatement.execute(ClientSidePreparedStatement.java:149) ~[mariadb-java-client-2.7.3.jar:?]
	at com.zaxxer.hikari.pool.ProxyPreparedStatement.execute(ProxyPreparedStatement.java:44) ~[HikariCP-4.0.3.jar:?]
	at com.zaxxer.hikari.pool.HikariProxyPreparedStatement.execute(HikariProxyPreparedStatement.java) ~[HikariCP-4.0.3.jar:?]
	at org.apache.ibatis.executor.statement.PreparedStatementHandler.update(PreparedStatementHandler.java:47) ~[mybatis-3.5.9.jar:3.5.9]
	at org.apache.ibatis.executor.statement.RoutingStatementHandler.update(RoutingStatementHandler.java:74) ~[mybatis-3.5.9.jar:3.5.9]
	at org.apache.ibatis.executor.SimpleExecutor.doUpdate(SimpleExecutor.java:50) ~[mybatis-3.5.9.jar:3.5.9]
	at org.apache.ibatis.executor.BaseExecutor.update(BaseExecutor.java:117) ~[mybatis-3.5.9.jar:3.5.9]
	at org.apache.ibatis.executor.CachingExecutor.update(CachingExecutor.java:76) ~[mybatis-3.5.9.jar:3.5.9]
	at org.apache.ibatis.session.defaults.DefaultSqlSession.update(DefaultSqlSession.java:194) ~[mybatis-3.5.9.jar:3.5.9]
	at org.apache.ibatis.session.defaults.DefaultSqlSession.insert(DefaultSqlSession.java:181) ~[mybatis-3.5.9.jar:3.5.9]
	at jdk.internal.reflect.NativeMethodAccessorImpl.invoke0(Native Method) ~[?:?]
	at jdk.internal.reflect.NativeMethodAccessorImpl.invoke(NativeMethodAccessorImpl.java:77) ~[?:?]
	at jdk.internal.reflect.DelegatingMethodAccessorImpl.invoke(DelegatingMethodAccessorImpl.java:43) ~[?:?]
	at java.lang.reflect.Method.invoke(Method.java:569) ~[?:?]
	at org.mybatis.spring.SqlSessionTemplate$SqlSessionInterceptor.invoke(SqlSessionTemplate.java:427) ~[mybatis-spring-2.0.7.jar:2.0.7]
	... 112 more
Caused by: java.sql.SQLException: Cannot add or update a child row: a foreign key constraint fails (`ninimum`.`favorites`, CONSTRAINT `fk_favorites_user` FOREIGN KEY (`user_id`) REFERENCES `users` (`id`) ON DELETE CASCADE)
	at org.mariadb.jdbc.internal.protocol.AbstractQueryProtocol.readErrorPacket(AbstractQueryProtocol.java:1694) ~[mariadb-java-client-2.7.3.jar:?]
	at org.mariadb.jdbc.internal.protocol.AbstractQueryProtocol.readPacket(AbstractQueryProtocol.java:1556) ~[mariadb-java-client-2.7.3.jar:?]
	at org.mariadb.jdbc.internal.protocol.AbstractQueryProtocol.getResult(AbstractQueryProtocol.java:1519) ~[mariadb-java-client-2.7.3.jar:?]
	at org.mariadb.jdbc.internal.protocol.AbstractQueryProtocol.executeQuery(AbstractQueryProtocol.java:359) ~[mariadb-java-client-2.7.3.jar:?]
	at org.mariadb.jdbc.ClientSidePreparedStatement.executeInternal(ClientSidePreparedStatement.java:217) ~[mariadb-java-client-2.7.3.jar:?]
	at org.mariadb.jdbc.ClientSidePreparedStatement.execute(ClientSidePreparedStatement.java:149) ~[mariadb-java-client-2.7.3.jar:?]
	at com.zaxxer.hikari.pool.ProxyPreparedStatement.execute(ProxyPreparedStatement.java:44) ~[HikariCP-4.0.3.jar:?]
	at com.zaxxer.hikari.pool.HikariProxyPreparedStatement.execute(HikariProxyPreparedStatement.java) ~[HikariCP-4.0.3.jar:?]
	at org.apache.ibatis.executor.statement.PreparedStatementHandler.update(PreparedStatementHandler.java:47) ~[mybatis-3.5.9.jar:3.5.9]
	at org.apache.ibatis.executor.statement.RoutingStatementHandler.update(RoutingStatementHandler.java:74) ~[mybatis-3.5.9.jar:3.5.9]
	at org.apache.ibatis.executor.SimpleExecutor.doUpdate(SimpleExecutor.java:50) ~[mybatis-3.5.9.jar:3.5.9]
	at org.apache.ibatis.executor.BaseExecutor.update(BaseExecutor.java:117) ~[mybatis-3.5.9.jar:3.5.9]
	at org.apache.ibatis.executor.CachingExecutor.update(CachingExecutor.java:76) ~[mybatis-3.5.9.jar:3.5.9]
	at org.apache.ibatis.session.defaults.DefaultSqlSession.update(DefaultSqlSession.java:194) ~[mybatis-3.5.9.jar:3.5.9]
	at org.apache.ibatis.session.defaults.DefaultSqlSession.insert(DefaultSqlSession.java:181) ~[mybatis-3.5.9.jar:3.5.9]
	at jdk.internal.reflect.NativeMethodAccessorImpl.invoke0(Native Method) ~[?:?]
	at jdk.internal.reflect.NativeMethodAccessorImpl.invoke(NativeMethodAccessorImpl.java:77) ~[?:?]
	at jdk.internal.reflect.DelegatingMethodAccessorImpl.invoke(DelegatingMethodAccessorImpl.java:43) ~[?:?]
	at java.lang.reflect.Method.invoke(Method.java:569) ~[?:?]
	at org.mybatis.spring.SqlSessionTemplate$SqlSessionInterceptor.invoke(SqlSessionTemplate.java:427) ~[mybatis-spring-2.0.7.jar:2.0.7]
	... 112 more
2026-06-03 22:19:02 [http-nio-0.0.0.0-8083-exec-1] INFO  com.ninimum.api.security.jwt.JwtAuthenticationFilter - bearerToken==> Bearer eyJhbGciOiJIUzI1NiJ9.eyJzdWIiOiI5OTg5OTg4ODc3NjYiLCJhdXRoIjoiVVNFUiIsImV4cCI6MTgxMjAxNjg4Nn0.ZdW5oXEWeZrnOg9qRJBKfdZMSau_TZck-5vHYBCPzjw
2026-06-03 22:46:35 [http-nio-0.0.0.0-8083-exec-3] INFO  com.ninimum.api.security.provider.UserAuthenticationProvider - userId => 998998887766
2026-06-03 22:46:35 [http-nio-0.0.0.0-8083-exec-3] INFO  com.ninimum.api.security.provider.UserAuthenticationProvider - passwd => 123
2026-06-03 22:46:40 [http-nio-0.0.0.0-8083-exec-4] INFO  com.ninimum.api.security.jwt.JwtAuthenticationFilter - bearerToken==> Bearer eyJhbGciOiJIUzI1NiJ9.eyJzdWIiOiI5OTg5OTg4ODc3NjYiLCJhdXRoIjoiVVNFUiIsImV4cCI6MTgxMjAzMDM5NX0.yONuCUhbgiBKNqThygDzpkzCnbg9ccIgePh6HODmsDY
2026-06-03 22:46:57 [http-nio-0.0.0.0-8083-exec-5] INFO  com.ninimum.api.security.jwt.JwtAuthenticationFilter - bearerToken==> Bearer eyJhbGciOiJIUzI1NiJ9.eyJzdWIiOiI5OTg5OTg4ODc3NjYiLCJhdXRoIjoiVVNFUiIsImV4cCI6MTgxMjAzMDM5NX0.yONuCUhbgiBKNqThygDzpkzCnbg9ccIgePh6HODmsDY
2026-06-03 22:49:05 [http-nio-0.0.0.0-8083-exec-7] INFO  com.ninimum.api.security.provider.UserAuthenticationProvider - userId => 998998887766
2026-06-03 22:49:05 [http-nio-0.0.0.0-8083-exec-7] INFO  com.ninimum.api.security.provider.UserAuthenticationProvider - passwd => 123
2026-06-03 22:49:09 [http-nio-0.0.0.0-8083-exec-8] INFO  com.ninimum.api.security.jwt.JwtAuthenticationFilter - bearerToken==> Bearer eyJhbGciOiJIUzI1NiJ9.eyJzdWIiOiI5OTg5OTg4ODc3NjYiLCJhdXRoIjoiVVNFUiIsImV4cCI6MTgxMjAzMDU0NX0.XFeWBdopZ9dnELX4J5I4tzyrrgFW-2m47pNEK1HOM4Y
2026-06-03 22:49:43 [http-nio-0.0.0.0-8083-exec-9] INFO  com.ninimum.api.security.jwt.JwtAuthenticationFilter - bearerToken==> Bearer eyJhbGciOiJIUzI1NiJ9.eyJzdWIiOiI5OTg5OTg4ODc3NjYiLCJhdXRoIjoiVVNFUiIsImV4cCI6MTgxMjAzMDU0NX0.XFeWBdopZ9dnELX4J5I4tzyrrgFW-2m47pNEK1HOM4Y
2026-06-03 22:49:46 [http-nio-0.0.0.0-8083-exec-10] INFO  com.ninimum.api.security.jwt.JwtAuthenticationFilter - bearerToken==> Bearer eyJhbGciOiJIUzI1NiJ9.eyJzdWIiOiI5OTg5OTg4ODc3NjYiLCJhdXRoIjoiVVNFUiIsImV4cCI6MTgxMjAzMDU0NX0.XFeWBdopZ9dnELX4J5I4tzyrrgFW-2m47pNEK1HOM4Y
2026-06-03 22:49:50 [http-nio-0.0.0.0-8083-exec-1] INFO  com.ninimum.api.security.jwt.JwtAuthenticationFilter - bearerToken==> Bearer eyJhbGciOiJIUzI1NiJ9.eyJzdWIiOiI5OTg5OTg4ODc3NjYiLCJhdXRoIjoiVVNFUiIsImV4cCI6MTgxMjAzMDU0NX0.XFeWBdopZ9dnELX4J5I4tzyrrgFW-2m47pNEK1HOM4Y
2026-06-03 22:49:53 [http-nio-0.0.0.0-8083-exec-2] INFO  com.ninimum.api.security.jwt.JwtAuthenticationFilter - bearerToken==> Bearer eyJhbGciOiJIUzI1NiJ9.eyJzdWIiOiI5OTg5OTg4ODc3NjYiLCJhdXRoIjoiVVNFUiIsImV4cCI6MTgxMjAzMDU0NX0.XFeWBdopZ9dnELX4J5I4tzyrrgFW-2m47pNEK1HOM4Y
2026-06-03 22:54:59 [http-nio-0.0.0.0-8083-exec-4] INFO  com.ninimum.api.security.provider.UserAuthenticationProvider - userId => 998998887766
2026-06-03 22:54:59 [http-nio-0.0.0.0-8083-exec-4] INFO  com.ninimum.api.security.provider.UserAuthenticationProvider - passwd => 123
2026-06-03 22:55:04 [http-nio-0.0.0.0-8083-exec-5] INFO  com.ninimum.api.security.jwt.JwtAuthenticationFilter - bearerToken==> Bearer eyJhbGciOiJIUzI1NiJ9.eyJzdWIiOiI5OTg5OTg4ODc3NjYiLCJhdXRoIjoiVVNFUiIsImV4cCI6MTgxMjAzMDg5OX0.ZX2IZzsgWE5MYJiEhnZaSaFkzXf9tsTxKdDg4cUcAGU
2026-06-03 22:55:13 [http-nio-0.0.0.0-8083-exec-6] INFO  com.ninimum.api.security.jwt.JwtAuthenticationFilter - bearerToken==> Bearer eyJhbGciOiJIUzI1NiJ9.eyJzdWIiOiI5OTg5OTg4ODc3NjYiLCJhdXRoIjoiVVNFUiIsImV4cCI6MTgxMjAzMDg5OX0.ZX2IZzsgWE5MYJiEhnZaSaFkzXf9tsTxKdDg4cUcAGU
2026-06-03 22:55:20 [http-nio-0.0.0.0-8083-exec-7] INFO  com.ninimum.api.security.jwt.JwtAuthenticationFilter - bearerToken==> Bearer eyJhbGciOiJIUzI1NiJ9.eyJzdWIiOiI5OTg5OTg4ODc3NjYiLCJhdXRoIjoiVVNFUiIsImV4cCI6MTgxMjAzMDg5OX0.ZX2IZzsgWE5MYJiEhnZaSaFkzXf9tsTxKdDg4cUcAGU
2026-06-03 22:55:23 [http-nio-0.0.0.0-8083-exec-8] INFO  com.ninimum.api.security.jwt.JwtAuthenticationFilter - bearerToken==> Bearer eyJhbGciOiJIUzI1NiJ9.eyJzdWIiOiI5OTg5OTg4ODc3NjYiLCJhdXRoIjoiVVNFUiIsImV4cCI6MTgxMjAzMDg5OX0.ZX2IZzsgWE5MYJiEhnZaSaFkzXf9tsTxKdDg4cUcAGU
2026-06-03 22:55:41 [http-nio-0.0.0.0-8083-exec-9] INFO  com.ninimum.api.security.jwt.JwtAuthenticationFilter - bearerToken==> Bearer eyJhbGciOiJIUzI1NiJ9.eyJzdWIiOiI5OTg5OTg4ODc3NjYiLCJhdXRoIjoiVVNFUiIsImV4cCI6MTgxMjAzMDg5OX0.ZX2IZzsgWE5MYJiEhnZaSaFkzXf9tsTxKdDg4cUcAGU
2026-06-03 22:57:01 [SpringApplicationShutdownHook] INFO  com.zaxxer.hikari.HikariDataSource - HikariPool-1 - Shutdown initiated...
2026-06-03 22:57:01 [SpringApplicationShutdownHook] INFO  com.zaxxer.hikari.HikariDataSource - HikariPool-1 - Shutdown completed.
