2026-10-05 11:44:31 [main] INFO  org.springframework.test.context.web.WebTestContextBootstrapper - Loaded default TestExecutionListener class names from location [META-INF/spring.factories]: [org.springframework.boot.test.mock.mockito.MockitoTestExecutionListener, org.springframework.boot.test.mock.mockito.ResetMocksTestExecutionListener, org.springframework.boot.test.autoconfigure.restdocs.RestDocsTestExecutionListener, org.springframework.boot.test.autoconfigure.web.client.MockRestServiceServerResetTestExecutionListener, org.springframework.boot.test.autoconfigure.web.servlet.MockMvcPrintOnlyOnFailureTestExecutionListener, org.springframework.boot.test.autoconfigure.web.servlet.WebDriverTestExecutionListener, org.springframework.boot.test.autoconfigure.webservices.client.MockWebServiceServerTestExecutionListener, org.springframework.test.context.web.ServletTestExecutionListener, org.springframework.test.context.support.DirtiesContextBeforeModesTestExecutionListener, org.springframework.test.context.event.ApplicationEventsTestExecutionListener, org.springframework.test.context.support.DependencyInjectionTestExecutionListener, org.springframework.test.context.support.DirtiesContextTestExecutionListener, org.springframework.test.context.transaction.TransactionalTestExecutionListener, org.springframework.test.context.jdbc.SqlScriptsTestExecutionListener, org.springframework.test.context.event.EventPublishingTestExecutionListener]
2026-10-05 11:44:31 [main] INFO  org.springframework.test.context.web.WebTestContextBootstrapper - Using TestExecutionListeners: [org.springframework.test.context.web.ServletTestExecutionListener@14c93774, org.springframework.test.context.support.DirtiesContextBeforeModesTestExecutionListener@62a68bcb, org.springframework.test.context.event.ApplicationEventsTestExecutionListener@18b74ea, org.springframework.boot.test.mock.mockito.MockitoTestExecutionListener@14924f41, org.springframework.test.context.support.DependencyInjectionTestExecutionListener@493da830, org.springframework.test.context.support.DirtiesContextTestExecutionListener@1f939a0f, org.springframework.test.context.transaction.TransactionalTestExecutionListener@45658133, org.springframework.test.context.jdbc.SqlScriptsTestExecutionListener@430b2699, org.springframework.test.context.event.EventPublishingTestExecutionListener@67536ae0, org.springframework.boot.test.mock.mockito.ResetMocksTestExecutionListener@6413d7e7, org.springframework.boot.test.autoconfigure.restdocs.RestDocsTestExecutionListener@d16be4f, org.springframework.boot.test.autoconfigure.web.client.MockRestServiceServerResetTestExecutionListener@17b37e9a, org.springframework.boot.test.autoconfigure.web.servlet.MockMvcPrintOnlyOnFailureTestExecutionListener@6bcb12e6, org.springframework.boot.test.autoconfigure.web.servlet.WebDriverTestExecutionListener@111d5c97, org.springframework.boot.test.autoconfigure.webservices.client.MockWebServiceServerTestExecutionListener@29c17c3d]
2026-10-05 11:44:32 [main] INFO  org.springframework.security.web.DefaultSecurityFilterChain - Will secure any request with [org.springframework.security.web.session.DisableEncodeUrlFilter@6d421fe, org.springframework.security.web.context.request.async.WebAsyncManagerIntegrationFilter@3c17bd0b, org.springframework.security.web.context.SecurityContextPersistenceFilter@24197b13, org.springframework.security.web.header.HeaderWriterFilter@63917fe1, org.springframework.web.filter.CorsFilter@36dafa24, org.springframework.security.web.authentication.logout.LogoutFilter@7c0df4ab, com.ninimum.api.security.jwt.JwtAuthenticationFilter@2b098563, com.ninimum.api.security.filter.UserAuthenticationFilter@c758a2d, com.ninimum.api.security.filter.AdminAuthenticationFilter@d0b814d, org.springframework.security.web.savedrequest.RequestCacheAwareFilter@1c62c3fd, org.springframework.security.web.servletapi.SecurityContextHolderAwareRequestFilter@734ce281, org.springframework.security.web.authentication.AnonymousAuthenticationFilter@6ce15112, org.springframework.security.web.session.SessionManagementFilter@4466cf5d, org.springframework.security.web.access.ExceptionTranslationFilter@18cf5c52, org.springframework.security.web.access.intercept.AuthorizationFilter@1247c72e]
2026-10-05 11:44:32 [main] WARN  org.springframework.security.config.annotation.web.builders.WebSecurity - You are asking Spring Security to ignore Ant [pattern='/**/webjars/**']. This is not recommended -- please use permitAll via HttpSecurity#authorizeHttpRequests instead.
2026-10-05 11:44:32 [main] INFO  org.springframework.security.web.DefaultSecurityFilterChain - Will not secure Ant [pattern='/**/webjars/**']
2026-10-05 11:44:32 [main] WARN  org.springframework.security.config.annotation.web.builders.WebSecurity - You are asking Spring Security to ignore Ant [pattern='/uploads/**']. This is not recommended -- please use permitAll via HttpSecurity#authorizeHttpRequests instead.
2026-10-05 11:44:32 [main] INFO  org.springframework.security.web.DefaultSecurityFilterChain - Will not secure Ant [pattern='/uploads/**']
2026-10-05 11:44:32 [main] WARN  org.springframework.security.config.annotation.web.builders.WebSecurity - You are asking Spring Security to ignore Ant [pattern='/v2/api-docs']. This is not recommended -- please use permitAll via HttpSecurity#authorizeHttpRequests instead.
2026-10-05 11:44:32 [main] INFO  org.springframework.security.web.DefaultSecurityFilterChain - Will not secure Ant [pattern='/v2/api-docs']
2026-10-05 11:44:32 [main] WARN  org.springframework.security.config.annotation.web.builders.WebSecurity - You are asking Spring Security to ignore Ant [pattern='/swagger-resources']. This is not recommended -- please use permitAll via HttpSecurity#authorizeHttpRequests instead.
2026-10-05 11:44:32 [main] INFO  org.springframework.security.web.DefaultSecurityFilterChain - Will not secure Ant [pattern='/swagger-resources']
2026-10-05 11:44:32 [main] WARN  org.springframework.security.config.annotation.web.builders.WebSecurity - You are asking Spring Security to ignore Ant [pattern='/swagger-resources/**']. This is not recommended -- please use permitAll via HttpSecurity#authorizeHttpRequests instead.
2026-10-05 11:44:32 [main] INFO  org.springframework.security.web.DefaultSecurityFilterChain - Will not secure Ant [pattern='/swagger-resources/**']
2026-10-05 11:44:32 [main] WARN  org.springframework.security.config.annotation.web.builders.WebSecurity - You are asking Spring Security to ignore Ant [pattern='/configuration/ui']. This is not recommended -- please use permitAll via HttpSecurity#authorizeHttpRequests instead.
2026-10-05 11:44:32 [main] INFO  org.springframework.security.web.DefaultSecurityFilterChain - Will not secure Ant [pattern='/configuration/ui']
2026-10-05 11:44:32 [main] WARN  org.springframework.security.config.annotation.web.builders.WebSecurity - You are asking Spring Security to ignore Ant [pattern='/configuration/security']. This is not recommended -- please use permitAll via HttpSecurity#authorizeHttpRequests instead.
2026-10-05 11:44:32 [main] INFO  org.springframework.security.web.DefaultSecurityFilterChain - Will not secure Ant [pattern='/configuration/security']
2026-10-05 11:44:32 [main] WARN  org.springframework.security.config.annotation.web.builders.WebSecurity - You are asking Spring Security to ignore Ant [pattern='/swagger-ui/**']. This is not recommended -- please use permitAll via HttpSecurity#authorizeHttpRequests instead.
2026-10-05 11:44:32 [main] INFO  org.springframework.security.web.DefaultSecurityFilterChain - Will not secure Ant [pattern='/swagger-ui/**']
2026-10-05 11:44:32 [main] WARN  org.springframework.security.config.annotation.web.builders.WebSecurity - You are asking Spring Security to ignore Ant [pattern='/webjars/**']. This is not recommended -- please use permitAll via HttpSecurity#authorizeHttpRequests instead.
2026-10-05 11:44:32 [main] INFO  org.springframework.security.web.DefaultSecurityFilterChain - Will not secure Ant [pattern='/webjars/**']
2026-10-05 11:44:32 [main] WARN  org.springframework.security.config.annotation.web.builders.WebSecurity - You are asking Spring Security to ignore Ant [pattern='/v3/api-docs/**']. This is not recommended -- please use permitAll via HttpSecurity#authorizeHttpRequests instead.
2026-10-05 11:44:32 [main] INFO  org.springframework.security.web.DefaultSecurityFilterChain - Will not secure Ant [pattern='/v3/api-docs/**']
2026-10-05 11:44:32 [main] WARN  org.springframework.security.config.annotation.web.builders.WebSecurity - You are asking Spring Security to ignore Ant [pattern='/actuator/health/**']. This is not recommended -- please use permitAll via HttpSecurity#authorizeHttpRequests instead.
2026-10-05 11:44:32 [main] INFO  org.springframework.security.web.DefaultSecurityFilterChain - Will not secure Ant [pattern='/actuator/health/**']
2026-10-05 11:44:32 [main] WARN  org.springframework.security.config.annotation.web.builders.WebSecurity - You are asking Spring Security to ignore Ant [pattern='/actuator/info']. This is not recommended -- please use permitAll via HttpSecurity#authorizeHttpRequests instead.
2026-10-05 11:44:32 [main] INFO  org.springframework.security.web.DefaultSecurityFilterChain - Will not secure Ant [pattern='/actuator/info']
2026-10-05 11:44:32 [main] WARN  org.springframework.security.config.annotation.web.builders.WebSecurity - You are asking Spring Security to ignore Ant [pattern='/ninimum/actuator/**']. This is not recommended -- please use permitAll via HttpSecurity#authorizeHttpRequests instead.
2026-10-05 11:44:32 [main] INFO  org.springframework.security.web.DefaultSecurityFilterChain - Will not secure Ant [pattern='/ninimum/actuator/**']
2026-10-05 11:44:32 [main] WARN  org.springframework.security.config.annotation.web.builders.WebSecurity - You are asking Spring Security to ignore Ant [pattern='/api/v1/status']. This is not recommended -- please use permitAll via HttpSecurity#authorizeHttpRequests instead.
2026-10-05 11:44:32 [main] INFO  org.springframework.security.web.DefaultSecurityFilterChain - Will not secure Ant [pattern='/api/v1/status']
2026-10-05 11:44:32 [main] WARN  org.springframework.security.config.annotation.web.builders.WebSecurity - You are asking Spring Security to ignore Ant [pattern='/ninimum/api/v1/status']. This is not recommended -- please use permitAll via HttpSecurity#authorizeHttpRequests instead.
2026-10-05 11:44:32 [main] INFO  org.springframework.security.web.DefaultSecurityFilterChain - Will not secure Ant [pattern='/ninimum/api/v1/status']
2026-10-05 11:44:32 [main] WARN  org.springframework.security.config.annotation.web.builders.WebSecurity - You are asking Spring Security to ignore Ant [pattern='/ninimum/api/v1/user/checkPhoneNumber']. This is not recommended -- please use permitAll via HttpSecurity#authorizeHttpRequests instead.
2026-10-05 11:44:32 [main] INFO  org.springframework.security.web.DefaultSecurityFilterChain - Will not secure Ant [pattern='/ninimum/api/v1/user/checkPhoneNumber']
2026-10-05 11:44:32 [main] WARN  org.springframework.security.config.annotation.web.builders.WebSecurity - You are asking Spring Security to ignore Ant [pattern='/ninimum/api/v1/user/register']. This is not recommended -- please use permitAll via HttpSecurity#authorizeHttpRequests instead.
2026-10-05 11:44:32 [main] INFO  org.springframework.security.web.DefaultSecurityFilterChain - Will not secure Ant [pattern='/ninimum/api/v1/user/register']
2026-10-05 11:44:32 [main] WARN  org.springframework.security.config.annotation.web.builders.WebSecurity - You are asking Spring Security to ignore Ant [pattern='/ninimum/api/v1/message/verifyPhoneNumber']. This is not recommended -- please use permitAll via HttpSecurity#authorizeHttpRequests instead.
2026-10-05 11:44:32 [main] INFO  org.springframework.security.web.DefaultSecurityFilterChain - Will not secure Ant [pattern='/ninimum/api/v1/message/verifyPhoneNumber']
2026-10-05 11:44:32 [main] WARN  org.springframework.security.config.annotation.web.builders.WebSecurity - You are asking Spring Security to ignore Ant [pattern='/ninimum/api/v1/message/sendTemporaryPassword']. This is not recommended -- please use permitAll via HttpSecurity#authorizeHttpRequests instead.
2026-10-05 11:44:32 [main] INFO  org.springframework.security.web.DefaultSecurityFilterChain - Will not secure Ant [pattern='/ninimum/api/v1/message/sendTemporaryPassword']
2026-10-05 11:44:32 [main] WARN  org.springframework.security.config.annotation.web.builders.WebSecurity - You are asking Spring Security to ignore Ant [pattern='/ninimum/api/v1/payment/payme/callback']. This is not recommended -- please use permitAll via HttpSecurity#authorizeHttpRequests instead.
2026-10-05 11:44:32 [main] INFO  org.springframework.security.web.DefaultSecurityFilterChain - Will not secure Ant [pattern='/ninimum/api/v1/payment/payme/callback']
2026-10-05 11:44:32 [main] WARN  org.springframework.security.config.annotation.web.builders.WebSecurity - You are asking Spring Security to ignore Ant [pattern='/error']. This is not recommended -- please use permitAll via HttpSecurity#authorizeHttpRequests instead.
2026-10-05 11:44:32 [main] INFO  org.springframework.security.web.DefaultSecurityFilterChain - Will not secure Ant [pattern='/error']
2026-10-05 11:44:32 [main] INFO  org.springframework.mock.web.MockServletContext - Initializing Spring TestDispatcherServlet ''
2026-10-05 11:44:32 [main] INFO  org.springframework.test.web.servlet.TestDispatcherServlet - Initializing Servlet ''
2026-10-05 11:44:32 [main] INFO  org.springframework.test.web.servlet.TestDispatcherServlet - Completed initialization in 1 ms
2026-10-05 11:44:33 [main] INFO  org.springframework.mock.web.MockServletContext - Initializing Spring TestDispatcherServlet ''
2026-10-05 11:44:33 [main] INFO  org.springframework.test.web.servlet.TestDispatcherServlet - Initializing Servlet ''
2026-10-05 11:44:33 [main] INFO  org.springframework.test.web.servlet.TestDispatcherServlet - Completed initialization in 1 ms
2026-10-05 11:44:33 [main] INFO  org.springframework.mock.web.MockServletContext - Initializing Spring TestDispatcherServlet ''
2026-10-05 11:44:33 [main] INFO  org.springframework.test.web.servlet.TestDispatcherServlet - Initializing Servlet ''
2026-10-05 11:44:33 [main] INFO  org.springframework.test.web.servlet.TestDispatcherServlet - Completed initialization in 1 ms
2026-10-05 11:44:33 [main] INFO  org.springframework.mock.web.MockServletContext - Initializing Spring TestDispatcherServlet ''
2026-10-05 11:44:33 [main] INFO  org.springframework.test.web.servlet.TestDispatcherServlet - Initializing Servlet ''
2026-10-05 11:44:33 [main] INFO  org.springframework.test.web.servlet.TestDispatcherServlet - Completed initialization in 1 ms
2026-10-05 11:48:00 [main] INFO  org.springframework.test.context.web.WebTestContextBootstrapper - Loaded default TestExecutionListener class names from location [META-INF/spring.factories]: [org.springframework.boot.test.mock.mockito.MockitoTestExecutionListener, org.springframework.boot.test.mock.mockito.ResetMocksTestExecutionListener, org.springframework.boot.test.autoconfigure.restdocs.RestDocsTestExecutionListener, org.springframework.boot.test.autoconfigure.web.client.MockRestServiceServerResetTestExecutionListener, org.springframework.boot.test.autoconfigure.web.servlet.MockMvcPrintOnlyOnFailureTestExecutionListener, org.springframework.boot.test.autoconfigure.web.servlet.WebDriverTestExecutionListener, org.springframework.boot.test.autoconfigure.webservices.client.MockWebServiceServerTestExecutionListener, org.springframework.test.context.web.ServletTestExecutionListener, org.springframework.test.context.support.DirtiesContextBeforeModesTestExecutionListener, org.springframework.test.context.event.ApplicationEventsTestExecutionListener, org.springframework.test.context.support.DependencyInjectionTestExecutionListener, org.springframework.test.context.support.DirtiesContextTestExecutionListener, org.springframework.test.context.transaction.TransactionalTestExecutionListener, org.springframework.test.context.jdbc.SqlScriptsTestExecutionListener, org.springframework.test.context.event.EventPublishingTestExecutionListener]
2026-10-05 11:48:00 [main] INFO  org.springframework.test.context.web.WebTestContextBootstrapper - Using TestExecutionListeners: [org.springframework.test.context.web.ServletTestExecutionListener@1163a27, org.springframework.test.context.support.DirtiesContextBeforeModesTestExecutionListener@322ba549, org.springframework.test.context.event.ApplicationEventsTestExecutionListener@502a4156, org.springframework.boot.test.mock.mockito.MockitoTestExecutionListener@5416f8db, org.springframework.test.context.support.DependencyInjectionTestExecutionListener@64e1377c, org.springframework.test.context.support.DirtiesContextTestExecutionListener@b0fd744, org.springframework.test.context.transaction.TransactionalTestExecutionListener@92d1782, org.springframework.test.context.jdbc.SqlScriptsTestExecutionListener@6a1ef65c, org.springframework.test.context.event.EventPublishingTestExecutionListener@72976b4, org.springframework.boot.test.mock.mockito.ResetMocksTestExecutionListener@726934e2, org.springframework.boot.test.autoconfigure.restdocs.RestDocsTestExecutionListener@1319bc2a, org.springframework.boot.test.autoconfigure.web.client.MockRestServiceServerResetTestExecutionListener@e280403, org.springframework.boot.test.autoconfigure.web.servlet.MockMvcPrintOnlyOnFailureTestExecutionListener@42f85fa4, org.springframework.boot.test.autoconfigure.web.servlet.WebDriverTestExecutionListener@798dad3d, org.springframework.boot.test.autoconfigure.webservices.client.MockWebServiceServerTestExecutionListener@27abb6ca]
2026-10-05 11:48:01 [main] INFO  org.springframework.security.web.DefaultSecurityFilterChain - Will secure any request with [org.springframework.security.web.session.DisableEncodeUrlFilter@6e068ac9, org.springframework.security.web.context.request.async.WebAsyncManagerIntegrationFilter@3d0352, org.springframework.security.web.context.SecurityContextPersistenceFilter@3b170235, org.springframework.security.web.header.HeaderWriterFilter@7c0df4ab, org.springframework.web.filter.CorsFilter@bb6f3f7, org.springframework.security.web.authentication.logout.LogoutFilter@7af1d072, com.ninimum.api.security.jwt.JwtAuthenticationFilter@388f1258, com.ninimum.api.security.filter.UserAuthenticationFilter@62058742, com.ninimum.api.security.filter.AdminAuthenticationFilter@aca2fc3, org.springframework.security.web.savedrequest.RequestCacheAwareFilter@48cdb156, org.springframework.security.web.servletapi.SecurityContextHolderAwareRequestFilter@4b4814d0, org.springframework.security.web.authentication.AnonymousAuthenticationFilter@36df4c26, org.springframework.security.web.session.SessionManagementFilter@440ef8d, org.springframework.security.web.access.ExceptionTranslationFilter@48567727, org.springframework.security.web.access.intercept.AuthorizationFilter@505d2bac]
2026-10-05 11:48:01 [main] WARN  org.springframework.security.config.annotation.web.builders.WebSecurity - You are asking Spring Security to ignore Ant [pattern='/**/webjars/**']. This is not recommended -- please use permitAll via HttpSecurity#authorizeHttpRequests instead.
2026-10-05 11:48:01 [main] INFO  org.springframework.security.web.DefaultSecurityFilterChain - Will not secure Ant [pattern='/**/webjars/**']
2026-10-05 11:48:01 [main] WARN  org.springframework.security.config.annotation.web.builders.WebSecurity - You are asking Spring Security to ignore Ant [pattern='/uploads/**']. This is not recommended -- please use permitAll via HttpSecurity#authorizeHttpRequests instead.
2026-10-05 11:48:01 [main] INFO  org.springframework.security.web.DefaultSecurityFilterChain - Will not secure Ant [pattern='/uploads/**']
2026-10-05 11:48:01 [main] WARN  org.springframework.security.config.annotation.web.builders.WebSecurity - You are asking Spring Security to ignore Ant [pattern='/v2/api-docs']. This is not recommended -- please use permitAll via HttpSecurity#authorizeHttpRequests instead.
2026-10-05 11:48:01 [main] INFO  org.springframework.security.web.DefaultSecurityFilterChain - Will not secure Ant [pattern='/v2/api-docs']
2026-10-05 11:48:01 [main] WARN  org.springframework.security.config.annotation.web.builders.WebSecurity - You are asking Spring Security to ignore Ant [pattern='/swagger-resources']. This is not recommended -- please use permitAll via HttpSecurity#authorizeHttpRequests instead.
2026-10-05 11:48:01 [main] INFO  org.springframework.security.web.DefaultSecurityFilterChain - Will not secure Ant [pattern='/swagger-resources']
2026-10-05 11:48:01 [main] WARN  org.springframework.security.config.annotation.web.builders.WebSecurity - You are asking Spring Security to ignore Ant [pattern='/swagger-resources/**']. This is not recommended -- please use permitAll via HttpSecurity#authorizeHttpRequests instead.
2026-10-05 11:48:01 [main] INFO  org.springframework.security.web.DefaultSecurityFilterChain - Will not secure Ant [pattern='/swagger-resources/**']
2026-10-05 11:48:01 [main] WARN  org.springframework.security.config.annotation.web.builders.WebSecurity - You are asking Spring Security to ignore Ant [pattern='/configuration/ui']. This is not recommended -- please use permitAll via HttpSecurity#authorizeHttpRequests instead.
2026-10-05 11:48:01 [main] INFO  org.springframework.security.web.DefaultSecurityFilterChain - Will not secure Ant [pattern='/configuration/ui']
2026-10-05 11:48:01 [main] WARN  org.springframework.security.config.annotation.web.builders.WebSecurity - You are asking Spring Security to ignore Ant [pattern='/configuration/security']. This is not recommended -- please use permitAll via HttpSecurity#authorizeHttpRequests instead.
2026-10-05 11:48:01 [main] INFO  org.springframework.security.web.DefaultSecurityFilterChain - Will not secure Ant [pattern='/configuration/security']
2026-10-05 11:48:01 [main] WARN  org.springframework.security.config.annotation.web.builders.WebSecurity - You are asking Spring Security to ignore Ant [pattern='/swagger-ui/**']. This is not recommended -- please use permitAll via HttpSecurity#authorizeHttpRequests instead.
2026-10-05 11:48:01 [main] INFO  org.springframework.security.web.DefaultSecurityFilterChain - Will not secure Ant [pattern='/swagger-ui/**']
2026-10-05 11:48:01 [main] WARN  org.springframework.security.config.annotation.web.builders.WebSecurity - You are asking Spring Security to ignore Ant [pattern='/webjars/**']. This is not recommended -- please use permitAll via HttpSecurity#authorizeHttpRequests instead.
2026-10-05 11:48:01 [main] INFO  org.springframework.security.web.DefaultSecurityFilterChain - Will not secure Ant [pattern='/webjars/**']
2026-10-05 11:48:01 [main] WARN  org.springframework.security.config.annotation.web.builders.WebSecurity - You are asking Spring Security to ignore Ant [pattern='/v3/api-docs/**']. This is not recommended -- please use permitAll via HttpSecurity#authorizeHttpRequests instead.
2026-10-05 11:48:01 [main] INFO  org.springframework.security.web.DefaultSecurityFilterChain - Will not secure Ant [pattern='/v3/api-docs/**']
2026-10-05 11:48:01 [main] WARN  org.springframework.security.config.annotation.web.builders.WebSecurity - You are asking Spring Security to ignore Ant [pattern='/actuator/health/**']. This is not recommended -- please use permitAll via HttpSecurity#authorizeHttpRequests instead.
2026-10-05 11:48:01 [main] INFO  org.springframework.security.web.DefaultSecurityFilterChain - Will not secure Ant [pattern='/actuator/health/**']
2026-10-05 11:48:01 [main] WARN  org.springframework.security.config.annotation.web.builders.WebSecurity - You are asking Spring Security to ignore Ant [pattern='/actuator/info']. This is not recommended -- please use permitAll via HttpSecurity#authorizeHttpRequests instead.
2026-10-05 11:48:01 [main] INFO  org.springframework.security.web.DefaultSecurityFilterChain - Will not secure Ant [pattern='/actuator/info']
2026-10-05 11:48:01 [main] WARN  org.springframework.security.config.annotation.web.builders.WebSecurity - You are asking Spring Security to ignore Ant [pattern='/ninimum/actuator/**']. This is not recommended -- please use permitAll via HttpSecurity#authorizeHttpRequests instead.
2026-10-05 11:48:01 [main] INFO  org.springframework.security.web.DefaultSecurityFilterChain - Will not secure Ant [pattern='/ninimum/actuator/**']
2026-10-05 11:48:01 [main] WARN  org.springframework.security.config.annotation.web.builders.WebSecurity - You are asking Spring Security to ignore Ant [pattern='/api/v1/status']. This is not recommended -- please use permitAll via HttpSecurity#authorizeHttpRequests instead.
2026-10-05 11:48:01 [main] INFO  org.springframework.security.web.DefaultSecurityFilterChain - Will not secure Ant [pattern='/api/v1/status']
2026-10-05 11:48:01 [main] WARN  org.springframework.security.config.annotation.web.builders.WebSecurity - You are asking Spring Security to ignore Ant [pattern='/ninimum/api/v1/status']. This is not recommended -- please use permitAll via HttpSecurity#authorizeHttpRequests instead.
2026-10-05 11:48:01 [main] INFO  org.springframework.security.web.DefaultSecurityFilterChain - Will not secure Ant [pattern='/ninimum/api/v1/status']
2026-10-05 11:48:01 [main] WARN  org.springframework.security.config.annotation.web.builders.WebSecurity - You are asking Spring Security to ignore Ant [pattern='/ninimum/api/v1/user/checkPhoneNumber']. This is not recommended -- please use permitAll via HttpSecurity#authorizeHttpRequests instead.
2026-10-05 11:48:01 [main] INFO  org.springframework.security.web.DefaultSecurityFilterChain - Will not secure Ant [pattern='/ninimum/api/v1/user/checkPhoneNumber']
2026-10-05 11:48:01 [main] WARN  org.springframework.security.config.annotation.web.builders.WebSecurity - You are asking Spring Security to ignore Ant [pattern='/ninimum/api/v1/user/register']. This is not recommended -- please use permitAll via HttpSecurity#authorizeHttpRequests instead.
2026-10-05 11:48:01 [main] INFO  org.springframework.security.web.DefaultSecurityFilterChain - Will not secure Ant [pattern='/ninimum/api/v1/user/register']
2026-10-05 11:48:01 [main] WARN  org.springframework.security.config.annotation.web.builders.WebSecurity - You are asking Spring Security to ignore Ant [pattern='/ninimum/api/v1/message/verifyPhoneNumber']. This is not recommended -- please use permitAll via HttpSecurity#authorizeHttpRequests instead.
2026-10-05 11:48:01 [main] INFO  org.springframework.security.web.DefaultSecurityFilterChain - Will not secure Ant [pattern='/ninimum/api/v1/message/verifyPhoneNumber']
2026-10-05 11:48:01 [main] WARN  org.springframework.security.config.annotation.web.builders.WebSecurity - You are asking Spring Security to ignore Ant [pattern='/ninimum/api/v1/message/sendTemporaryPassword']. This is not recommended -- please use permitAll via HttpSecurity#authorizeHttpRequests instead.
2026-10-05 11:48:01 [main] INFO  org.springframework.security.web.DefaultSecurityFilterChain - Will not secure Ant [pattern='/ninimum/api/v1/message/sendTemporaryPassword']
2026-10-05 11:48:01 [main] WARN  org.springframework.security.config.annotation.web.builders.WebSecurity - You are asking Spring Security to ignore Ant [pattern='/ninimum/api/v1/payment/payme/callback']. This is not recommended -- please use permitAll via HttpSecurity#authorizeHttpRequests instead.
2026-10-05 11:48:01 [main] INFO  org.springframework.security.web.DefaultSecurityFilterChain - Will not secure Ant [pattern='/ninimum/api/v1/payment/payme/callback']
2026-10-05 11:48:01 [main] WARN  org.springframework.security.config.annotation.web.builders.WebSecurity - You are asking Spring Security to ignore Ant [pattern='/error']. This is not recommended -- please use permitAll via HttpSecurity#authorizeHttpRequests instead.
2026-10-05 11:48:01 [main] INFO  org.springframework.security.web.DefaultSecurityFilterChain - Will not secure Ant [pattern='/error']
2026-10-05 11:48:01 [main] INFO  org.springframework.mock.web.MockServletContext - Initializing Spring TestDispatcherServlet ''
2026-10-05 11:48:01 [main] INFO  org.springframework.test.web.servlet.TestDispatcherServlet - Initializing Servlet ''
2026-10-05 11:48:01 [main] INFO  org.springframework.test.web.servlet.TestDispatcherServlet - Completed initialization in 1 ms
2026-10-05 11:48:02 [main] INFO  org.springframework.mock.web.MockServletContext - Initializing Spring TestDispatcherServlet ''
2026-10-05 11:48:02 [main] INFO  org.springframework.test.web.servlet.TestDispatcherServlet - Initializing Servlet ''
2026-10-05 11:48:02 [main] INFO  org.springframework.test.web.servlet.TestDispatcherServlet - Completed initialization in 1 ms
2026-10-05 11:48:02 [main] INFO  org.springframework.mock.web.MockServletContext - Initializing Spring TestDispatcherServlet ''
2026-10-05 11:48:02 [main] INFO  org.springframework.test.web.servlet.TestDispatcherServlet - Initializing Servlet ''
2026-10-05 11:48:02 [main] INFO  org.springframework.test.web.servlet.TestDispatcherServlet - Completed initialization in 1 ms
2026-10-05 11:48:02 [main] INFO  org.springframework.mock.web.MockServletContext - Initializing Spring TestDispatcherServlet ''
2026-10-05 11:48:02 [main] INFO  org.springframework.test.web.servlet.TestDispatcherServlet - Initializing Servlet ''
2026-10-05 11:48:02 [main] INFO  org.springframework.test.web.servlet.TestDispatcherServlet - Completed initialization in 1 ms
2026-10-05 11:50:27 [main] INFO  org.springframework.test.context.web.WebTestContextBootstrapper - Loaded default TestExecutionListener class names from location [META-INF/spring.factories]: [org.springframework.boot.test.mock.mockito.MockitoTestExecutionListener, org.springframework.boot.test.mock.mockito.ResetMocksTestExecutionListener, org.springframework.boot.test.autoconfigure.restdocs.RestDocsTestExecutionListener, org.springframework.boot.test.autoconfigure.web.client.MockRestServiceServerResetTestExecutionListener, org.springframework.boot.test.autoconfigure.web.servlet.MockMvcPrintOnlyOnFailureTestExecutionListener, org.springframework.boot.test.autoconfigure.web.servlet.WebDriverTestExecutionListener, org.springframework.boot.test.autoconfigure.webservices.client.MockWebServiceServerTestExecutionListener, org.springframework.test.context.web.ServletTestExecutionListener, org.springframework.test.context.support.DirtiesContextBeforeModesTestExecutionListener, org.springframework.test.context.event.ApplicationEventsTestExecutionListener, org.springframework.test.context.support.DependencyInjectionTestExecutionListener, org.springframework.test.context.support.DirtiesContextTestExecutionListener, org.springframework.test.context.transaction.TransactionalTestExecutionListener, org.springframework.test.context.jdbc.SqlScriptsTestExecutionListener, org.springframework.test.context.event.EventPublishingTestExecutionListener]
2026-10-05 11:50:27 [main] INFO  org.springframework.test.context.web.WebTestContextBootstrapper - Using TestExecutionListeners: [org.springframework.test.context.web.ServletTestExecutionListener@64e1377c, org.springframework.test.context.support.DirtiesContextBeforeModesTestExecutionListener@b0fd744, org.springframework.test.context.event.ApplicationEventsTestExecutionListener@92d1782, org.springframework.boot.test.mock.mockito.MockitoTestExecutionListener@6a1ef65c, org.springframework.test.context.support.DependencyInjectionTestExecutionListener@72976b4, org.springframework.test.context.support.DirtiesContextTestExecutionListener@726934e2, org.springframework.test.context.transaction.TransactionalTestExecutionListener@1319bc2a, org.springframework.test.context.jdbc.SqlScriptsTestExecutionListener@e280403, org.springframework.test.context.event.EventPublishingTestExecutionListener@42f85fa4, org.springframework.boot.test.mock.mockito.ResetMocksTestExecutionListener@798dad3d, org.springframework.boot.test.autoconfigure.restdocs.RestDocsTestExecutionListener@27abb6ca, org.springframework.boot.test.autoconfigure.web.client.MockRestServiceServerResetTestExecutionListener@696db620, org.springframework.boot.test.autoconfigure.web.servlet.MockMvcPrintOnlyOnFailureTestExecutionListener@6968c1d6, org.springframework.boot.test.autoconfigure.web.servlet.WebDriverTestExecutionListener@7d986d83, org.springframework.boot.test.autoconfigure.webservices.client.MockWebServiceServerTestExecutionListener@77f991c]
2026-10-05 11:50:28 [main] INFO  org.springframework.security.web.DefaultSecurityFilterChain - Will secure any request with [org.springframework.security.web.session.DisableEncodeUrlFilter@62058742, org.springframework.security.web.context.request.async.WebAsyncManagerIntegrationFilter@aca2fc3, org.springframework.security.web.context.SecurityContextPersistenceFilter@4b4814d0, org.springframework.security.web.header.HeaderWriterFilter@17fbfb02, org.springframework.web.filter.CorsFilter@36df4c26, org.springframework.security.web.authentication.logout.LogoutFilter@4e48462d, com.ninimum.api.security.jwt.JwtAuthenticationFilter@76828577, com.ninimum.api.security.filter.UserAuthenticationFilter@38732372, com.ninimum.api.security.filter.AdminAuthenticationFilter@639cb788, org.springframework.security.web.savedrequest.RequestCacheAwareFilter@20216016, org.springframework.security.web.servletapi.SecurityContextHolderAwareRequestFilter@2b441e56, org.springframework.security.web.authentication.AnonymousAuthenticationFilter@2fee69a1, org.springframework.security.web.session.SessionManagementFilter@6c8efde4, org.springframework.security.web.access.ExceptionTranslationFilter@61a87366, org.springframework.security.web.access.intercept.AuthorizationFilter@74f4a2ba]
2026-10-05 11:50:28 [main] WARN  org.springframework.security.config.annotation.web.builders.WebSecurity - You are asking Spring Security to ignore Ant [pattern='/**/webjars/**']. This is not recommended -- please use permitAll via HttpSecurity#authorizeHttpRequests instead.
2026-10-05 11:50:28 [main] INFO  org.springframework.security.web.DefaultSecurityFilterChain - Will not secure Ant [pattern='/**/webjars/**']
2026-10-05 11:50:28 [main] WARN  org.springframework.security.config.annotation.web.builders.WebSecurity - You are asking Spring Security to ignore Ant [pattern='/uploads/**']. This is not recommended -- please use permitAll via HttpSecurity#authorizeHttpRequests instead.
2026-10-05 11:50:28 [main] INFO  org.springframework.security.web.DefaultSecurityFilterChain - Will not secure Ant [pattern='/uploads/**']
2026-10-05 11:50:28 [main] WARN  org.springframework.security.config.annotation.web.builders.WebSecurity - You are asking Spring Security to ignore Ant [pattern='/v2/api-docs']. This is not recommended -- please use permitAll via HttpSecurity#authorizeHttpRequests instead.
2026-10-05 11:50:28 [main] INFO  org.springframework.security.web.DefaultSecurityFilterChain - Will not secure Ant [pattern='/v2/api-docs']
2026-10-05 11:50:28 [main] WARN  org.springframework.security.config.annotation.web.builders.WebSecurity - You are asking Spring Security to ignore Ant [pattern='/swagger-resources']. This is not recommended -- please use permitAll via HttpSecurity#authorizeHttpRequests instead.
2026-10-05 11:50:28 [main] INFO  org.springframework.security.web.DefaultSecurityFilterChain - Will not secure Ant [pattern='/swagger-resources']
2026-10-05 11:50:28 [main] WARN  org.springframework.security.config.annotation.web.builders.WebSecurity - You are asking Spring Security to ignore Ant [pattern='/swagger-resources/**']. This is not recommended -- please use permitAll via HttpSecurity#authorizeHttpRequests instead.
2026-10-05 11:50:28 [main] INFO  org.springframework.security.web.DefaultSecurityFilterChain - Will not secure Ant [pattern='/swagger-resources/**']
2026-10-05 11:50:28 [main] WARN  org.springframework.security.config.annotation.web.builders.WebSecurity - You are asking Spring Security to ignore Ant [pattern='/configuration/ui']. This is not recommended -- please use permitAll via HttpSecurity#authorizeHttpRequests instead.
2026-10-05 11:50:28 [main] INFO  org.springframework.security.web.DefaultSecurityFilterChain - Will not secure Ant [pattern='/configuration/ui']
2026-10-05 11:50:28 [main] WARN  org.springframework.security.config.annotation.web.builders.WebSecurity - You are asking Spring Security to ignore Ant [pattern='/configuration/security']. This is not recommended -- please use permitAll via HttpSecurity#authorizeHttpRequests instead.
2026-10-05 11:50:28 [main] INFO  org.springframework.security.web.DefaultSecurityFilterChain - Will not secure Ant [pattern='/configuration/security']
2026-10-05 11:50:28 [main] WARN  org.springframework.security.config.annotation.web.builders.WebSecurity - You are asking Spring Security to ignore Ant [pattern='/swagger-ui/**']. This is not recommended -- please use permitAll via HttpSecurity#authorizeHttpRequests instead.
2026-10-05 11:50:28 [main] INFO  org.springframework.security.web.DefaultSecurityFilterChain - Will not secure Ant [pattern='/swagger-ui/**']
2026-10-05 11:50:28 [main] WARN  org.springframework.security.config.annotation.web.builders.WebSecurity - You are asking Spring Security to ignore Ant [pattern='/webjars/**']. This is not recommended -- please use permitAll via HttpSecurity#authorizeHttpRequests instead.
2026-10-05 11:50:28 [main] INFO  org.springframework.security.web.DefaultSecurityFilterChain - Will not secure Ant [pattern='/webjars/**']
2026-10-05 11:50:28 [main] WARN  org.springframework.security.config.annotation.web.builders.WebSecurity - You are asking Spring Security to ignore Ant [pattern='/v3/api-docs/**']. This is not recommended -- please use permitAll via HttpSecurity#authorizeHttpRequests instead.
2026-10-05 11:50:28 [main] INFO  org.springframework.security.web.DefaultSecurityFilterChain - Will not secure Ant [pattern='/v3/api-docs/**']
2026-10-05 11:50:28 [main] WARN  org.springframework.security.config.annotation.web.builders.WebSecurity - You are asking Spring Security to ignore Ant [pattern='/actuator/health/**']. This is not recommended -- please use permitAll via HttpSecurity#authorizeHttpRequests instead.
2026-10-05 11:50:28 [main] INFO  org.springframework.security.web.DefaultSecurityFilterChain - Will not secure Ant [pattern='/actuator/health/**']
2026-10-05 11:50:28 [main] WARN  org.springframework.security.config.annotation.web.builders.WebSecurity - You are asking Spring Security to ignore Ant [pattern='/actuator/info']. This is not recommended -- please use permitAll via HttpSecurity#authorizeHttpRequests instead.
2026-10-05 11:50:28 [main] INFO  org.springframework.security.web.DefaultSecurityFilterChain - Will not secure Ant [pattern='/actuator/info']
2026-10-05 11:50:28 [main] WARN  org.springframework.security.config.annotation.web.builders.WebSecurity - You are asking Spring Security to ignore Ant [pattern='/ninimum/actuator/**']. This is not recommended -- please use permitAll via HttpSecurity#authorizeHttpRequests instead.
2026-10-05 11:50:28 [main] INFO  org.springframework.security.web.DefaultSecurityFilterChain - Will not secure Ant [pattern='/ninimum/actuator/**']
2026-10-05 11:50:28 [main] WARN  org.springframework.security.config.annotation.web.builders.WebSecurity - You are asking Spring Security to ignore Ant [pattern='/api/v1/status']. This is not recommended -- please use permitAll via HttpSecurity#authorizeHttpRequests instead.
2026-10-05 11:50:28 [main] INFO  org.springframework.security.web.DefaultSecurityFilterChain - Will not secure Ant [pattern='/api/v1/status']
2026-10-05 11:50:28 [main] WARN  org.springframework.security.config.annotation.web.builders.WebSecurity - You are asking Spring Security to ignore Ant [pattern='/ninimum/api/v1/status']. This is not recommended -- please use permitAll via HttpSecurity#authorizeHttpRequests instead.
2026-10-05 11:50:28 [main] INFO  org.springframework.security.web.DefaultSecurityFilterChain - Will not secure Ant [pattern='/ninimum/api/v1/status']
2026-10-05 11:50:28 [main] WARN  org.springframework.security.config.annotation.web.builders.WebSecurity - You are asking Spring Security to ignore Ant [pattern='/ninimum/api/v1/user/checkPhoneNumber']. This is not recommended -- please use permitAll via HttpSecurity#authorizeHttpRequests instead.
2026-10-05 11:50:28 [main] INFO  org.springframework.security.web.DefaultSecurityFilterChain - Will not secure Ant [pattern='/ninimum/api/v1/user/checkPhoneNumber']
2026-10-05 11:50:28 [main] WARN  org.springframework.security.config.annotation.web.builders.WebSecurity - You are asking Spring Security to ignore Ant [pattern='/ninimum/api/v1/user/register']. This is not recommended -- please use permitAll via HttpSecurity#authorizeHttpRequests instead.
2026-10-05 11:50:28 [main] INFO  org.springframework.security.web.DefaultSecurityFilterChain - Will not secure Ant [pattern='/ninimum/api/v1/user/register']
2026-10-05 11:50:28 [main] WARN  org.springframework.security.config.annotation.web.builders.WebSecurity - You are asking Spring Security to ignore Ant [pattern='/ninimum/api/v1/message/verifyPhoneNumber']. This is not recommended -- please use permitAll via HttpSecurity#authorizeHttpRequests instead.
2026-10-05 11:50:28 [main] INFO  org.springframework.security.web.DefaultSecurityFilterChain - Will not secure Ant [pattern='/ninimum/api/v1/message/verifyPhoneNumber']
2026-10-05 11:50:28 [main] WARN  org.springframework.security.config.annotation.web.builders.WebSecurity - You are asking Spring Security to ignore Ant [pattern='/ninimum/api/v1/message/sendTemporaryPassword']. This is not recommended -- please use permitAll via HttpSecurity#authorizeHttpRequests instead.
2026-10-05 11:50:28 [main] INFO  org.springframework.security.web.DefaultSecurityFilterChain - Will not secure Ant [pattern='/ninimum/api/v1/message/sendTemporaryPassword']
2026-10-05 11:50:28 [main] WARN  org.springframework.security.config.annotation.web.builders.WebSecurity - You are asking Spring Security to ignore Ant [pattern='/ninimum/api/v1/payment/payme/callback']. This is not recommended -- please use permitAll via HttpSecurity#authorizeHttpRequests instead.
2026-10-05 11:50:28 [main] INFO  org.springframework.security.web.DefaultSecurityFilterChain - Will not secure Ant [pattern='/ninimum/api/v1/payment/payme/callback']
2026-10-05 11:50:28 [main] WARN  org.springframework.security.config.annotation.web.builders.WebSecurity - You are asking Spring Security to ignore Ant [pattern='/error']. This is not recommended -- please use permitAll via HttpSecurity#authorizeHttpRequests instead.
2026-10-05 11:50:28 [main] INFO  org.springframework.security.web.DefaultSecurityFilterChain - Will not secure Ant [pattern='/error']
2026-10-05 11:50:28 [main] INFO  org.springframework.mock.web.MockServletContext - Initializing Spring TestDispatcherServlet ''
2026-10-05 11:50:28 [main] INFO  org.springframework.test.web.servlet.TestDispatcherServlet - Initializing Servlet ''
2026-10-05 11:50:28 [main] INFO  org.springframework.test.web.servlet.TestDispatcherServlet - Completed initialization in 1 ms
2026-10-05 11:50:28 [main] INFO  org.springframework.mock.web.MockServletContext - Initializing Spring TestDispatcherServlet ''
2026-10-05 11:50:28 [main] INFO  org.springframework.test.web.servlet.TestDispatcherServlet - Initializing Servlet ''
2026-10-05 11:50:28 [main] INFO  org.springframework.test.web.servlet.TestDispatcherServlet - Completed initialization in 0 ms
2026-10-05 11:50:29 [main] INFO  org.springframework.mock.web.MockServletContext - Initializing Spring TestDispatcherServlet ''
2026-10-05 11:50:29 [main] INFO  org.springframework.test.web.servlet.TestDispatcherServlet - Initializing Servlet ''
2026-10-05 11:50:29 [main] INFO  org.springframework.test.web.servlet.TestDispatcherServlet - Completed initialization in 0 ms
2026-10-05 11:50:29 [main] INFO  org.springframework.mock.web.MockServletContext - Initializing Spring TestDispatcherServlet ''
2026-10-05 11:50:29 [main] INFO  org.springframework.test.web.servlet.TestDispatcherServlet - Initializing Servlet ''
2026-10-05 11:50:29 [main] INFO  org.springframework.test.web.servlet.TestDispatcherServlet - Completed initialization in 0 ms
2026-10-05 11:50:29 [main] INFO  org.springframework.mock.web.MockServletContext - Initializing Spring TestDispatcherServlet ''
2026-10-05 11:50:29 [main] INFO  org.springframework.test.web.servlet.TestDispatcherServlet - Initializing Servlet ''
2026-10-05 11:50:29 [main] INFO  org.springframework.test.web.servlet.TestDispatcherServlet - Completed initialization in 1 ms
2026-10-05 11:50:29 [main] INFO  org.springframework.mock.web.MockServletContext - Initializing Spring TestDispatcherServlet ''
2026-10-05 11:50:29 [main] INFO  org.springframework.test.web.servlet.TestDispatcherServlet - Initializing Servlet ''
2026-10-05 11:50:29 [main] INFO  org.springframework.test.web.servlet.TestDispatcherServlet - Completed initialization in 1 ms
2026-10-05 11:50:48 [pool-4-thread-2] INFO  com.ninimum.api.payment.service.impl.PaymeService - PaymeService =>  
2026-10-05 11:50:48 [pool-4-thread-1] INFO  com.ninimum.api.payment.service.impl.PaymeService - PaymeService =>  
2026-10-05 11:50:53 [main] INFO  com.ninimum.api.payment.service.impl.PaymeService - PaymeService =>  
2026-10-05 11:50:57 [main] INFO  com.ninimum.api.payment.service.impl.PaymeService - PaymeService =>  
2026-10-05 11:50:57 [main] INFO  com.ninimum.api.payment.service.impl.PaymeService - PaymeService =>  
2026-10-05 11:50:57 [main] INFO  com.ninimum.api.payment.service.impl.PaymeService - PaymeService =>  
2026-10-05 11:50:58 [main] INFO  com.ninimum.api.payment.service.impl.PaymeService - PaymeService =>  
2026-10-05 11:54:26 [main] INFO  org.springframework.test.context.web.WebTestContextBootstrapper - Loaded default TestExecutionListener class names from location [META-INF/spring.factories]: [org.springframework.boot.test.mock.mockito.MockitoTestExecutionListener, org.springframework.boot.test.mock.mockito.ResetMocksTestExecutionListener, org.springframework.boot.test.autoconfigure.restdocs.RestDocsTestExecutionListener, org.springframework.boot.test.autoconfigure.web.client.MockRestServiceServerResetTestExecutionListener, org.springframework.boot.test.autoconfigure.web.servlet.MockMvcPrintOnlyOnFailureTestExecutionListener, org.springframework.boot.test.autoconfigure.web.servlet.WebDriverTestExecutionListener, org.springframework.boot.test.autoconfigure.webservices.client.MockWebServiceServerTestExecutionListener, org.springframework.test.context.web.ServletTestExecutionListener, org.springframework.test.context.support.DirtiesContextBeforeModesTestExecutionListener, org.springframework.test.context.event.ApplicationEventsTestExecutionListener, org.springframework.test.context.support.DependencyInjectionTestExecutionListener, org.springframework.test.context.support.DirtiesContextTestExecutionListener, org.springframework.test.context.transaction.TransactionalTestExecutionListener, org.springframework.test.context.jdbc.SqlScriptsTestExecutionListener, org.springframework.test.context.event.EventPublishingTestExecutionListener]
2026-10-05 11:54:26 [main] INFO  org.springframework.test.context.web.WebTestContextBootstrapper - Using TestExecutionListeners: [org.springframework.test.context.web.ServletTestExecutionListener@92d1782, org.springframework.test.context.support.DirtiesContextBeforeModesTestExecutionListener@6a1ef65c, org.springframework.test.context.event.ApplicationEventsTestExecutionListener@72976b4, org.springframework.boot.test.mock.mockito.MockitoTestExecutionListener@726934e2, org.springframework.test.context.support.DependencyInjectionTestExecutionListener@1319bc2a, org.springframework.test.context.support.DirtiesContextTestExecutionListener@e280403, org.springframework.test.context.transaction.TransactionalTestExecutionListener@42f85fa4, org.springframework.test.context.jdbc.SqlScriptsTestExecutionListener@798dad3d, org.springframework.test.context.event.EventPublishingTestExecutionListener@27abb6ca, org.springframework.boot.test.mock.mockito.ResetMocksTestExecutionListener@696db620, org.springframework.boot.test.autoconfigure.restdocs.RestDocsTestExecutionListener@6968c1d6, org.springframework.boot.test.autoconfigure.web.client.MockRestServiceServerResetTestExecutionListener@7d986d83, org.springframework.boot.test.autoconfigure.web.servlet.MockMvcPrintOnlyOnFailureTestExecutionListener@77f991c, org.springframework.boot.test.autoconfigure.web.servlet.WebDriverTestExecutionListener@3a7e365, org.springframework.boot.test.autoconfigure.webservices.client.MockWebServiceServerTestExecutionListener@2ceee4b6]
2026-10-05 11:54:27 [main] INFO  org.springframework.security.web.DefaultSecurityFilterChain - Will secure any request with [org.springframework.security.web.session.DisableEncodeUrlFilter@54329480, org.springframework.security.web.context.request.async.WebAsyncManagerIntegrationFilter@590013c7, org.springframework.security.web.context.SecurityContextPersistenceFilter@1cde374, org.springframework.security.web.header.HeaderWriterFilter@3a109ff7, org.springframework.web.filter.CorsFilter@64f32e9e, org.springframework.security.web.authentication.logout.LogoutFilter@7159d601, com.ninimum.api.security.jwt.JwtAuthenticationFilter@7b211077, com.ninimum.api.security.filter.UserAuthenticationFilter@3b770d07, com.ninimum.api.security.filter.AdminAuthenticationFilter@62b0bf85, org.springframework.security.web.savedrequest.RequestCacheAwareFilter@28daf506, org.springframework.security.web.servletapi.SecurityContextHolderAwareRequestFilter@4662752a, org.springframework.security.web.authentication.AnonymousAuthenticationFilter@1fcaea93, org.springframework.security.web.session.SessionManagementFilter@78b0ec3a, org.springframework.security.web.access.ExceptionTranslationFilter@8f2e3e6, org.springframework.security.web.access.intercept.AuthorizationFilter@356b6b5d]
2026-10-05 11:54:27 [main] WARN  org.springframework.security.config.annotation.web.builders.WebSecurity - You are asking Spring Security to ignore Ant [pattern='/**/webjars/**']. This is not recommended -- please use permitAll via HttpSecurity#authorizeHttpRequests instead.
2026-10-05 11:54:27 [main] INFO  org.springframework.security.web.DefaultSecurityFilterChain - Will not secure Ant [pattern='/**/webjars/**']
2026-10-05 11:54:27 [main] WARN  org.springframework.security.config.annotation.web.builders.WebSecurity - You are asking Spring Security to ignore Ant [pattern='/uploads/**']. This is not recommended -- please use permitAll via HttpSecurity#authorizeHttpRequests instead.
2026-10-05 11:54:27 [main] INFO  org.springframework.security.web.DefaultSecurityFilterChain - Will not secure Ant [pattern='/uploads/**']
2026-10-05 11:54:27 [main] WARN  org.springframework.security.config.annotation.web.builders.WebSecurity - You are asking Spring Security to ignore Ant [pattern='/v2/api-docs']. This is not recommended -- please use permitAll via HttpSecurity#authorizeHttpRequests instead.
2026-10-05 11:54:27 [main] INFO  org.springframework.security.web.DefaultSecurityFilterChain - Will not secure Ant [pattern='/v2/api-docs']
2026-10-05 11:54:27 [main] WARN  org.springframework.security.config.annotation.web.builders.WebSecurity - You are asking Spring Security to ignore Ant [pattern='/swagger-resources']. This is not recommended -- please use permitAll via HttpSecurity#authorizeHttpRequests instead.
2026-10-05 11:54:27 [main] INFO  org.springframework.security.web.DefaultSecurityFilterChain - Will not secure Ant [pattern='/swagger-resources']
2026-10-05 11:54:27 [main] WARN  org.springframework.security.config.annotation.web.builders.WebSecurity - You are asking Spring Security to ignore Ant [pattern='/swagger-resources/**']. This is not recommended -- please use permitAll via HttpSecurity#authorizeHttpRequests instead.
2026-10-05 11:54:27 [main] INFO  org.springframework.security.web.DefaultSecurityFilterChain - Will not secure Ant [pattern='/swagger-resources/**']
2026-10-05 11:54:27 [main] WARN  org.springframework.security.config.annotation.web.builders.WebSecurity - You are asking Spring Security to ignore Ant [pattern='/configuration/ui']. This is not recommended -- please use permitAll via HttpSecurity#authorizeHttpRequests instead.
2026-10-05 11:54:27 [main] INFO  org.springframework.security.web.DefaultSecurityFilterChain - Will not secure Ant [pattern='/configuration/ui']
2026-10-05 11:54:27 [main] WARN  org.springframework.security.config.annotation.web.builders.WebSecurity - You are asking Spring Security to ignore Ant [pattern='/configuration/security']. This is not recommended -- please use permitAll via HttpSecurity#authorizeHttpRequests instead.
2026-10-05 11:54:27 [main] INFO  org.springframework.security.web.DefaultSecurityFilterChain - Will not secure Ant [pattern='/configuration/security']
2026-10-05 11:54:27 [main] WARN  org.springframework.security.config.annotation.web.builders.WebSecurity - You are asking Spring Security to ignore Ant [pattern='/swagger-ui/**']. This is not recommended -- please use permitAll via HttpSecurity#authorizeHttpRequests instead.
2026-10-05 11:54:27 [main] INFO  org.springframework.security.web.DefaultSecurityFilterChain - Will not secure Ant [pattern='/swagger-ui/**']
2026-10-05 11:54:27 [main] WARN  org.springframework.security.config.annotation.web.builders.WebSecurity - You are asking Spring Security to ignore Ant [pattern='/webjars/**']. This is not recommended -- please use permitAll via HttpSecurity#authorizeHttpRequests instead.
2026-10-05 11:54:27 [main] INFO  org.springframework.security.web.DefaultSecurityFilterChain - Will not secure Ant [pattern='/webjars/**']
2026-10-05 11:54:27 [main] WARN  org.springframework.security.config.annotation.web.builders.WebSecurity - You are asking Spring Security to ignore Ant [pattern='/v3/api-docs/**']. This is not recommended -- please use permitAll via HttpSecurity#authorizeHttpRequests instead.
2026-10-05 11:54:27 [main] INFO  org.springframework.security.web.DefaultSecurityFilterChain - Will not secure Ant [pattern='/v3/api-docs/**']
2026-10-05 11:54:27 [main] WARN  org.springframework.security.config.annotation.web.builders.WebSecurity - You are asking Spring Security to ignore Ant [pattern='/actuator/health/**']. This is not recommended -- please use permitAll via HttpSecurity#authorizeHttpRequests instead.
2026-10-05 11:54:27 [main] INFO  org.springframework.security.web.DefaultSecurityFilterChain - Will not secure Ant [pattern='/actuator/health/**']
2026-10-05 11:54:27 [main] WARN  org.springframework.security.config.annotation.web.builders.WebSecurity - You are asking Spring Security to ignore Ant [pattern='/actuator/info']. This is not recommended -- please use permitAll via HttpSecurity#authorizeHttpRequests instead.
2026-10-05 11:54:27 [main] INFO  org.springframework.security.web.DefaultSecurityFilterChain - Will not secure Ant [pattern='/actuator/info']
2026-10-05 11:54:27 [main] WARN  org.springframework.security.config.annotation.web.builders.WebSecurity - You are asking Spring Security to ignore Ant [pattern='/ninimum/actuator/**']. This is not recommended -- please use permitAll via HttpSecurity#authorizeHttpRequests instead.
2026-10-05 11:54:27 [main] INFO  org.springframework.security.web.DefaultSecurityFilterChain - Will not secure Ant [pattern='/ninimum/actuator/**']
2026-10-05 11:54:27 [main] WARN  org.springframework.security.config.annotation.web.builders.WebSecurity - You are asking Spring Security to ignore Ant [pattern='/api/v1/status']. This is not recommended -- please use permitAll via HttpSecurity#authorizeHttpRequests instead.
2026-10-05 11:54:27 [main] INFO  org.springframework.security.web.DefaultSecurityFilterChain - Will not secure Ant [pattern='/api/v1/status']
2026-10-05 11:54:27 [main] WARN  org.springframework.security.config.annotation.web.builders.WebSecurity - You are asking Spring Security to ignore Ant [pattern='/ninimum/api/v1/status']. This is not recommended -- please use permitAll via HttpSecurity#authorizeHttpRequests instead.
2026-10-05 11:54:27 [main] INFO  org.springframework.security.web.DefaultSecurityFilterChain - Will not secure Ant [pattern='/ninimum/api/v1/status']
2026-10-05 11:54:27 [main] WARN  org.springframework.security.config.annotation.web.builders.WebSecurity - You are asking Spring Security to ignore Ant [pattern='/ninimum/api/v1/user/checkPhoneNumber']. This is not recommended -- please use permitAll via HttpSecurity#authorizeHttpRequests instead.
2026-10-05 11:54:27 [main] INFO  org.springframework.security.web.DefaultSecurityFilterChain - Will not secure Ant [pattern='/ninimum/api/v1/user/checkPhoneNumber']
2026-10-05 11:54:27 [main] WARN  org.springframework.security.config.annotation.web.builders.WebSecurity - You are asking Spring Security to ignore Ant [pattern='/ninimum/api/v1/user/register']. This is not recommended -- please use permitAll via HttpSecurity#authorizeHttpRequests instead.
2026-10-05 11:54:27 [main] INFO  org.springframework.security.web.DefaultSecurityFilterChain - Will not secure Ant [pattern='/ninimum/api/v1/user/register']
2026-10-05 11:54:27 [main] WARN  org.springframework.security.config.annotation.web.builders.WebSecurity - You are asking Spring Security to ignore Ant [pattern='/ninimum/api/v1/message/verifyPhoneNumber']. This is not recommended -- please use permitAll via HttpSecurity#authorizeHttpRequests instead.
2026-10-05 11:54:27 [main] INFO  org.springframework.security.web.DefaultSecurityFilterChain - Will not secure Ant [pattern='/ninimum/api/v1/message/verifyPhoneNumber']
2026-10-05 11:54:27 [main] WARN  org.springframework.security.config.annotation.web.builders.WebSecurity - You are asking Spring Security to ignore Ant [pattern='/ninimum/api/v1/message/sendTemporaryPassword']. This is not recommended -- please use permitAll via HttpSecurity#authorizeHttpRequests instead.
2026-10-05 11:54:27 [main] INFO  org.springframework.security.web.DefaultSecurityFilterChain - Will not secure Ant [pattern='/ninimum/api/v1/message/sendTemporaryPassword']
2026-10-05 11:54:27 [main] WARN  org.springframework.security.config.annotation.web.builders.WebSecurity - You are asking Spring Security to ignore Ant [pattern='/ninimum/api/v1/payment/payme/callback']. This is not recommended -- please use permitAll via HttpSecurity#authorizeHttpRequests instead.
2026-10-05 11:54:27 [main] INFO  org.springframework.security.web.DefaultSecurityFilterChain - Will not secure Ant [pattern='/ninimum/api/v1/payment/payme/callback']
2026-10-05 11:54:27 [main] WARN  org.springframework.security.config.annotation.web.builders.WebSecurity - You are asking Spring Security to ignore Ant [pattern='/error']. This is not recommended -- please use permitAll via HttpSecurity#authorizeHttpRequests instead.
2026-10-05 11:54:27 [main] INFO  org.springframework.security.web.DefaultSecurityFilterChain - Will not secure Ant [pattern='/error']
2026-10-05 11:54:27 [main] INFO  org.springframework.mock.web.MockServletContext - Initializing Spring TestDispatcherServlet ''
2026-10-05 11:54:27 [main] INFO  org.springframework.test.web.servlet.TestDispatcherServlet - Initializing Servlet ''
2026-10-05 11:54:27 [main] INFO  org.springframework.test.web.servlet.TestDispatcherServlet - Completed initialization in 1 ms
2026-10-05 11:54:27 [main] INFO  org.springframework.mock.web.MockServletContext - Initializing Spring TestDispatcherServlet ''
2026-10-05 11:54:27 [main] INFO  org.springframework.test.web.servlet.TestDispatcherServlet - Initializing Servlet ''
2026-10-05 11:54:27 [main] INFO  org.springframework.test.web.servlet.TestDispatcherServlet - Completed initialization in 1 ms
2026-10-05 11:54:27 [main] INFO  org.springframework.mock.web.MockServletContext - Initializing Spring TestDispatcherServlet ''
2026-10-05 11:54:27 [main] INFO  org.springframework.test.web.servlet.TestDispatcherServlet - Initializing Servlet ''
2026-10-05 11:54:27 [main] INFO  org.springframework.test.web.servlet.TestDispatcherServlet - Completed initialization in 0 ms
2026-10-05 11:54:27 [main] INFO  org.springframework.mock.web.MockServletContext - Initializing Spring TestDispatcherServlet ''
2026-10-05 11:54:27 [main] INFO  org.springframework.test.web.servlet.TestDispatcherServlet - Initializing Servlet ''
2026-10-05 11:54:27 [main] INFO  org.springframework.test.web.servlet.TestDispatcherServlet - Completed initialization in 0 ms
2026-10-05 11:54:27 [main] INFO  org.springframework.mock.web.MockServletContext - Initializing Spring TestDispatcherServlet ''
2026-10-05 11:54:27 [main] INFO  org.springframework.test.web.servlet.TestDispatcherServlet - Initializing Servlet ''
2026-10-05 11:54:27 [main] INFO  org.springframework.test.web.servlet.TestDispatcherServlet - Completed initialization in 1 ms
2026-10-05 11:54:27 [main] INFO  org.springframework.mock.web.MockServletContext - Initializing Spring TestDispatcherServlet ''
2026-10-05 11:54:27 [main] INFO  org.springframework.test.web.servlet.TestDispatcherServlet - Initializing Servlet ''
2026-10-05 11:54:27 [main] INFO  org.springframework.test.web.servlet.TestDispatcherServlet - Completed initialization in 0 ms
2026-10-05 11:54:45 [pool-4-thread-2] INFO  com.ninimum.api.payment.service.impl.PaymeService - PaymeService =>  
2026-10-05 11:54:45 [pool-4-thread-1] INFO  com.ninimum.api.payment.service.impl.PaymeService - PaymeService =>  
2026-10-05 11:54:50 [main] INFO  com.ninimum.api.payment.service.impl.PaymeService - PaymeService =>  
2026-10-05 11:54:55 [main] INFO  com.ninimum.api.payment.service.impl.PaymeService - PaymeService =>  
2026-10-05 11:54:55 [main] INFO  com.ninimum.api.payment.service.impl.PaymeService - PaymeService =>  
2026-10-05 11:54:55 [main] INFO  com.ninimum.api.payment.service.impl.PaymeService - PaymeService =>  
2026-10-05 11:54:55 [main] INFO  com.ninimum.api.payment.service.impl.PaymeService - PaymeService =>  
2026-10-05 12:11:28 [main] INFO  org.springframework.test.context.web.WebTestContextBootstrapper - Loaded default TestExecutionListener class names from location [META-INF/spring.factories]: [org.springframework.boot.test.mock.mockito.MockitoTestExecutionListener, org.springframework.boot.test.mock.mockito.ResetMocksTestExecutionListener, org.springframework.boot.test.autoconfigure.restdocs.RestDocsTestExecutionListener, org.springframework.boot.test.autoconfigure.web.client.MockRestServiceServerResetTestExecutionListener, org.springframework.boot.test.autoconfigure.web.servlet.MockMvcPrintOnlyOnFailureTestExecutionListener, org.springframework.boot.test.autoconfigure.web.servlet.WebDriverTestExecutionListener, org.springframework.boot.test.autoconfigure.webservices.client.MockWebServiceServerTestExecutionListener, org.springframework.test.context.web.ServletTestExecutionListener, org.springframework.test.context.support.DirtiesContextBeforeModesTestExecutionListener, org.springframework.test.context.event.ApplicationEventsTestExecutionListener, org.springframework.test.context.support.DependencyInjectionTestExecutionListener, org.springframework.test.context.support.DirtiesContextTestExecutionListener, org.springframework.test.context.transaction.TransactionalTestExecutionListener, org.springframework.test.context.jdbc.SqlScriptsTestExecutionListener, org.springframework.test.context.event.EventPublishingTestExecutionListener]
2026-10-05 12:11:28 [main] INFO  org.springframework.test.context.web.WebTestContextBootstrapper - Using TestExecutionListeners: [org.springframework.test.context.web.ServletTestExecutionListener@92d1782, org.springframework.test.context.support.DirtiesContextBeforeModesTestExecutionListener@6a1ef65c, org.springframework.test.context.event.ApplicationEventsTestExecutionListener@72976b4, org.springframework.boot.test.mock.mockito.MockitoTestExecutionListener@726934e2, org.springframework.test.context.support.DependencyInjectionTestExecutionListener@1319bc2a, org.springframework.test.context.support.DirtiesContextTestExecutionListener@e280403, org.springframework.test.context.transaction.TransactionalTestExecutionListener@42f85fa4, org.springframework.test.context.jdbc.SqlScriptsTestExecutionListener@798dad3d, org.springframework.test.context.event.EventPublishingTestExecutionListener@27abb6ca, org.springframework.boot.test.mock.mockito.ResetMocksTestExecutionListener@696db620, org.springframework.boot.test.autoconfigure.restdocs.RestDocsTestExecutionListener@6968c1d6, org.springframework.boot.test.autoconfigure.web.client.MockRestServiceServerResetTestExecutionListener@7d986d83, org.springframework.boot.test.autoconfigure.web.servlet.MockMvcPrintOnlyOnFailureTestExecutionListener@77f991c, org.springframework.boot.test.autoconfigure.web.servlet.WebDriverTestExecutionListener@3a7e365, org.springframework.boot.test.autoconfigure.webservices.client.MockWebServiceServerTestExecutionListener@2ceee4b6]
2026-10-05 12:11:29 [main] INFO  org.springframework.security.web.DefaultSecurityFilterChain - Will secure any request with [org.springframework.security.web.session.DisableEncodeUrlFilter@54329480, org.springframework.security.web.context.request.async.WebAsyncManagerIntegrationFilter@590013c7, org.springframework.security.web.context.SecurityContextPersistenceFilter@1cde374, org.springframework.security.web.header.HeaderWriterFilter@3a109ff7, org.springframework.web.filter.CorsFilter@64f32e9e, org.springframework.security.web.authentication.logout.LogoutFilter@7159d601, com.ninimum.api.security.jwt.JwtAuthenticationFilter@7b211077, com.ninimum.api.security.filter.UserAuthenticationFilter@3b770d07, com.ninimum.api.security.filter.AdminAuthenticationFilter@62b0bf85, org.springframework.security.web.savedrequest.RequestCacheAwareFilter@28daf506, org.springframework.security.web.servletapi.SecurityContextHolderAwareRequestFilter@4662752a, org.springframework.security.web.authentication.AnonymousAuthenticationFilter@1fcaea93, org.springframework.security.web.session.SessionManagementFilter@78b0ec3a, org.springframework.security.web.access.ExceptionTranslationFilter@8f2e3e6, org.springframework.security.web.access.intercept.AuthorizationFilter@356b6b5d]
2026-10-05 12:11:29 [main] WARN  org.springframework.security.config.annotation.web.builders.WebSecurity - You are asking Spring Security to ignore Ant [pattern='/**/webjars/**']. This is not recommended -- please use permitAll via HttpSecurity#authorizeHttpRequests instead.
2026-10-05 12:11:29 [main] INFO  org.springframework.security.web.DefaultSecurityFilterChain - Will not secure Ant [pattern='/**/webjars/**']
2026-10-05 12:11:29 [main] WARN  org.springframework.security.config.annotation.web.builders.WebSecurity - You are asking Spring Security to ignore Ant [pattern='/uploads/**']. This is not recommended -- please use permitAll via HttpSecurity#authorizeHttpRequests instead.
2026-10-05 12:11:29 [main] INFO  org.springframework.security.web.DefaultSecurityFilterChain - Will not secure Ant [pattern='/uploads/**']
2026-10-05 12:11:29 [main] WARN  org.springframework.security.config.annotation.web.builders.WebSecurity - You are asking Spring Security to ignore Ant [pattern='/v2/api-docs']. This is not recommended -- please use permitAll via HttpSecurity#authorizeHttpRequests instead.
2026-10-05 12:11:29 [main] INFO  org.springframework.security.web.DefaultSecurityFilterChain - Will not secure Ant [pattern='/v2/api-docs']
2026-10-05 12:11:29 [main] WARN  org.springframework.security.config.annotation.web.builders.WebSecurity - You are asking Spring Security to ignore Ant [pattern='/swagger-resources']. This is not recommended -- please use permitAll via HttpSecurity#authorizeHttpRequests instead.
2026-10-05 12:11:29 [main] INFO  org.springframework.security.web.DefaultSecurityFilterChain - Will not secure Ant [pattern='/swagger-resources']
2026-10-05 12:11:29 [main] WARN  org.springframework.security.config.annotation.web.builders.WebSecurity - You are asking Spring Security to ignore Ant [pattern='/swagger-resources/**']. This is not recommended -- please use permitAll via HttpSecurity#authorizeHttpRequests instead.
2026-10-05 12:11:29 [main] INFO  org.springframework.security.web.DefaultSecurityFilterChain - Will not secure Ant [pattern='/swagger-resources/**']
2026-10-05 12:11:29 [main] WARN  org.springframework.security.config.annotation.web.builders.WebSecurity - You are asking Spring Security to ignore Ant [pattern='/configuration/ui']. This is not recommended -- please use permitAll via HttpSecurity#authorizeHttpRequests instead.
2026-10-05 12:11:29 [main] INFO  org.springframework.security.web.DefaultSecurityFilterChain - Will not secure Ant [pattern='/configuration/ui']
2026-10-05 12:11:29 [main] WARN  org.springframework.security.config.annotation.web.builders.WebSecurity - You are asking Spring Security to ignore Ant [pattern='/configuration/security']. This is not recommended -- please use permitAll via HttpSecurity#authorizeHttpRequests instead.
2026-10-05 12:11:29 [main] INFO  org.springframework.security.web.DefaultSecurityFilterChain - Will not secure Ant [pattern='/configuration/security']
2026-10-05 12:11:29 [main] WARN  org.springframework.security.config.annotation.web.builders.WebSecurity - You are asking Spring Security to ignore Ant [pattern='/swagger-ui/**']. This is not recommended -- please use permitAll via HttpSecurity#authorizeHttpRequests instead.
2026-10-05 12:11:29 [main] INFO  org.springframework.security.web.DefaultSecurityFilterChain - Will not secure Ant [pattern='/swagger-ui/**']
2026-10-05 12:11:29 [main] WARN  org.springframework.security.config.annotation.web.builders.WebSecurity - You are asking Spring Security to ignore Ant [pattern='/webjars/**']. This is not recommended -- please use permitAll via HttpSecurity#authorizeHttpRequests instead.
2026-10-05 12:11:29 [main] INFO  org.springframework.security.web.DefaultSecurityFilterChain - Will not secure Ant [pattern='/webjars/**']
2026-10-05 12:11:29 [main] WARN  org.springframework.security.config.annotation.web.builders.WebSecurity - You are asking Spring Security to ignore Ant [pattern='/v3/api-docs/**']. This is not recommended -- please use permitAll via HttpSecurity#authorizeHttpRequests instead.
2026-10-05 12:11:29 [main] INFO  org.springframework.security.web.DefaultSecurityFilterChain - Will not secure Ant [pattern='/v3/api-docs/**']
2026-10-05 12:11:29 [main] WARN  org.springframework.security.config.annotation.web.builders.WebSecurity - You are asking Spring Security to ignore Ant [pattern='/actuator/health/**']. This is not recommended -- please use permitAll via HttpSecurity#authorizeHttpRequests instead.
2026-10-05 12:11:29 [main] INFO  org.springframework.security.web.DefaultSecurityFilterChain - Will not secure Ant [pattern='/actuator/health/**']
2026-10-05 12:11:29 [main] WARN  org.springframework.security.config.annotation.web.builders.WebSecurity - You are asking Spring Security to ignore Ant [pattern='/actuator/info']. This is not recommended -- please use permitAll via HttpSecurity#authorizeHttpRequests instead.
2026-10-05 12:11:29 [main] INFO  org.springframework.security.web.DefaultSecurityFilterChain - Will not secure Ant [pattern='/actuator/info']
2026-10-05 12:11:29 [main] WARN  org.springframework.security.config.annotation.web.builders.WebSecurity - You are asking Spring Security to ignore Ant [pattern='/ninimum/actuator/**']. This is not recommended -- please use permitAll via HttpSecurity#authorizeHttpRequests instead.
2026-10-05 12:11:29 [main] INFO  org.springframework.security.web.DefaultSecurityFilterChain - Will not secure Ant [pattern='/ninimum/actuator/**']
2026-10-05 12:11:29 [main] WARN  org.springframework.security.config.annotation.web.builders.WebSecurity - You are asking Spring Security to ignore Ant [pattern='/api/v1/status']. This is not recommended -- please use permitAll via HttpSecurity#authorizeHttpRequests instead.
2026-10-05 12:11:29 [main] INFO  org.springframework.security.web.DefaultSecurityFilterChain - Will not secure Ant [pattern='/api/v1/status']
2026-10-05 12:11:29 [main] WARN  org.springframework.security.config.annotation.web.builders.WebSecurity - You are asking Spring Security to ignore Ant [pattern='/ninimum/api/v1/status']. This is not recommended -- please use permitAll via HttpSecurity#authorizeHttpRequests instead.
2026-10-05 12:11:29 [main] INFO  org.springframework.security.web.DefaultSecurityFilterChain - Will not secure Ant [pattern='/ninimum/api/v1/status']
2026-10-05 12:11:29 [main] WARN  org.springframework.security.config.annotation.web.builders.WebSecurity - You are asking Spring Security to ignore Ant [pattern='/ninimum/api/v1/user/checkPhoneNumber']. This is not recommended -- please use permitAll via HttpSecurity#authorizeHttpRequests instead.
2026-10-05 12:11:29 [main] INFO  org.springframework.security.web.DefaultSecurityFilterChain - Will not secure Ant [pattern='/ninimum/api/v1/user/checkPhoneNumber']
2026-10-05 12:11:29 [main] WARN  org.springframework.security.config.annotation.web.builders.WebSecurity - You are asking Spring Security to ignore Ant [pattern='/ninimum/api/v1/user/register']. This is not recommended -- please use permitAll via HttpSecurity#authorizeHttpRequests instead.
2026-10-05 12:11:29 [main] INFO  org.springframework.security.web.DefaultSecurityFilterChain - Will not secure Ant [pattern='/ninimum/api/v1/user/register']
2026-10-05 12:11:29 [main] WARN  org.springframework.security.config.annotation.web.builders.WebSecurity - You are asking Spring Security to ignore Ant [pattern='/ninimum/api/v1/message/verifyPhoneNumber']. This is not recommended -- please use permitAll via HttpSecurity#authorizeHttpRequests instead.
2026-10-05 12:11:29 [main] INFO  org.springframework.security.web.DefaultSecurityFilterChain - Will not secure Ant [pattern='/ninimum/api/v1/message/verifyPhoneNumber']
2026-10-05 12:11:29 [main] WARN  org.springframework.security.config.annotation.web.builders.WebSecurity - You are asking Spring Security to ignore Ant [pattern='/ninimum/api/v1/message/sendTemporaryPassword']. This is not recommended -- please use permitAll via HttpSecurity#authorizeHttpRequests instead.
2026-10-05 12:11:29 [main] INFO  org.springframework.security.web.DefaultSecurityFilterChain - Will not secure Ant [pattern='/ninimum/api/v1/message/sendTemporaryPassword']
2026-10-05 12:11:29 [main] WARN  org.springframework.security.config.annotation.web.builders.WebSecurity - You are asking Spring Security to ignore Ant [pattern='/ninimum/api/v1/payment/payme/callback']. This is not recommended -- please use permitAll via HttpSecurity#authorizeHttpRequests instead.
2026-10-05 12:11:29 [main] INFO  org.springframework.security.web.DefaultSecurityFilterChain - Will not secure Ant [pattern='/ninimum/api/v1/payment/payme/callback']
2026-10-05 12:11:29 [main] WARN  org.springframework.security.config.annotation.web.builders.WebSecurity - You are asking Spring Security to ignore Ant [pattern='/error']. This is not recommended -- please use permitAll via HttpSecurity#authorizeHttpRequests instead.
2026-10-05 12:11:29 [main] INFO  org.springframework.security.web.DefaultSecurityFilterChain - Will not secure Ant [pattern='/error']
2026-10-05 12:11:29 [main] INFO  org.springframework.mock.web.MockServletContext - Initializing Spring TestDispatcherServlet ''
2026-10-05 12:11:29 [main] INFO  org.springframework.test.web.servlet.TestDispatcherServlet - Initializing Servlet ''
2026-10-05 12:11:29 [main] INFO  org.springframework.test.web.servlet.TestDispatcherServlet - Completed initialization in 1 ms
2026-10-05 12:11:29 [main] INFO  org.springframework.mock.web.MockServletContext - Initializing Spring TestDispatcherServlet ''
2026-10-05 12:11:29 [main] INFO  org.springframework.test.web.servlet.TestDispatcherServlet - Initializing Servlet ''
2026-10-05 12:11:29 [main] INFO  org.springframework.test.web.servlet.TestDispatcherServlet - Completed initialization in 1 ms
2026-10-05 12:11:29 [main] INFO  org.springframework.mock.web.MockServletContext - Initializing Spring TestDispatcherServlet ''
2026-10-05 12:11:29 [main] INFO  org.springframework.test.web.servlet.TestDispatcherServlet - Initializing Servlet ''
2026-10-05 12:11:29 [main] INFO  org.springframework.test.web.servlet.TestDispatcherServlet - Completed initialization in 0 ms
2026-10-05 12:11:29 [main] INFO  org.springframework.mock.web.MockServletContext - Initializing Spring TestDispatcherServlet ''
2026-10-05 12:11:29 [main] INFO  org.springframework.test.web.servlet.TestDispatcherServlet - Initializing Servlet ''
2026-10-05 12:11:29 [main] INFO  org.springframework.test.web.servlet.TestDispatcherServlet - Completed initialization in 1 ms
2026-10-05 12:11:29 [main] INFO  org.springframework.mock.web.MockServletContext - Initializing Spring TestDispatcherServlet ''
2026-10-05 12:11:29 [main] INFO  org.springframework.test.web.servlet.TestDispatcherServlet - Initializing Servlet ''
2026-10-05 12:11:29 [main] INFO  org.springframework.test.web.servlet.TestDispatcherServlet - Completed initialization in 1 ms
2026-10-05 12:11:29 [main] INFO  org.springframework.mock.web.MockServletContext - Initializing Spring TestDispatcherServlet ''
2026-10-05 12:11:29 [main] INFO  org.springframework.test.web.servlet.TestDispatcherServlet - Initializing Servlet ''
2026-10-05 12:11:30 [main] INFO  org.springframework.test.web.servlet.TestDispatcherServlet - Completed initialization in 1 ms
2026-10-05 13:39:59 [main] INFO  org.springframework.test.context.web.WebTestContextBootstrapper - Loaded default TestExecutionListener class names from location [META-INF/spring.factories]: [org.springframework.boot.test.mock.mockito.MockitoTestExecutionListener, org.springframework.boot.test.mock.mockito.ResetMocksTestExecutionListener, org.springframework.boot.test.autoconfigure.restdocs.RestDocsTestExecutionListener, org.springframework.boot.test.autoconfigure.web.client.MockRestServiceServerResetTestExecutionListener, org.springframework.boot.test.autoconfigure.web.servlet.MockMvcPrintOnlyOnFailureTestExecutionListener, org.springframework.boot.test.autoconfigure.web.servlet.WebDriverTestExecutionListener, org.springframework.boot.test.autoconfigure.webservices.client.MockWebServiceServerTestExecutionListener, org.springframework.test.context.web.ServletTestExecutionListener, org.springframework.test.context.support.DirtiesContextBeforeModesTestExecutionListener, org.springframework.test.context.event.ApplicationEventsTestExecutionListener, org.springframework.test.context.support.DependencyInjectionTestExecutionListener, org.springframework.test.context.support.DirtiesContextTestExecutionListener, org.springframework.test.context.transaction.TransactionalTestExecutionListener, org.springframework.test.context.jdbc.SqlScriptsTestExecutionListener, org.springframework.test.context.event.EventPublishingTestExecutionListener]
2026-10-05 13:39:59 [main] INFO  org.springframework.test.context.web.WebTestContextBootstrapper - Using TestExecutionListeners: [org.springframework.test.context.web.ServletTestExecutionListener@72976b4, org.springframework.test.context.support.DirtiesContextBeforeModesTestExecutionListener@726934e2, org.springframework.test.context.event.ApplicationEventsTestExecutionListener@1319bc2a, org.springframework.boot.test.mock.mockito.MockitoTestExecutionListener@e280403, org.springframework.test.context.support.DependencyInjectionTestExecutionListener@42f85fa4, org.springframework.test.context.support.DirtiesContextTestExecutionListener@798dad3d, org.springframework.test.context.transaction.TransactionalTestExecutionListener@27abb6ca, org.springframework.test.context.jdbc.SqlScriptsTestExecutionListener@696db620, org.springframework.test.context.event.EventPublishingTestExecutionListener@6968c1d6, org.springframework.boot.test.mock.mockito.ResetMocksTestExecutionListener@7d986d83, org.springframework.boot.test.autoconfigure.restdocs.RestDocsTestExecutionListener@77f991c, org.springframework.boot.test.autoconfigure.web.client.MockRestServiceServerResetTestExecutionListener@3a7e365, org.springframework.boot.test.autoconfigure.web.servlet.MockMvcPrintOnlyOnFailureTestExecutionListener@2ceee4b6, org.springframework.boot.test.autoconfigure.web.servlet.WebDriverTestExecutionListener@12a470dd, org.springframework.boot.test.autoconfigure.webservices.client.MockWebServiceServerTestExecutionListener@6968bcec]
2026-10-05 13:40:04 [main] INFO  org.springframework.security.web.DefaultSecurityFilterChain - Will secure any request with [org.springframework.security.web.session.DisableEncodeUrlFilter@64f32e9e, org.springframework.security.web.context.request.async.WebAsyncManagerIntegrationFilter@7b211077, org.springframework.security.web.context.SecurityContextPersistenceFilter@9263c54, org.springframework.security.web.header.HeaderWriterFilter@1a2773a8, org.springframework.web.filter.CorsFilter@3b770d07, org.springframework.security.web.authentication.logout.LogoutFilter@33d230ce, com.ninimum.api.security.jwt.JwtAuthenticationFilter@62b0bf85, com.ninimum.api.security.filter.UserAuthenticationFilter@1fcaea93, com.ninimum.api.security.filter.AdminAuthenticationFilter@6c9bf3b5, org.springframework.security.web.savedrequest.RequestCacheAwareFilter@693f2213, org.springframework.security.web.servletapi.SecurityContextHolderAwareRequestFilter@514377fc, org.springframework.security.web.authentication.AnonymousAuthenticationFilter@6f07d414, org.springframework.security.web.session.SessionManagementFilter@4f213a2, org.springframework.security.web.access.ExceptionTranslationFilter@6c8efde4, org.springframework.security.web.access.intercept.AuthorizationFilter@1187dc82]
2026-10-05 13:40:04 [main] WARN  org.springframework.security.config.annotation.web.builders.WebSecurity - You are asking Spring Security to ignore Ant [pattern='/**/webjars/**']. This is not recommended -- please use permitAll via HttpSecurity#authorizeHttpRequests instead.
2026-10-05 13:40:04 [main] INFO  org.springframework.security.web.DefaultSecurityFilterChain - Will not secure Ant [pattern='/**/webjars/**']
2026-10-05 13:40:04 [main] WARN  org.springframework.security.config.annotation.web.builders.WebSecurity - You are asking Spring Security to ignore Ant [pattern='/uploads/**']. This is not recommended -- please use permitAll via HttpSecurity#authorizeHttpRequests instead.
2026-10-05 13:40:04 [main] INFO  org.springframework.security.web.DefaultSecurityFilterChain - Will not secure Ant [pattern='/uploads/**']
2026-10-05 13:40:04 [main] WARN  org.springframework.security.config.annotation.web.builders.WebSecurity - You are asking Spring Security to ignore Ant [pattern='/v2/api-docs']. This is not recommended -- please use permitAll via HttpSecurity#authorizeHttpRequests instead.
2026-10-05 13:40:04 [main] INFO  org.springframework.security.web.DefaultSecurityFilterChain - Will not secure Ant [pattern='/v2/api-docs']
2026-10-05 13:40:04 [main] WARN  org.springframework.security.config.annotation.web.builders.WebSecurity - You are asking Spring Security to ignore Ant [pattern='/swagger-resources']. This is not recommended -- please use permitAll via HttpSecurity#authorizeHttpRequests instead.
2026-10-05 13:40:04 [main] INFO  org.springframework.security.web.DefaultSecurityFilterChain - Will not secure Ant [pattern='/swagger-resources']
2026-10-05 13:40:04 [main] WARN  org.springframework.security.config.annotation.web.builders.WebSecurity - You are asking Spring Security to ignore Ant [pattern='/swagger-resources/**']. This is not recommended -- please use permitAll via HttpSecurity#authorizeHttpRequests instead.
2026-10-05 13:40:04 [main] INFO  org.springframework.security.web.DefaultSecurityFilterChain - Will not secure Ant [pattern='/swagger-resources/**']
2026-10-05 13:40:04 [main] WARN  org.springframework.security.config.annotation.web.builders.WebSecurity - You are asking Spring Security to ignore Ant [pattern='/configuration/ui']. This is not recommended -- please use permitAll via HttpSecurity#authorizeHttpRequests instead.
2026-10-05 13:40:04 [main] INFO  org.springframework.security.web.DefaultSecurityFilterChain - Will not secure Ant [pattern='/configuration/ui']
2026-10-05 13:40:04 [main] WARN  org.springframework.security.config.annotation.web.builders.WebSecurity - You are asking Spring Security to ignore Ant [pattern='/configuration/security']. This is not recommended -- please use permitAll via HttpSecurity#authorizeHttpRequests instead.
2026-10-05 13:40:04 [main] INFO  org.springframework.security.web.DefaultSecurityFilterChain - Will not secure Ant [pattern='/configuration/security']
2026-10-05 13:40:04 [main] WARN  org.springframework.security.config.annotation.web.builders.WebSecurity - You are asking Spring Security to ignore Ant [pattern='/swagger-ui/**']. This is not recommended -- please use permitAll via HttpSecurity#authorizeHttpRequests instead.
2026-10-05 13:40:04 [main] INFO  org.springframework.security.web.DefaultSecurityFilterChain - Will not secure Ant [pattern='/swagger-ui/**']
2026-10-05 13:40:04 [main] WARN  org.springframework.security.config.annotation.web.builders.WebSecurity - You are asking Spring Security to ignore Ant [pattern='/webjars/**']. This is not recommended -- please use permitAll via HttpSecurity#authorizeHttpRequests instead.
2026-10-05 13:40:04 [main] INFO  org.springframework.security.web.DefaultSecurityFilterChain - Will not secure Ant [pattern='/webjars/**']
2026-10-05 13:40:04 [main] WARN  org.springframework.security.config.annotation.web.builders.WebSecurity - You are asking Spring Security to ignore Ant [pattern='/v3/api-docs/**']. This is not recommended -- please use permitAll via HttpSecurity#authorizeHttpRequests instead.
2026-10-05 13:40:04 [main] INFO  org.springframework.security.web.DefaultSecurityFilterChain - Will not secure Ant [pattern='/v3/api-docs/**']
2026-10-05 13:40:04 [main] WARN  org.springframework.security.config.annotation.web.builders.WebSecurity - You are asking Spring Security to ignore Ant [pattern='/actuator/health/**']. This is not recommended -- please use permitAll via HttpSecurity#authorizeHttpRequests instead.
2026-10-05 13:40:04 [main] INFO  org.springframework.security.web.DefaultSecurityFilterChain - Will not secure Ant [pattern='/actuator/health/**']
2026-10-05 13:40:04 [main] WARN  org.springframework.security.config.annotation.web.builders.WebSecurity - You are asking Spring Security to ignore Ant [pattern='/actuator/info']. This is not recommended -- please use permitAll via HttpSecurity#authorizeHttpRequests instead.
2026-10-05 13:40:04 [main] INFO  org.springframework.security.web.DefaultSecurityFilterChain - Will not secure Ant [pattern='/actuator/info']
2026-10-05 13:40:04 [main] WARN  org.springframework.security.config.annotation.web.builders.WebSecurity - You are asking Spring Security to ignore Ant [pattern='/ninimum/actuator/**']. This is not recommended -- please use permitAll via HttpSecurity#authorizeHttpRequests instead.
2026-10-05 13:40:04 [main] INFO  org.springframework.security.web.DefaultSecurityFilterChain - Will not secure Ant [pattern='/ninimum/actuator/**']
2026-10-05 13:40:04 [main] WARN  org.springframework.security.config.annotation.web.builders.WebSecurity - You are asking Spring Security to ignore Ant [pattern='/api/v1/status']. This is not recommended -- please use permitAll via HttpSecurity#authorizeHttpRequests instead.
2026-10-05 13:40:04 [main] INFO  org.springframework.security.web.DefaultSecurityFilterChain - Will not secure Ant [pattern='/api/v1/status']
2026-10-05 13:40:04 [main] WARN  org.springframework.security.config.annotation.web.builders.WebSecurity - You are asking Spring Security to ignore Ant [pattern='/ninimum/api/v1/status']. This is not recommended -- please use permitAll via HttpSecurity#authorizeHttpRequests instead.
2026-10-05 13:40:04 [main] INFO  org.springframework.security.web.DefaultSecurityFilterChain - Will not secure Ant [pattern='/ninimum/api/v1/status']
2026-10-05 13:40:04 [main] WARN  org.springframework.security.config.annotation.web.builders.WebSecurity - You are asking Spring Security to ignore Ant [pattern='/ninimum/api/v1/user/checkPhoneNumber']. This is not recommended -- please use permitAll via HttpSecurity#authorizeHttpRequests instead.
2026-10-05 13:40:04 [main] INFO  org.springframework.security.web.DefaultSecurityFilterChain - Will not secure Ant [pattern='/ninimum/api/v1/user/checkPhoneNumber']
2026-10-05 13:40:04 [main] WARN  org.springframework.security.config.annotation.web.builders.WebSecurity - You are asking Spring Security to ignore Ant [pattern='/ninimum/api/v1/user/register']. This is not recommended -- please use permitAll via HttpSecurity#authorizeHttpRequests instead.
2026-10-05 13:40:04 [main] INFO  org.springframework.security.web.DefaultSecurityFilterChain - Will not secure Ant [pattern='/ninimum/api/v1/user/register']
2026-10-05 13:40:04 [main] WARN  org.springframework.security.config.annotation.web.builders.WebSecurity - You are asking Spring Security to ignore Ant [pattern='/ninimum/api/v1/message/verifyPhoneNumber']. This is not recommended -- please use permitAll via HttpSecurity#authorizeHttpRequests instead.
2026-10-05 13:40:04 [main] INFO  org.springframework.security.web.DefaultSecurityFilterChain - Will not secure Ant [pattern='/ninimum/api/v1/message/verifyPhoneNumber']
2026-10-05 13:40:04 [main] WARN  org.springframework.security.config.annotation.web.builders.WebSecurity - You are asking Spring Security to ignore Ant [pattern='/ninimum/api/v1/message/sendTemporaryPassword']. This is not recommended -- please use permitAll via HttpSecurity#authorizeHttpRequests instead.
2026-10-05 13:40:04 [main] INFO  org.springframework.security.web.DefaultSecurityFilterChain - Will not secure Ant [pattern='/ninimum/api/v1/message/sendTemporaryPassword']
2026-10-05 13:40:04 [main] WARN  org.springframework.security.config.annotation.web.builders.WebSecurity - You are asking Spring Security to ignore Ant [pattern='/ninimum/api/v1/payment/payme/callback']. This is not recommended -- please use permitAll via HttpSecurity#authorizeHttpRequests instead.
2026-10-05 13:40:04 [main] INFO  org.springframework.security.web.DefaultSecurityFilterChain - Will not secure Ant [pattern='/ninimum/api/v1/payment/payme/callback']
2026-10-05 13:40:04 [main] WARN  org.springframework.security.config.annotation.web.builders.WebSecurity - You are asking Spring Security to ignore Ant [pattern='/error']. This is not recommended -- please use permitAll via HttpSecurity#authorizeHttpRequests instead.
2026-10-05 13:40:04 [main] INFO  org.springframework.security.web.DefaultSecurityFilterChain - Will not secure Ant [pattern='/error']
2026-10-05 13:40:05 [main] INFO  org.springframework.mock.web.MockServletContext - Initializing Spring TestDispatcherServlet ''
2026-10-05 13:40:05 [main] INFO  org.springframework.test.web.servlet.TestDispatcherServlet - Initializing Servlet ''
2026-10-05 13:40:05 [main] INFO  org.springframework.test.web.servlet.TestDispatcherServlet - Completed initialization in 1 ms
2026-10-05 13:40:05 [main] INFO  org.springframework.mock.web.MockServletContext - Initializing Spring TestDispatcherServlet ''
2026-10-05 13:40:05 [main] INFO  org.springframework.test.web.servlet.TestDispatcherServlet - Initializing Servlet ''
2026-10-05 13:40:05 [main] INFO  org.springframework.test.web.servlet.TestDispatcherServlet - Completed initialization in 1 ms
2026-10-05 13:40:05 [main] INFO  org.springframework.mock.web.MockServletContext - Initializing Spring TestDispatcherServlet ''
2026-10-05 13:40:05 [main] INFO  org.springframework.test.web.servlet.TestDispatcherServlet - Initializing Servlet ''
2026-10-05 13:40:06 [main] INFO  org.springframework.test.web.servlet.TestDispatcherServlet - Completed initialization in 29 ms
2026-10-05 13:40:06 [main] INFO  org.springframework.mock.web.MockServletContext - Initializing Spring TestDispatcherServlet ''
2026-10-05 13:40:06 [main] INFO  org.springframework.test.web.servlet.TestDispatcherServlet - Initializing Servlet ''
2026-10-05 13:40:06 [main] INFO  org.springframework.test.web.servlet.TestDispatcherServlet - Completed initialization in 0 ms
2026-10-05 13:40:06 [main] INFO  org.springframework.mock.web.MockServletContext - Initializing Spring TestDispatcherServlet ''
2026-10-05 13:40:06 [main] INFO  org.springframework.test.web.servlet.TestDispatcherServlet - Initializing Servlet ''
2026-10-05 13:40:06 [main] INFO  org.springframework.test.web.servlet.TestDispatcherServlet - Completed initialization in 0 ms
2026-10-05 13:40:06 [main] INFO  org.springframework.mock.web.MockServletContext - Initializing Spring TestDispatcherServlet ''
2026-10-05 13:40:06 [main] INFO  org.springframework.test.web.servlet.TestDispatcherServlet - Initializing Servlet ''
2026-10-05 13:40:06 [main] INFO  org.springframework.test.web.servlet.TestDispatcherServlet - Completed initialization in 1 ms
2026-10-05 13:44:28 [main] INFO  org.springframework.test.context.web.WebTestContextBootstrapper - Loaded default TestExecutionListener class names from location [META-INF/spring.factories]: [org.springframework.boot.test.mock.mockito.MockitoTestExecutionListener, org.springframework.boot.test.mock.mockito.ResetMocksTestExecutionListener, org.springframework.boot.test.autoconfigure.restdocs.RestDocsTestExecutionListener, org.springframework.boot.test.autoconfigure.web.client.MockRestServiceServerResetTestExecutionListener, org.springframework.boot.test.autoconfigure.web.servlet.MockMvcPrintOnlyOnFailureTestExecutionListener, org.springframework.boot.test.autoconfigure.web.servlet.WebDriverTestExecutionListener, org.springframework.boot.test.autoconfigure.webservices.client.MockWebServiceServerTestExecutionListener, org.springframework.test.context.web.ServletTestExecutionListener, org.springframework.test.context.support.DirtiesContextBeforeModesTestExecutionListener, org.springframework.test.context.event.ApplicationEventsTestExecutionListener, org.springframework.test.context.support.DependencyInjectionTestExecutionListener, org.springframework.test.context.support.DirtiesContextTestExecutionListener, org.springframework.test.context.transaction.TransactionalTestExecutionListener, org.springframework.test.context.jdbc.SqlScriptsTestExecutionListener, org.springframework.test.context.event.EventPublishingTestExecutionListener]
2026-10-05 13:44:28 [main] INFO  org.springframework.test.context.web.WebTestContextBootstrapper - Using TestExecutionListeners: [org.springframework.test.context.web.ServletTestExecutionListener@72976b4, org.springframework.test.context.support.DirtiesContextBeforeModesTestExecutionListener@726934e2, org.springframework.test.context.event.ApplicationEventsTestExecutionListener@1319bc2a, org.springframework.boot.test.mock.mockito.MockitoTestExecutionListener@e280403, org.springframework.test.context.support.DependencyInjectionTestExecutionListener@42f85fa4, org.springframework.test.context.support.DirtiesContextTestExecutionListener@798dad3d, org.springframework.test.context.transaction.TransactionalTestExecutionListener@27abb6ca, org.springframework.test.context.jdbc.SqlScriptsTestExecutionListener@696db620, org.springframework.test.context.event.EventPublishingTestExecutionListener@6968c1d6, org.springframework.boot.test.mock.mockito.ResetMocksTestExecutionListener@7d986d83, org.springframework.boot.test.autoconfigure.restdocs.RestDocsTestExecutionListener@77f991c, org.springframework.boot.test.autoconfigure.web.client.MockRestServiceServerResetTestExecutionListener@3a7e365, org.springframework.boot.test.autoconfigure.web.servlet.MockMvcPrintOnlyOnFailureTestExecutionListener@2ceee4b6, org.springframework.boot.test.autoconfigure.web.servlet.WebDriverTestExecutionListener@12a470dd, org.springframework.boot.test.autoconfigure.webservices.client.MockWebServiceServerTestExecutionListener@6968bcec]
2026-10-05 13:44:28 [main] INFO  org.springframework.security.web.DefaultSecurityFilterChain - Will secure any request with [org.springframework.security.web.session.DisableEncodeUrlFilter@64f32e9e, org.springframework.security.web.context.request.async.WebAsyncManagerIntegrationFilter@7b211077, org.springframework.security.web.context.SecurityContextPersistenceFilter@9263c54, org.springframework.security.web.header.HeaderWriterFilter@1a2773a8, org.springframework.web.filter.CorsFilter@3b770d07, org.springframework.security.web.authentication.logout.LogoutFilter@33d230ce, com.ninimum.api.security.jwt.JwtAuthenticationFilter@62b0bf85, com.ninimum.api.security.filter.UserAuthenticationFilter@1fcaea93, com.ninimum.api.security.filter.AdminAuthenticationFilter@6c9bf3b5, org.springframework.security.web.savedrequest.RequestCacheAwareFilter@693f2213, org.springframework.security.web.servletapi.SecurityContextHolderAwareRequestFilter@514377fc, org.springframework.security.web.authentication.AnonymousAuthenticationFilter@6f07d414, org.springframework.security.web.session.SessionManagementFilter@4f213a2, org.springframework.security.web.access.ExceptionTranslationFilter@6c8efde4, org.springframework.security.web.access.intercept.AuthorizationFilter@1187dc82]
2026-10-05 13:44:28 [main] WARN  org.springframework.security.config.annotation.web.builders.WebSecurity - You are asking Spring Security to ignore Ant [pattern='/**/webjars/**']. This is not recommended -- please use permitAll via HttpSecurity#authorizeHttpRequests instead.
2026-10-05 13:44:28 [main] INFO  org.springframework.security.web.DefaultSecurityFilterChain - Will not secure Ant [pattern='/**/webjars/**']
2026-10-05 13:44:28 [main] WARN  org.springframework.security.config.annotation.web.builders.WebSecurity - You are asking Spring Security to ignore Ant [pattern='/uploads/**']. This is not recommended -- please use permitAll via HttpSecurity#authorizeHttpRequests instead.
2026-10-05 13:44:28 [main] INFO  org.springframework.security.web.DefaultSecurityFilterChain - Will not secure Ant [pattern='/uploads/**']
2026-10-05 13:44:28 [main] WARN  org.springframework.security.config.annotation.web.builders.WebSecurity - You are asking Spring Security to ignore Ant [pattern='/v2/api-docs']. This is not recommended -- please use permitAll via HttpSecurity#authorizeHttpRequests instead.
2026-10-05 13:44:28 [main] INFO  org.springframework.security.web.DefaultSecurityFilterChain - Will not secure Ant [pattern='/v2/api-docs']
2026-10-05 13:44:28 [main] WARN  org.springframework.security.config.annotation.web.builders.WebSecurity - You are asking Spring Security to ignore Ant [pattern='/swagger-resources']. This is not recommended -- please use permitAll via HttpSecurity#authorizeHttpRequests instead.
2026-10-05 13:44:28 [main] INFO  org.springframework.security.web.DefaultSecurityFilterChain - Will not secure Ant [pattern='/swagger-resources']
2026-10-05 13:44:28 [main] WARN  org.springframework.security.config.annotation.web.builders.WebSecurity - You are asking Spring Security to ignore Ant [pattern='/swagger-resources/**']. This is not recommended -- please use permitAll via HttpSecurity#authorizeHttpRequests instead.
2026-10-05 13:44:28 [main] INFO  org.springframework.security.web.DefaultSecurityFilterChain - Will not secure Ant [pattern='/swagger-resources/**']
2026-10-05 13:44:28 [main] WARN  org.springframework.security.config.annotation.web.builders.WebSecurity - You are asking Spring Security to ignore Ant [pattern='/configuration/ui']. This is not recommended -- please use permitAll via HttpSecurity#authorizeHttpRequests instead.
2026-10-05 13:44:28 [main] INFO  org.springframework.security.web.DefaultSecurityFilterChain - Will not secure Ant [pattern='/configuration/ui']
2026-10-05 13:44:28 [main] WARN  org.springframework.security.config.annotation.web.builders.WebSecurity - You are asking Spring Security to ignore Ant [pattern='/configuration/security']. This is not recommended -- please use permitAll via HttpSecurity#authorizeHttpRequests instead.
2026-10-05 13:44:28 [main] INFO  org.springframework.security.web.DefaultSecurityFilterChain - Will not secure Ant [pattern='/configuration/security']
2026-10-05 13:44:28 [main] WARN  org.springframework.security.config.annotation.web.builders.WebSecurity - You are asking Spring Security to ignore Ant [pattern='/swagger-ui/**']. This is not recommended -- please use permitAll via HttpSecurity#authorizeHttpRequests instead.
2026-10-05 13:44:29 [main] INFO  org.springframework.security.web.DefaultSecurityFilterChain - Will not secure Ant [pattern='/swagger-ui/**']
2026-10-05 13:44:29 [main] WARN  org.springframework.security.config.annotation.web.builders.WebSecurity - You are asking Spring Security to ignore Ant [pattern='/webjars/**']. This is not recommended -- please use permitAll via HttpSecurity#authorizeHttpRequests instead.
2026-10-05 13:44:29 [main] INFO  org.springframework.security.web.DefaultSecurityFilterChain - Will not secure Ant [pattern='/webjars/**']
2026-10-05 13:44:29 [main] WARN  org.springframework.security.config.annotation.web.builders.WebSecurity - You are asking Spring Security to ignore Ant [pattern='/v3/api-docs/**']. This is not recommended -- please use permitAll via HttpSecurity#authorizeHttpRequests instead.
2026-10-05 13:44:29 [main] INFO  org.springframework.security.web.DefaultSecurityFilterChain - Will not secure Ant [pattern='/v3/api-docs/**']
2026-10-05 13:44:29 [main] WARN  org.springframework.security.config.annotation.web.builders.WebSecurity - You are asking Spring Security to ignore Ant [pattern='/actuator/health/**']. This is not recommended -- please use permitAll via HttpSecurity#authorizeHttpRequests instead.
2026-10-05 13:44:29 [main] INFO  org.springframework.security.web.DefaultSecurityFilterChain - Will not secure Ant [pattern='/actuator/health/**']
2026-10-05 13:44:29 [main] WARN  org.springframework.security.config.annotation.web.builders.WebSecurity - You are asking Spring Security to ignore Ant [pattern='/actuator/info']. This is not recommended -- please use permitAll via HttpSecurity#authorizeHttpRequests instead.
2026-10-05 13:44:29 [main] INFO  org.springframework.security.web.DefaultSecurityFilterChain - Will not secure Ant [pattern='/actuator/info']
2026-10-05 13:44:29 [main] WARN  org.springframework.security.config.annotation.web.builders.WebSecurity - You are asking Spring Security to ignore Ant [pattern='/ninimum/actuator/**']. This is not recommended -- please use permitAll via HttpSecurity#authorizeHttpRequests instead.
2026-10-05 13:44:29 [main] INFO  org.springframework.security.web.DefaultSecurityFilterChain - Will not secure Ant [pattern='/ninimum/actuator/**']
2026-10-05 13:44:29 [main] WARN  org.springframework.security.config.annotation.web.builders.WebSecurity - You are asking Spring Security to ignore Ant [pattern='/api/v1/status']. This is not recommended -- please use permitAll via HttpSecurity#authorizeHttpRequests instead.
2026-10-05 13:44:29 [main] INFO  org.springframework.security.web.DefaultSecurityFilterChain - Will not secure Ant [pattern='/api/v1/status']
2026-10-05 13:44:29 [main] WARN  org.springframework.security.config.annotation.web.builders.WebSecurity - You are asking Spring Security to ignore Ant [pattern='/ninimum/api/v1/status']. This is not recommended -- please use permitAll via HttpSecurity#authorizeHttpRequests instead.
2026-10-05 13:44:29 [main] INFO  org.springframework.security.web.DefaultSecurityFilterChain - Will not secure Ant [pattern='/ninimum/api/v1/status']
2026-10-05 13:44:29 [main] WARN  org.springframework.security.config.annotation.web.builders.WebSecurity - You are asking Spring Security to ignore Ant [pattern='/ninimum/api/v1/user/checkPhoneNumber']. This is not recommended -- please use permitAll via HttpSecurity#authorizeHttpRequests instead.
2026-10-05 13:44:29 [main] INFO  org.springframework.security.web.DefaultSecurityFilterChain - Will not secure Ant [pattern='/ninimum/api/v1/user/checkPhoneNumber']
2026-10-05 13:44:29 [main] WARN  org.springframework.security.config.annotation.web.builders.WebSecurity - You are asking Spring Security to ignore Ant [pattern='/ninimum/api/v1/user/register']. This is not recommended -- please use permitAll via HttpSecurity#authorizeHttpRequests instead.
2026-10-05 13:44:29 [main] INFO  org.springframework.security.web.DefaultSecurityFilterChain - Will not secure Ant [pattern='/ninimum/api/v1/user/register']
2026-10-05 13:44:29 [main] WARN  org.springframework.security.config.annotation.web.builders.WebSecurity - You are asking Spring Security to ignore Ant [pattern='/ninimum/api/v1/message/verifyPhoneNumber']. This is not recommended -- please use permitAll via HttpSecurity#authorizeHttpRequests instead.
2026-10-05 13:44:29 [main] INFO  org.springframework.security.web.DefaultSecurityFilterChain - Will not secure Ant [pattern='/ninimum/api/v1/message/verifyPhoneNumber']
2026-10-05 13:44:29 [main] WARN  org.springframework.security.config.annotation.web.builders.WebSecurity - You are asking Spring Security to ignore Ant [pattern='/ninimum/api/v1/message/sendTemporaryPassword']. This is not recommended -- please use permitAll via HttpSecurity#authorizeHttpRequests instead.
2026-10-05 13:44:29 [main] INFO  org.springframework.security.web.DefaultSecurityFilterChain - Will not secure Ant [pattern='/ninimum/api/v1/message/sendTemporaryPassword']
2026-10-05 13:44:29 [main] WARN  org.springframework.security.config.annotation.web.builders.WebSecurity - You are asking Spring Security to ignore Ant [pattern='/ninimum/api/v1/payment/payme/callback']. This is not recommended -- please use permitAll via HttpSecurity#authorizeHttpRequests instead.
2026-10-05 13:44:29 [main] INFO  org.springframework.security.web.DefaultSecurityFilterChain - Will not secure Ant [pattern='/ninimum/api/v1/payment/payme/callback']
2026-10-05 13:44:29 [main] WARN  org.springframework.security.config.annotation.web.builders.WebSecurity - You are asking Spring Security to ignore Ant [pattern='/error']. This is not recommended -- please use permitAll via HttpSecurity#authorizeHttpRequests instead.
2026-10-05 13:44:29 [main] INFO  org.springframework.security.web.DefaultSecurityFilterChain - Will not secure Ant [pattern='/error']
2026-10-05 13:44:29 [main] INFO  org.springframework.mock.web.MockServletContext - Initializing Spring TestDispatcherServlet ''
2026-10-05 13:44:29 [main] INFO  org.springframework.test.web.servlet.TestDispatcherServlet - Initializing Servlet ''
2026-10-05 13:44:29 [main] INFO  org.springframework.test.web.servlet.TestDispatcherServlet - Completed initialization in 1 ms
2026-10-05 13:44:29 [main] INFO  org.springframework.mock.web.MockServletContext - Initializing Spring TestDispatcherServlet ''
2026-10-05 13:44:29 [main] INFO  org.springframework.test.web.servlet.TestDispatcherServlet - Initializing Servlet ''
2026-10-05 13:44:29 [main] INFO  org.springframework.test.web.servlet.TestDispatcherServlet - Completed initialization in 0 ms
2026-10-05 13:44:29 [main] INFO  org.springframework.mock.web.MockServletContext - Initializing Spring TestDispatcherServlet ''
2026-10-05 13:44:29 [main] INFO  org.springframework.test.web.servlet.TestDispatcherServlet - Initializing Servlet ''
2026-10-05 13:44:29 [main] INFO  org.springframework.test.web.servlet.TestDispatcherServlet - Completed initialization in 0 ms
2026-10-05 13:44:29 [main] INFO  org.springframework.mock.web.MockServletContext - Initializing Spring TestDispatcherServlet ''
2026-10-05 13:44:29 [main] INFO  org.springframework.test.web.servlet.TestDispatcherServlet - Initializing Servlet ''
2026-10-05 13:44:29 [main] INFO  org.springframework.test.web.servlet.TestDispatcherServlet - Completed initialization in 1 ms
2026-10-05 13:44:29 [main] INFO  org.springframework.mock.web.MockServletContext - Initializing Spring TestDispatcherServlet ''
2026-10-05 13:44:29 [main] INFO  org.springframework.test.web.servlet.TestDispatcherServlet - Initializing Servlet ''
2026-10-05 13:44:29 [main] INFO  org.springframework.test.web.servlet.TestDispatcherServlet - Completed initialization in 1 ms
2026-10-05 13:44:29 [main] INFO  org.springframework.mock.web.MockServletContext - Initializing Spring TestDispatcherServlet ''
2026-10-05 13:44:29 [main] INFO  org.springframework.test.web.servlet.TestDispatcherServlet - Initializing Servlet ''
2026-10-05 13:44:29 [main] INFO  org.springframework.test.web.servlet.TestDispatcherServlet - Completed initialization in 0 ms
